,0.0,1.0,2.0,3.0,4.0,5.0,,,,0.0,1.0,2.0,3.0,4.0,,,,0.0,1.0,2.0,3.0,4.0,5.0,6.0,,,,0.0,1.0,2.0,3.0,4.0,
0.0,"=max(B$1*$H2,$A2*B$17)","=max(C$1*$H2,$A2*C$17)","=max(D$1*$H2,$A2*D$17)","=max(E$1*$H2,$A2*E$17)","=max(F$1*$H2,$A2*F$17)","=max(G$1*$H2,$A2*G$17)",=14-A2,,0.0,"=max(K$1*$H2,$A2*K$17)","=max(L$1*$H2,$A2*L$17)","=max(M$1*$H2,$A2*M$17)","=max(N$1*$H2,$A2*N$17)","=max(O$1*$H2,$A2*O$17)",=14-J2,,0.0,"=max(S$1*$Z2,$A2*S$12)","=max(T$1*$Z2,$A2*T$12)","=max(U$1*$Z2,$A2*U$12)","=max(V$1*$Z2,$A2*V$12)","=max(W$1*$Z2,$A2*W$12)","=max(X$1*$Z2,$A2*X$12)","=max(Y$1*$Z2,$A2*Y$12)",=9-R2,,0.0,"=max(AC$1*$Z2,$A2*AC$12)","=max(AD$1*$Z2,$A2*AD$12)","=max(AE$1*$Z2,$A2*AE$12)","=max(AF$1*$Z2,$A2*AF$12)","=max(AG$1*$Z2,$A2*AG$12)",=9-AB2
1.0,"=max(B$1*$H3,$A3*B$17)","=max(C$1*$H3,$A3*C$17)","=max(D$1*$H3,$A3*D$17)","=max(E$1*$H3,$A3*E$17)","=max(F$1*$H3,$A3*F$17)","=max(G$1*$H3,$A3*G$17)",=14-A3,,1.0,"=max(K$1*$H3,$A3*K$17)","=max(L$1*$H3,$A3*L$17)","=max(M$1*$H3,$A3*M$17)","=max(N$1*$H3,$A3*N$17)","=max(O$1*$H3,$A3*O$17)",=14-J3,,1.0,"=max(S$1*$Z3,$A3*S$12)","=max(T$1*$Z3,$A3*T$12)","=max(U$1*$Z3,$A3*U$12)","=max(V$1*$Z3,$A3*V$12)","=max(W$1*$Z3,$A3*W$12)","=max(X$1*$Z3,$A3*X$12)","=max(Y$1*$Z3,$A3*Y$12)",=9-R3,,1.0,"=max(AC$1*$Z3,$A3*AC$12)","=max(AD$1*$Z3,$A3*AD$12)","=max(AE$1*$Z3,$A3*AE$12)","=max(AF$1*$Z3,$A3*AF$12)","=max(AG$1*$Z3,$A3*AG$12)",=9-AB3
2.0,"=max(B$1*$H4,$A4*B$17)","=max(C$1*$H4,$A4*C$17)","=max(D$1*$H4,$A4*D$17)","=max(E$1*$H4,$A4*E$17)","=max(F$1*$H4,$A4*F$17)","=max(G$1*$H4,$A4*G$17)",=14-A4,,2.0,"=max(K$1*$H4,$A4*K$17)","=max(L$1*$H4,$A4*L$17)","=max(M$1*$H4,$A4*M$17)","=max(N$1*$H4,$A4*N$17)","=max(O$1*$H4,$A4*O$17)",=14-J4,,2.0,"=max(S$1*$Z4,$A4*S$12)","=max(T$1*$Z4,$A4*T$12)","=max(U$1*$Z4,$A4*U$12)","=max(V$1*$Z4,$A4*V$12)","=max(W$1*$Z4,$A4*W$12)","=max(X$1*$Z4,$A4*X$12)","=max(Y$1*$Z4,$A4*Y$12)",=9-R4,,2.0,"=max(AC$1*$Z4,$A4*AC$12)","=max(AD$1*$Z4,$A4*AD$12)","=max(AE$1*$Z4,$A4*AE$12)","=max(AF$1*$Z4,$A4*AF$12)","=max(AG$1*$Z4,$A4*AG$12)",=9-AB4
3.0,"=max(B$1*$H5,$A5*B$17)","=max(C$1*$H5,$A5*C$17)","=max(D$1*$H5,$A5*D$17)","=max(E$1*$H5,$A5*E$17)","=max(F$1*$H5,$A5*F$17)","=max(G$1*$H5,$A5*G$17)",=14-A5,,3.0,"=max(K$1*$H5,$A5*K$17)","=max(L$1*$H5,$A5*L$17)","=max(M$1*$H5,$A5*M$17)","=max(N$1*$H5,$A5*N$17)","=max(O$1*$H5,$A5*O$17)",=14-J5,,3.0,"=max(S$1*$Z5,$A5*S$12)","=max(T$1*$Z5,$A5*T$12)","=max(U$1*$Z5,$A5*U$12)","=max(V$1*$Z5,$A5*V$12)","=max(W$1*$Z5,$A5*W$12)","=max(X$1*$Z5,$A5*X$12)","=max(Y$1*$Z5,$A5*Y$12)",=9-R5,,3.0,"=max(AC$1*$Z5,$A5*AC$12)","=max(AD$1*$Z5,$A5*AD$12)","=max(AE$1*$Z5,$A5*AE$12)","=max(AF$1*$Z5,$A5*AF$12)","=max(AG$1*$Z5,$A5*AG$12)",=9-AB5
4.0,"=max(B$1*$H6,$A6*B$17)","=max(C$1*$H6,$A6*C$17)","=max(D$1*$H6,$A6*D$17)","=max(E$1*$H6,$A6*E$17)","=max(F$1*$H6,$A6*F$17)","=max(G$1*$H6,$A6*G$17)",=14-A6,,4.0,"=max(K$1*$H6,$A6*K$17)","=max(L$1*$H6,$A6*L$17)","=max(M$1*$H6,$A6*M$17)","=max(N$1*$H6,$A6*N$17)","=max(O$1*$H6,$A6*O$17)",=14-J6,,4.0,"=max(S$1*$Z6,$A6*S$12)","=max(T$1*$Z6,$A6*T$12)","=max(U$1*$Z6,$A6*U$12)","=max(V$1*$Z6,$A6*V$12)","=max(W$1*$Z6,$A6*W$12)","=max(X$1*$Z6,$A6*X$12)","=max(Y$1*$Z6,$A6*Y$12)",=9-R6,,4.0,"=max(AC$1*$Z6,$A6*AC$12)","=max(AD$1*$Z6,$A6*AD$12)","=max(AE$1*$Z6,$A6*AE$12)","=max(AF$1*$Z6,$A6*AF$12)","=max(AG$1*$Z6,$A6*AG$12)",=9-AB6
5.0,"=max(B$1*$H7,$A7*B$17)","=max(C$1*$H7,$A7*C$17)","=max(D$1*$H7,$A7*D$17)","=max(E$1*$H7,$A7*E$17)","=max(F$1*$H7,$A7*F$17)","=max(G$1*$H7,$A7*G$17)",=14-A7,,5.0,"=max(K$1*$H7,$A7*K$17)","=max(L$1*$H7,$A7*L$17)","=max(M$1*$H7,$A7*M$17)","=max(N$1*$H7,$A7*N$17)","=max(O$1*$H7,$A7*O$17)",=14-J7,,5.0,"=max(S$1*$Z7,$A7*S$12)","=max(T$1*$Z7,$A7*T$12)","=max(U$1*$Z7,$A7*U$12)","=max(V$1*$Z7,$A7*V$12)","=max(W$1*$Z7,$A7*W$12)","=max(X$1*$Z7,$A7*X$12)","=max(Y$1*$Z7,$A7*Y$12)",=9-R7,,5.0,"=max(AC$1*$Z7,$A7*AC$12)","=max(AD$1*$Z7,$A7*AD$12)","=max(AE$1*$Z7,$A7*AE$12)","=max(AF$1*$Z7,$A7*AF$12)","=max(AG$1*$Z7,$A7*AG$12)",=9-AB7
6.0,"=max(B$1*$H8,$A8*B$17)","=max(C$1*$H8,$A8*C$17)","=max(D$1*$H8,$A8*D$17)","=max(E$1*$H8,$A8*E$17)","=max(F$1*$H8,$A8*F$17)","=max(G$1*$H8,$A8*G$17)",=14-A8,,6.0,"=max(K$1*$H8,$A8*K$17)","=max(L$1*$H8,$A8*L$17)","=max(M$1*$H8,$A8*M$17)","=max(N$1*$H8,$A8*N$17)","=max(O$1*$H8,$A8*O$17)",=14-J8,,6.0,"=max(S$1*$Z8,$A8*S$12)","=max(T$1*$Z8,$A8*T$12)","=max(U$1*$Z8,$A8*U$12)","=max(V$1*$Z8,$A8*V$12)","=max(W$1*$Z8,$A8*W$12)","=max(X$1*$Z8,$A8*X$12)","=max(Y$1*$Z8,$A8*Y$12)",=9-R8,,6.0,"=max(AC$1*$Z8,$A8*AC$12)","=max(AD$1*$Z8,$A8*AD$12)","=max(AE$1*$Z8,$A8*AE$12)","=max(AF$1*$Z8,$A8*AF$12)","=max(AG$1*$Z8,$A8*AG$12)",=9-AB8
7.0,"=max(B$1*$H9,$A9*B$17)","=max(C$1*$H9,$A9*C$17)","=max(D$1*$H9,$A9*D$17)","=max(E$1*$H9,$A9*E$17)","=max(F$1*$H9,$A9*F$17)","=max(G$1*$H9,$A9*G$17)",=14-A9,,7.0,"=max(K$1*$H9,$A9*K$17)","=max(L$1*$H9,$A9*L$17)","=max(M$1*$H9,$A9*M$17)","=max(N$1*$H9,$A9*N$17)","=max(O$1*$H9,$A9*O$17)",=14-J9,,7.0,"=max(S$1*$Z9,$A9*S$12)","=max(T$1*$Z9,$A9*T$12)","=max(U$1*$Z9,$A9*U$12)","=max(V$1*$Z9,$A9*V$12)","=max(W$1*$Z9,$A9*W$12)","=max(X$1*$Z9,$A9*X$12)","=max(Y$1*$Z9,$A9*Y$12)",=9-R9,,7.0,"=max(AC$1*$Z9,$A9*AC$12)","=max(AD$1*$Z9,$A9*AD$12)","=max(AE$1*$Z9,$A9*AE$12)","=max(AF$1*$Z9,$A9*AF$12)","=max(AG$1*$Z9,$A9*AG$12)",=9-AB9
8.0,"=max(B$1*$H10,$A10*B$17)","=max(C$1*$H10,$A10*C$17)","=max(D$1*$H10,$A10*D$17)","=max(E$1*$H10,$A10*E$17)","=max(F$1*$H10,$A10*F$17)","=max(G$1*$H10,$A10*G$17)",=14-A10,,8.0,"=max(K$1*$H10,$A10*K$17)","=max(L$1*$H10,$A10*L$17)","=max(M$1*$H10,$A10*M$17)","=max(N$1*$H10,$A10*N$17)","=max(O$1*$H10,$A10*O$17)",=14-J10,,8.0,"=max(S$1*$Z10,$A10*S$12)","=max(T$1*$Z10,$A10*T$12)","=max(U$1*$Z10,$A10*U$12)","=max(V$1*$Z10,$A10*V$12)","=max(W$1*$Z10,$A10*W$12)","=max(X$1*$Z10,$A10*X$12)","=max(Y$1*$Z10,$A10*Y$12)",=9-R10,,8.0,"=max(AC$1*$Z10,$A10*AC$12)","=max(AD$1*$Z10,$A10*AD$12)","=max(AE$1*$Z10,$A10*AE$12)","=max(AF$1*$Z10,$A10*AF$12)","=max(AG$1*$Z10,$A10*AG$12)",=9-AB10
9.0,"=max(B$1*$H11,$A11*B$17)","=max(C$1*$H11,$A11*C$17)","=max(D$1*$H11,$A11*D$17)","=max(E$1*$H11,$A11*E$17)","=max(F$1*$H11,$A11*F$17)","=max(G$1*$H11,$A11*G$17)",=14-A11,,9.0,"=max(K$1*$H11,$A11*K$17)","=max(L$1*$H11,$A11*L$17)","=max(M$1*$H11,$A11*M$17)","=max(N$1*$H11,$A11*N$17)","=max(O$1*$H11,$A11*O$17)",=14-J11,,9.0,"=max(S$1*$Z11,$A11*S$12)","=max(T$1*$Z11,$A11*T$12)","=max(U$1*$Z11,$A11*U$12)","=max(V$1*$Z11,$A11*V$12)","=max(W$1*$Z11,$A11*W$12)","=max(X$1*$Z11,$A11*X$12)","=max(Y$1*$Z11,$A11*Y$12)",=9-R11,,9.0,"=max(AC$1*$Z11,$A11*AC$12)","=max(AD$1*$Z11,$A11*AD$12)","=max(AE$1*$Z11,$A11*AE$12)","=max(AF$1*$Z11,$A11*AF$12)","=max(AG$1*$Z11,$A11*AG$12)",=9-AB11
10.0,"=max(B$1*$H12,$A12*B$17)","=max(C$1*$H12,$A12*C$17)","=max(D$1*$H12,$A12*D$17)","=max(E$1*$H12,$A12*E$17)","=max(F$1*$H12,$A12*F$17)","=max(G$1*$H12,$A12*G$17)",=14-A12,,10.0,"=max(K$1*$H12,$A12*K$17)","=max(L$1*$H12,$A12*L$17)","=max(M$1*$H12,$A12*M$17)","=max(N$1*$H12,$A12*N$17)","=max(O$1*$H12,$A12*O$17)",=14-J12,,,=6-S1,=6-T1,=6-U1,=6-V1,=6-W1,=6-X1,=6-Y1,,,,=4-AC1,=4-AD1,=4-AE1,=4-AF1,=4-AG1,
11.0,"=max(B$1*$H13,$A13*B$17)","=max(C$1*$H13,$A13*C$17)","=max(D$1*$H13,$A13*D$17)","=max(E$1*$H13,$A13*E$17)","=max(F$1*$H13,$A13*F$17)","=max(G$1*$H13,$A13*G$17)",=14-A13,,11.0,"=max(K$1*$H13,$A13*K$17)","=max(L$1*$H13,$A13*L$17)","=max(M$1*$H13,$A13*M$17)","=max(N$1*$H13,$A13*N$17)","=max(O$1*$H13,$A13*O$17)",=14-J13,,,,,,,,,,,,,,,,,,
12.0,"=max(B$1*$H14,$A14*B$17)","=max(C$1*$H14,$A14*C$17)","=max(D$1*$H14,$A14*D$17)","=max(E$1*$H14,$A14*E$17)","=max(F$1*$H14,$A14*F$17)","=max(G$1*$H14,$A14*G$17)",=14-A14,,12.0,"=max(K$1*$H14,$A14*K$17)","=max(L$1*$H14,$A14*L$17)","=max(M$1*$H14,$A14*M$17)","=max(N$1*$H14,$A14*N$17)","=max(O$1*$H14,$A14*O$17)",=14-J14,,,,,,,,,,,,,,,,,,
13.0,"=max(B$1*$H15,$A15*B$17)","=max(C$1*$H15,$A15*C$17)","=max(D$1*$H15,$A15*D$17)","=max(E$1*$H15,$A15*E$17)","=max(F$1*$H15,$A15*F$17)","=max(G$1*$H15,$A15*G$17)",=14-A15,,13.0,"=max(K$1*$H15,$A15*K$17)","=max(L$1*$H15,$A15*L$17)","=max(M$1*$H15,$A15*M$17)","=max(N$1*$H15,$A15*N$17)","=max(O$1*$H15,$A15*O$17)",=14-J15,,,,,,,,,,,,,,,,,,
14.0,"=max(B$1*$H16,$A16*B$17)","=max(C$1*$H16,$A16*C$17)","=max(D$1*$H16,$A16*D$17)","=max(E$1*$H16,$A16*E$17)","=max(F$1*$H16,$A16*F$17)","=max(G$1*$H16,$A16*G$17)",=14-A16,,14.0,"=max(K$1*$H16,$A16*K$17)","=max(L$1*$H16,$A16*L$17)","=max(M$1*$H16,$A16*M$17)","=max(N$1*$H16,$A16*N$17)","=max(O$1*$H16,$A16*O$17)",=14-J16,,,,,,,,,,,,,,,,,,
,=5-B1,=5-C1,=5-D1,=5-E1,=5-F1,=5-G1,,,,=4-K1,=4-L1,=4-M1,=4-N1,=4-O1,,,,,,,,,,,,,,,,,,,
,,,,,,,,,,,,,,,,,,,,,,,,,,,,,,,,,
,0.0,1.0,2.0,3.0,4.0,5.0,,,,0.0,1.0,2.0,3.0,4.0,,,,0.0,1.0,2.0,3.0,4.0,5.0,6.0,,,,0.0,1.0,2.0,3.0,4.0,
0.0,=abs(B$1*$H20-$A20*B$17),=abs(C$1*$H20-$A20*C$17),=abs(D$1*$H20-$A20*D$17),=abs(E$1*$H20-$A20*E$17),=abs(F$1*$H20-$A20*F$17),=abs(G$1*$H20-$A20*G$17),=14-A20,,0.0,=abs(K$1*$H20-$A20*K$17),=abs(L$1*$H20-$A20*L$17),=abs(M$1*$H20-$A20*M$17),=abs(N$1*$H20-$A20*N$17),=abs(O$1*$H20-$A20*O$17),=14-J20,,0.0,=abs(S$1*$Z20-$A20*S$12),=abs(T$1*$Z20-$A20*T$12),=abs(U$1*$Z20-$A20*U$12),=abs(V$1*$Z20-$A20*V$12),=abs(W$1*$Z20-$A20*W$12),=abs(X$1*$Z20-$A20*X$12),=abs(Y$1*$Z20-$A20*Y$12),=9-R20,,0.0,=abs(AC$1*$Z20-$A20*AC$12),=abs(AD$1*$Z20-$A20*AD$12),=abs(AE$1*$Z20-$A20*AE$12),=abs(AF$1*$Z20-$A20*AF$12),=abs(AG$1*$Z20-$A20*AG$12),=9-AB20
1.0,=abs(B$1*$H21-$A21*B$17),=abs(C$1*$H21-$A21*C$17),=abs(D$1*$H21-$A21*D$17),=abs(E$1*$H21-$A21*E$17),=abs(F$1*$H21-$A21*F$17),=abs(G$1*$H21-$A21*G$17),=14-A21,,1.0,=abs(K$1*$H21-$A21*K$17),=abs(L$1*$H21-$A21*L$17),=abs(M$1*$H21-$A21*M$17),=abs(N$1*$H21-$A21*N$17),=abs(O$1*$H21-$A21*O$17),=14-J21,,1.0,=abs(S$1*$Z21-$A21*S$12),=abs(T$1*$Z21-$A21*T$12),=abs(U$1*$Z21-$A21*U$12),=abs(V$1*$Z21-$A21*V$12),=abs(W$1*$Z21-$A21*W$12),=abs(X$1*$Z21-$A21*X$12),=abs(Y$1*$Z21-$A21*Y$12),=9-R21,,1.0,=abs(AC$1*$Z21-$A21*AC$12),=abs(AD$1*$Z21-$A21*AD$12),=abs(AE$1*$Z21-$A21*AE$12),=abs(AF$1*$Z21-$A21*AF$12),=abs(AG$1*$Z21-$A21*AG$12),=9-AB21
2.0,=abs(B$1*$H22-$A22*B$17),=abs(C$1*$H22-$A22*C$17),=abs(D$1*$H22-$A22*D$17),=abs(E$1*$H22-$A22*E$17),=abs(F$1*$H22-$A22*F$17),=abs(G$1*$H22-$A22*G$17),=14-A22,,2.0,=abs(K$1*$H22-$A22*K$17),=abs(L$1*$H22-$A22*L$17),=abs(M$1*$H22-$A22*M$17),=abs(N$1*$H22-$A22*N$17),=abs(O$1*$H22-$A22*O$17),=14-J22,,2.0,=abs(S$1*$Z22-$A22*S$12),=abs(T$1*$Z22-$A22*T$12),=abs(U$1*$Z22-$A22*U$12),=abs(V$1*$Z22-$A22*V$12),=abs(W$1*$Z22-$A22*W$12),=abs(X$1*$Z22-$A22*X$12),=abs(Y$1*$Z22-$A22*Y$12),=9-R22,,2.0,=abs(AC$1*$Z22-$A22*AC$12),=abs(AD$1*$Z22-$A22*AD$12),=abs(AE$1*$Z22-$A22*AE$12),=abs(AF$1*$Z22-$A22*AF$12),=abs(AG$1*$Z22-$A22*AG$12),=9-AB22
3.0,=abs(B$1*$H23-$A23*B$17),=abs(C$1*$H23-$A23*C$17),=abs(D$1*$H23-$A23*D$17),=abs(E$1*$H23-$A23*E$17),=abs(F$1*$H23-$A23*F$17),=abs(G$1*$H23-$A23*G$17),=14-A23,,3.0,=abs(K$1*$H23-$A23*K$17),=abs(L$1*$H23-$A23*L$17),=abs(M$1*$H23-$A23*M$17),=abs(N$1*$H23-$A23*N$17),=abs(O$1*$H23-$A23*O$17),=14-J23,,3.0,=abs(S$1*$Z23-$A23*S$12),=abs(T$1*$Z23-$A23*T$12),=abs(U$1*$Z23-$A23*U$12),=abs(V$1*$Z23-$A23*V$12),=abs(W$1*$Z23-$A23*W$12),=abs(X$1*$Z23-$A23*X$12),=abs(Y$1*$Z23-$A23*Y$12),=9-R23,,3.0,=abs(AC$1*$Z23-$A23*AC$12),=abs(AD$1*$Z23-$A23*AD$12),=abs(AE$1*$Z23-$A23*AE$12),=abs(AF$1*$Z23-$A23*AF$12),=abs(AG$1*$Z23-$A23*AG$12),=9-AB23
4.0,=abs(B$1*$H24-$A24*B$17),=abs(C$1*$H24-$A24*C$17),=abs(D$1*$H24-$A24*D$17),=abs(E$1*$H24-$A24*E$17),=abs(F$1*$H24-$A24*F$17),=abs(G$1*$H24-$A24*G$17),=14-A24,,4.0,=abs(K$1*$H24-$A24*K$17),=abs(L$1*$H24-$A24*L$17),=abs(M$1*$H24-$A24*M$17),=abs(N$1*$H24-$A24*N$17),=abs(O$1*$H24-$A24*O$17),=14-J24,,4.0,=abs(S$1*$Z24-$A24*S$12),=abs(T$1*$Z24-$A24*T$12),=abs(U$1*$Z24-$A24*U$12),=abs(V$1*$Z24-$A24*V$12),=abs(W$1*$Z24-$A24*W$12),=abs(X$1*$Z24-$A24*X$12),=abs(Y$1*$Z24-$A24*Y$12),=9-R24,,4.0,=abs(AC$1*$Z24-$A24*AC$12),=abs(AD$1*$Z24-$A24*AD$12),=abs(AE$1*$Z24-$A24*AE$12),=abs(AF$1*$Z24-$A24*AF$12),=abs(AG$1*$Z24-$A24*AG$12),=9-AB24
5.0,=abs(B$1*$H25-$A25*B$17),=abs(C$1*$H25-$A25*C$17),=abs(D$1*$H25-$A25*D$17),=abs(E$1*$H25-$A25*E$17),=abs(F$1*$H25-$A25*F$17),=abs(G$1*$H25-$A25*G$17),=14-A25,,5.0,=abs(K$1*$H25-$A25*K$17),=abs(L$1*$H25-$A25*L$17),=abs(M$1*$H25-$A25*M$17),=abs(N$1*$H25-$A25*N$17),=abs(O$1*$H25-$A25*O$17),=14-J25,,5.0,=abs(S$1*$Z25-$A25*S$12),=abs(T$1*$Z25-$A25*T$12),=abs(U$1*$Z25-$A25*U$12),=abs(V$1*$Z25-$A25*V$12),=abs(W$1*$Z25-$A25*W$12),=abs(X$1*$Z25-$A25*X$12),=abs(Y$1*$Z25-$A25*Y$12),=9-R25,,5.0,=abs(AC$1*$Z25-$A25*AC$12),=abs(AD$1*$Z25-$A25*AD$12),=abs(AE$1*$Z25-$A25*AE$12),=abs(AF$1*$Z25-$A25*AF$12),=abs(AG$1*$Z25-$A25*AG$12),=9-AB25
6.0,=abs(B$1*$H26-$A26*B$17),=abs(C$1*$H26-$A26*C$17),=abs(D$1*$H26-$A26*D$17),=abs(E$1*$H26-$A26*E$17),=abs(F$1*$H26-$A26*F$17),=abs(G$1*$H26-$A26*G$17),=14-A26,,6.0,=abs(K$1*$H26-$A26*K$17),=abs(L$1*$H26-$A26*L$17),=abs(M$1*$H26-$A26*M$17),=abs(N$1*$H26-$A26*N$17),=abs(O$1*$H26-$A26*O$17),=14-J26,,6.0,=abs(S$1*$Z26-$A26*S$12),=abs(T$1*$Z26-$A26*T$12),=abs(U$1*$Z26-$A26*U$12),=abs(V$1*$Z26-$A26*V$12),=abs(W$1*$Z26-$A26*W$12),=abs(X$1*$Z26-$A26*X$12),=abs(Y$1*$Z26-$A26*Y$12),=9-R26,,6.0,=abs(AC$1*$Z26-$A26*AC$12),=abs(AD$1*$Z26-$A26*AD$12),=abs(AE$1*$Z26-$A26*AE$12),=abs(AF$1*$Z26-$A26*AF$12),=abs(AG$1*$Z26-$A26*AG$12),=9-AB26
7.0,=abs(B$1*$H27-$A27*B$17),=abs(C$1*$H27-$A27*C$17),=abs(D$1*$H27-$A27*D$17),=abs(E$1*$H27-$A27*E$17),=abs(F$1*$H27-$A27*F$17),=abs(G$1*$H27-$A27*G$17),=14-A27,,7.0,=abs(K$1*$H27-$A27*K$17),=abs(L$1*$H27-$A27*L$17),=abs(M$1*$H27-$A27*M$17),=abs(N$1*$H27-$A27*N$17),=abs(O$1*$H27-$A27*O$17),=14-J27,,7.0,=abs(S$1*$Z27-$A27*S$12),=abs(T$1*$Z27-$A27*T$12),=abs(U$1*$Z27-$A27*U$12),=abs(V$1*$Z27-$A27*V$12),=abs(W$1*$Z27-$A27*W$12),=abs(X$1*$Z27-$A27*X$12),=abs(Y$1*$Z27-$A27*Y$12),=9-R27,,7.0,=abs(AC$1*$Z27-$A27*AC$12),=abs(AD$1*$Z27-$A27*AD$12),=abs(AE$1*$Z27-$A27*AE$12),=abs(AF$1*$Z27-$A27*AF$12),=abs(AG$1*$Z27-$A27*AG$12),=9-AB27
8.0,=abs(B$1*$H28-$A28*B$17),=abs(C$1*$H28-$A28*C$17),=abs(D$1*$H28-$A28*D$17),=abs(E$1*$H28-$A28*E$17),=abs(F$1*$H28-$A28*F$17),=abs(G$1*$H28-$A28*G$17),=14-A28,,8.0,=abs(K$1*$H28-$A28*K$17),=abs(L$1*$H28-$A28*L$17),=abs(M$1*$H28-$A28*M$17),=abs(N$1*$H28-$A28*N$17),=abs(O$1*$H28-$A28*O$17),=14-J28,,8.0,=abs(S$1*$Z28-$A28*S$12),=abs(T$1*$Z28-$A28*T$12),=abs(U$1*$Z28-$A28*U$12),=abs(V$1*$Z28-$A28*V$12),=abs(W$1*$Z28-$A28*W$12),=abs(X$1*$Z28-$A28*X$12),=abs(Y$1*$Z28-$A28*Y$12),=9-R28,,8.0,=abs(AC$1*$Z28-$A28*AC$12),=abs(AD$1*$Z28-$A28*AD$12),=abs(AE$1*$Z28-$A28*AE$12),=abs(AF$1*$Z28-$A28*AF$12),=abs(AG$1*$Z28-$A28*AG$12),=9-AB28
9.0,=abs(B$1*$H29-$A29*B$17),=abs(C$1*$H29-$A29*C$17),=abs(D$1*$H29-$A29*D$17),=abs(E$1*$H29-$A29*E$17),=abs(F$1*$H29-$A29*F$17),=abs(G$1*$H29-$A29*G$17),=14-A29,,9.0,=abs(K$1*$H29-$A29*K$17),=abs(L$1*$H29-$A29*L$17),=abs(M$1*$H29-$A29*M$17),=abs(N$1*$H29-$A29*N$17),=abs(O$1*$H29-$A29*O$17),=14-J29,,9.0,=abs(S$1*$Z29-$A29*S$12),=abs(T$1*$Z29-$A29*T$12),=abs(U$1*$Z29-$A29*U$12),=abs(V$1*$Z29-$A29*V$12),=abs(W$1*$Z29-$A29*W$12),=abs(X$1*$Z29-$A29*X$12),=abs(Y$1*$Z29-$A29*Y$12),=9-R29,,9.0,=abs(AC$1*$Z29-$A29*AC$12),=abs(AD$1*$Z29-$A29*AD$12),=abs(AE$1*$Z29-$A29*AE$12),=abs(AF$1*$Z29-$A29*AF$12),=abs(AG$1*$Z29-$A29*AG$12),=9-AB29
10.0,=abs(B$1*$H30-$A30*B$17),=abs(C$1*$H30-$A30*C$17),=abs(D$1*$H30-$A30*D$17),=abs(E$1*$H30-$A30*E$17),=abs(F$1*$H30-$A30*F$17),=abs(G$1*$H30-$A30*G$17),=14-A30,,10.0,=abs(K$1*$H30-$A30*K$17),=abs(L$1*$H30-$A30*L$17),=abs(M$1*$H30-$A30*M$17),=abs(N$1*$H30-$A30*N$17),=abs(O$1*$H30-$A30*O$17),=14-J30,,,=6-S19,=6-T19,=6-U19,=6-V19,=6-W19,=6-X19,=6-Y19,,,,=4-AC19,=4-AD19,=4-AE19,=4-AF19,=4-AG19,
11.0,=abs(B$1*$H31-$A31*B$17),=abs(C$1*$H31-$A31*C$17),=abs(D$1*$H31-$A31*D$17),=abs(E$1*$H31-$A31*E$17),=abs(F$1*$H31-$A31*F$17),=abs(G$1*$H31-$A31*G$17),=14-A31,,11.0,=abs(K$1*$H31-$A31*K$17),=abs(L$1*$H31-$A31*L$17),=abs(M$1*$H31-$A31*M$17),=abs(N$1*$H31-$A31*N$17),=abs(O$1*$H31-$A31*O$17),=14-J31,,,,,,,,,,,,,,,,,,
12.0,=abs(B$1*$H32-$A32*B$17),=abs(C$1*$H32-$A32*C$17),=abs(D$1*$H32-$A32*D$17),=abs(E$1*$H32-$A32*E$17),=abs(F$1*$H32-$A32*F$17),=abs(G$1*$H32-$A32*G$17),=14-A32,,12.0,=abs(K$1*$H32-$A32*K$17),=abs(L$1*$H32-$A32*L$17),=abs(M$1*$H32-$A32*M$17),=abs(N$1*$H32-$A32*N$17),=abs(O$1*$H32-$A32*O$17),=14-J32,,,,,,,,,,,,,,,,,,
13.0,=abs(B$1*$H33-$A33*B$17),=abs(C$1*$H33-$A33*C$17),=abs(D$1*$H33-$A33*D$17),=abs(E$1*$H33-$A33*E$17),=abs(F$1*$H33-$A33*F$17),=abs(G$1*$H33-$A33*G$17),=14-A33,,13.0,=abs(K$1*$H33-$A33*K$17),=abs(L$1*$H33-$A33*L$17),=abs(M$1*$H33-$A33*M$17),=abs(N$1*$H33-$A33*N$17),=abs(O$1*$H33-$A33*O$17),=14-J33,,,,,,,,,,,,,,,,,,
14.0,=abs(B$1*$H34-$A34*B$17),=abs(C$1*$H34-$A34*C$17),=abs(D$1*$H34-$A34*D$17),=abs(E$1*$H34-$A34*E$17),=abs(F$1*$H34-$A34*F$17),=abs(G$1*$H34-$A34*G$17),=14-A34,,14.0,=abs(K$1*$H34-$A34*K$17),=abs(L$1*$H34-$A34*L$17),=abs(M$1*$H34-$A34*M$17),=abs(N$1*$H34-$A34*N$17),=abs(O$1*$H34-$A34*O$17),=14-J34,,,,,,,,,,,,,,,,,,
,=5-B19,=5-C19,=5-D19,=5-E19,=5-F19,=5-G19,,,,=4-K19,=4-L19,=4-M19,=4-N19,=4-O19,,,,,,,,,,,,,,,,,,,
,,,,,,,,,,,,,,,,,,,,,,,,,,,,,,,,,
,0.0,1.0,2.0,3.0,4.0,5.0,,,,0.0,1.0,2.0,3.0,4.0,,,,0.0,1.0,2.0,3.0,4.0,5.0,6.0,,,,0.0,1.0,2.0,3.0,4.0,
0.0,=abs(B$1*$H38-$A38*B$17),=abs(C$1*$H38-$A38*C$17),=abs(D$1*$H38-$A38*D$17),=abs(E$1*$H38-$A38*E$17),=abs(F$1*$H38-$A38*F$17),=abs(G$1*$H38-$A38*G$17),=14-A38,,0.0,=abs(K$1*$H38-$A38*K$17),=abs(L$1*$H38-$A38*L$17),=abs(M$1*$H38-$A38*M$17),=abs(N$1*$H38-$A38*N$17),=abs(O$1*$H38-$A38*O$17),=14-J38,,0.0,=abs(S$1*$Z38-$A38*S$12),=abs(T$1*$Z38-$A38*T$12),=abs(U$1*$Z38-$A38*U$12),=abs(V$1*$Z38-$A38*V$12),=abs(W$1*$Z38-$A38*W$12),=abs(X$1*$Z38-$A38*X$12),=abs(Y$1*$Z38-$A38*Y$12),=9-R38,,0.0,=abs(AC$1*$Z38-$A38*AC$12),=abs(AD$1*$Z38-$A38*AD$12),=abs(AE$1*$Z38-$A38*AE$12),=abs(AF$1*$Z38-$A38*AF$12),=abs(AG$1*$Z38-$A38*AG$12),=9-AB38
1.0,=abs(B$1*$H39-$A39*B$17),=abs(C$1*$H39-$A39*C$17),=abs(D$1*$H39-$A39*D$17),=abs(E$1*$H39-$A39*E$17),=abs(F$1*$H39-$A39*F$17),=abs(G$1*$H39-$A39*G$17),=14-A39,,1.0,=abs(K$1*$H39-$A39*K$17),=abs(L$1*$H39-$A39*L$17),=abs(M$1*$H39-$A39*M$17),=abs(N$1*$H39-$A39*N$17),=abs(O$1*$H39-$A39*O$17),=14-J39,,1.0,=abs(S$1*$Z39-$A39*S$12),=abs(T$1*$Z39-$A39*T$12),=abs(U$1*$Z39-$A39*U$12),=abs(V$1*$Z39-$A39*V$12),=abs(W$1*$Z39-$A39*W$12),=abs(X$1*$Z39-$A39*X$12),=abs(Y$1*$Z39-$A39*Y$12),=9-R39,,1.0,=abs(AC$1*$Z39-$A39*AC$12),=abs(AD$1*$Z39-$A39*AD$12),=abs(AE$1*$Z39-$A39*AE$12),=abs(AF$1*$Z39-$A39*AF$12),=abs(AG$1*$Z39-$A39*AG$12),=9-AB39
2.0,=abs(B$1*$H40-$A40*B$17),=abs(C$1*$H40-$A40*C$17),=abs(D$1*$H40-$A40*D$17),=abs(E$1*$H40-$A40*E$17),=abs(F$1*$H40-$A40*F$17),=abs(G$1*$H40-$A40*G$17),=14-A40,,2.0,=abs(K$1*$H40-$A40*K$17),=abs(L$1*$H40-$A40*L$17),=abs(M$1*$H40-$A40*M$17),=abs(N$1*$H40-$A40*N$17),=abs(O$1*$H40-$A40*O$17),=14-J40,,2.0,=abs(S$1*$Z40-$A40*S$12),=abs(T$1*$Z40-$A40*T$12),=abs(U$1*$Z40-$A40*U$12),=abs(V$1*$Z40-$A40*V$12),=abs(W$1*$Z40-$A40*W$12),=abs(X$1*$Z40-$A40*X$12),=abs(Y$1*$Z40-$A40*Y$12),=9-R40,,2.0,=abs(AC$1*$Z40-$A40*AC$12),=abs(AD$1*$Z40-$A40*AD$12),=abs(AE$1*$Z40-$A40*AE$12),=abs(AF$1*$Z40-$A40*AF$12),=abs(AG$1*$Z40-$A40*AG$12),=9-AB40
3.0,=abs(B$1*$H41-$A41*B$17),=abs(C$1*$H41-$A41*C$17),=abs(D$1*$H41-$A41*D$17),=abs(E$1*$H41-$A41*E$17),=abs(F$1*$H41-$A41*F$17),=abs(G$1*$H41-$A41*G$17),=14-A41,,3.0,=abs(K$1*$H41-$A41*K$17),=abs(L$1*$H41-$A41*L$17),=abs(M$1*$H41-$A41*M$17),=abs(N$1*$H41-$A41*N$17),=abs(O$1*$H41-$A41*O$17),=14-J41,,3.0,=abs(S$1*$Z41-$A41*S$12),=abs(T$1*$Z41-$A41*T$12),=abs(U$1*$Z41-$A41*U$12),=abs(V$1*$Z41-$A41*V$12),=abs(W$1*$Z41-$A41*W$12),=abs(X$1*$Z41-$A41*X$12),=abs(Y$1*$Z41-$A41*Y$12),=9-R41,,3.0,=abs(AC$1*$Z41-$A41*AC$12),=abs(AD$1*$Z41-$A41*AD$12),=abs(AE$1*$Z41-$A41*AE$12),=abs(AF$1*$Z41-$A41*AF$12),=abs(AG$1*$Z41-$A41*AG$12),=9-AB41
4.0,=abs(B$1*$H42-$A42*B$17),=abs(C$1*$H42-$A42*C$17),=abs(D$1*$H42-$A42*D$17),=abs(E$1*$H42-$A42*E$17),=abs(F$1*$H42-$A42*F$17),=abs(G$1*$H42-$A42*G$17),=14-A42,,4.0,=abs(K$1*$H42-$A42*K$17),=abs(L$1*$H42-$A42*L$17),=abs(M$1*$H42-$A42*M$17),=abs(N$1*$H42-$A42*N$17),=abs(O$1*$H42-$A42*O$17),=14-J42,,4.0,=abs(S$1*$Z42-$A42*S$12),=abs(T$1*$Z42-$A42*T$12),=abs(U$1*$Z42-$A42*U$12),=abs(V$1*$Z42-$A42*V$12),=abs(W$1*$Z42-$A42*W$12),=abs(X$1*$Z42-$A42*X$12),=abs(Y$1*$Z42-$A42*Y$12),=9-R42,,4.0,=abs(AC$1*$Z42-$A42*AC$12),=abs(AD$1*$Z42-$A42*AD$12),=abs(AE$1*$Z42-$A42*AE$12),=abs(AF$1*$Z42-$A42*AF$12),=abs(AG$1*$Z42-$A42*AG$12),=9-AB42
5.0,=abs(B$1*$H43-$A43*B$17),=abs(C$1*$H43-$A43*C$17),=abs(D$1*$H43-$A43*D$17),=abs(E$1*$H43-$A43*E$17),=abs(F$1*$H43-$A43*F$17),=abs(G$1*$H43-$A43*G$17),=14-A43,,5.0,=abs(K$1*$H43-$A43*K$17),=abs(L$1*$H43-$A43*L$17),=abs(M$1*$H43-$A43*M$17),=abs(N$1*$H43-$A43*N$17),=abs(O$1*$H43-$A43*O$17),=14-J43,,5.0,=abs(S$1*$Z43-$A43*S$12),=abs(T$1*$Z43-$A43*T$12),=abs(U$1*$Z43-$A43*U$12),=abs(V$1*$Z43-$A43*V$12),=abs(W$1*$Z43-$A43*W$12),=abs(X$1*$Z43-$A43*X$12),=abs(Y$1*$Z43-$A43*Y$12),=9-R43,,5.0,=abs(AC$1*$Z43-$A43*AC$12),=abs(AD$1*$Z43-$A43*AD$12),=abs(AE$1*$Z43-$A43*AE$12),=abs(AF$1*$Z43-$A43*AF$12),=abs(AG$1*$Z43-$A43*AG$12),=9-AB43
6.0,=abs(B$1*$H44-$A44*B$17),=abs(C$1*$H44-$A44*C$17),=abs(D$1*$H44-$A44*D$17),=abs(E$1*$H44-$A44*E$17),=abs(F$1*$H44-$A44*F$17),=abs(G$1*$H44-$A44*G$17),=14-A44,,6.0,=abs(K$1*$H44-$A44*K$17),=abs(L$1*$H44-$A44*L$17),=abs(M$1*$H44-$A44*M$17),=abs(N$1*$H44-$A44*N$17),=abs(O$1*$H44-$A44*O$17),=14-J44,,6.0,=abs(S$1*$Z44-$A44*S$12),=abs(T$1*$Z44-$A44*T$12),=abs(U$1*$Z44-$A44*U$12),=abs(V$1*$Z44-$A44*V$12),=abs(W$1*$Z44-$A44*W$12),=abs(X$1*$Z44-$A44*X$12),=abs(Y$1*$Z44-$A44*Y$12),=9-R44,,6.0,=abs(AC$1*$Z44-$A44*AC$12),=abs(AD$1*$Z44-$A44*AD$12),=abs(AE$1*$Z44-$A44*AE$12),=abs(AF$1*$Z44-$A44*AF$12),=abs(AG$1*$Z44-$A44*AG$12),=9-AB44
7.0,=abs(B$1*$H45-$A45*B$17),=abs(C$1*$H45-$A45*C$17),=abs(D$1*$H45-$A45*D$17),=abs(E$1*$H45-$A45*E$17),=abs(F$1*$H45-$A45*F$17),=abs(G$1*$H45-$A45*G$17),=14-A45,,7.0,=abs(K$1*$H45-$A45*K$17),=abs(L$1*$H45-$A45*L$17),=abs(M$1*$H45-$A45*M$17),=abs(N$1*$H45-$A45*N$17),=abs(O$1*$H45-$A45*O$17),=14-J45,,7.0,=abs(S$1*$Z45-$A45*S$12),=abs(T$1*$Z45-$A45*T$12),=abs(U$1*$Z45-$A45*U$12),=abs(V$1*$Z45-$A45*V$12),=abs(W$1*$Z45-$A45*W$12),=abs(X$1*$Z45-$A45*X$12),=abs(Y$1*$Z45-$A45*Y$12),=9-R45,,7.0,=abs(AC$1*$Z45-$A45*AC$12),=abs(AD$1*$Z45-$A45*AD$12),=abs(AE$1*$Z45-$A45*AE$12),=abs(AF$1*$Z45-$A45*AF$12),=abs(AG$1*$Z45-$A45*AG$12),=9-AB45
8.0,=abs(B$1*$H46-$A46*B$17),=abs(C$1*$H46-$A46*C$17),=abs(D$1*$H46-$A46*D$17),=abs(E$1*$H46-$A46*E$17),=abs(F$1*$H46-$A46*F$17),=abs(G$1*$H46-$A46*G$17),=14-A46,,8.0,=abs(K$1*$H46-$A46*K$17),=abs(L$1*$H46-$A46*L$17),=abs(M$1*$H46-$A46*M$17),=abs(N$1*$H46-$A46*N$17),=abs(O$1*$H46-$A46*O$17),=14-J46,,8.0,=abs(S$1*$Z46-$A46*S$12),=abs(T$1*$Z46-$A46*T$12),=abs(U$1*$Z46-$A46*U$12),=abs(V$1*$Z46-$A46*V$12),=abs(W$1*$Z46-$A46*W$12),=abs(X$1*$Z46-$A46*X$12),=abs(Y$1*$Z46-$A46*Y$12),=9-R46,,8.0,=abs(AC$1*$Z46-$A46*AC$12),=abs(AD$1*$Z46-$A46*AD$12),=abs(AE$1*$Z46-$A46*AE$12),=abs(AF$1*$Z46-$A46*AF$12),=abs(AG$1*$Z46-$A46*AG$12),=9-AB46
9.0,=abs(B$1*$H47-$A47*B$17),=abs(C$1*$H47-$A47*C$17),=abs(D$1*$H47-$A47*D$17),=abs(E$1*$H47-$A47*E$17),=abs(F$1*$H47-$A47*F$17),=abs(G$1*$H47-$A47*G$17),=14-A47,,9.0,=abs(K$1*$H47-$A47*K$17),=abs(L$1*$H47-$A47*L$17),=abs(M$1*$H47-$A47*M$17),=abs(N$1*$H47-$A47*N$17),=abs(O$1*$H47-$A47*O$17),=14-J47,,9.0,=abs(S$1*$Z47-$A47*S$12),=abs(T$1*$Z47-$A47*T$12),=abs(U$1*$Z47-$A47*U$12),=abs(V$1*$Z47-$A47*V$12),=abs(W$1*$Z47-$A47*W$12),=abs(X$1*$Z47-$A47*X$12),=abs(Y$1*$Z47-$A47*Y$12),=9-R47,,9.0,=abs(AC$1*$Z47-$A47*AC$12),=abs(AD$1*$Z47-$A47*AD$12),=abs(AE$1*$Z47-$A47*AE$12),=abs(AF$1*$Z47-$A47*AF$12),=abs(AG$1*$Z47-$A47*AG$12),=9-AB47
10.0,=abs(B$1*$H48-$A48*B$17),=abs(C$1*$H48-$A48*C$17),=abs(D$1*$H48-$A48*D$17),=abs(E$1*$H48-$A48*E$17),=abs(F$1*$H48-$A48*F$17),=abs(G$1*$H48-$A48*G$17),=14-A48,,10.0,=abs(K$1*$H48-$A48*K$17),=abs(L$1*$H48-$A48*L$17),=abs(M$1*$H48-$A48*M$17),=abs(N$1*$H48-$A48*N$17),=abs(O$1*$H48-$A48*O$17),=14-J48,,,=6-S37,=6-T37,=6-U37,=6-V37,=6-W37,=6-X37,=6-Y37,,,,=4-AC37,=4-AD37,=4-AE37,=4-AF37,=4-AG37,
11.0,=abs(B$1*$H49-$A49*B$17),=abs(C$1*$H49-$A49*C$17),=abs(D$1*$H49-$A49*D$17),=abs(E$1*$H49-$A49*E$17),=abs(F$1*$H49-$A49*F$17),=abs(G$1*$H49-$A49*G$17),=14-A49,,11.0,=abs(K$1*$H49-$A49*K$17),=abs(L$1*$H49-$A49*L$17),=abs(M$1*$H49-$A49*M$17),=abs(N$1*$H49-$A49*N$17),=abs(O$1*$H49-$A49*O$17),=14-J49,,,,,,,,,,,,,,,,,,
12.0,=abs(B$1*$H50-$A50*B$17),=abs(C$1*$H50-$A50*C$17),=abs(D$1*$H50-$A50*D$17),=abs(E$1*$H50-$A50*E$17),=abs(F$1*$H50-$A50*F$17),=abs(G$1*$H50-$A50*G$17),=14-A50,,12.0,=abs(K$1*$H50-$A50*K$17),=abs(L$1*$H50-$A50*L$17),=abs(M$1*$H50-$A50*M$17),=abs(N$1*$H50-$A50*N$17),=abs(O$1*$H50-$A50*O$17),=14-J50,,,,,,,,,,,,,,,,,,
13.0,=abs(B$1*$H51-$A51*B$17),=abs(C$1*$H51-$A51*C$17),=abs(D$1*$H51-$A51*D$17),=abs(E$1*$H51-$A51*E$17),=abs(F$1*$H51-$A51*F$17),=abs(G$1*$H51-$A51*G$17),=14-A51,,13.0,=abs(K$1*$H51-$A51*K$17),=abs(L$1*$H51-$A51*L$17),=abs(M$1*$H51-$A51*M$17),=abs(N$1*$H51-$A51*N$17),=abs(O$1*$H51-$A51*O$17),=14-J51,,,,,,,,,,,,,,,,,,
14.0,=abs(B$1*$H52-$A52*B$17),=abs(C$1*$H52-$A52*C$17),=abs(D$1*$H52-$A52*D$17),=abs(E$1*$H52-$A52*E$17),=abs(F$1*$H52-$A52*F$17),=abs(G$1*$H52-$A52*G$17),=14-A52,,14.0,=abs(K$1*$H52-$A52*K$17),=abs(L$1*$H52-$A52*L$17),=abs(M$1*$H52-$A52*M$17),=abs(N$1*$H52-$A52*N$17),=abs(O$1*$H52-$A52*O$17),=14-J52,,,,,,,,,,,,,,,,,,
,=5-B37,=5-C37,=5-D37,=5-E37,=5-F37,=5-G37,,,,=4-K37,=4-L37,=4-M37,=4-N37,=4-O37,,,,,,,,,,,,,,,,,,,
,,,,,,,,,,,,,,,,,,,,,,,,,,,,,,,,,
,0.0,1.0,2.0,3.0,4.0,5.0,,,,0.0,1.0,2.0,3.0,4.0,,,,0.0,1.0,2.0,3.0,4.0,5.0,6.0,,,,0.0,1.0,2.0,3.0,4.0,
0.0,"=MIN(B$1*$H56,$A56*B$17)","=MIN(C$1*$H56,$A56*C$17)","=MIN(D$1*$H56,$A56*D$17)","=MIN(E$1*$H56,$A56*E$17)","=MIN(F$1*$H56,$A56*F$17)","=MIN(G$1*$H56,$A56*G$17)",=14-A56,,0.0,"=MIN(K$1*$H56,$A56*K$17)","=MIN(L$1*$H56,$A56*L$17)","=MIN(M$1*$H56,$A56*M$17)","=MIN(N$1*$H56,$A56*N$17)","=MIN(O$1*$H56,$A56*O$17)",=14-J56,,0.0,"=MIN(S$1*$Z56,$A56*S$12)","=MIN(T$1*$Z56,$A56*T$12)","=MIN(U$1*$Z56,$A56*U$12)","=MIN(V$1*$Z56,$A56*V$12)","=MIN(W$1*$Z56,$A56*W$12)","=MIN(X$1*$Z56,$A56*X$12)","=MIN(Y$1*$Z56,$A56*Y$12)",=9-R56,,0.0,"=MIN(AC$1*$Z56,$A56*AC$12)","=MIN(AD$1*$Z56,$A56*AD$12)","=MIN(AE$1*$Z56,$A56*AE$12)","=MIN(AF$1*$Z56,$A56*AF$12)","=MIN(AG$1*$Z56,$A56*AG$12)",=9-AB56
1.0,"=MIN(B$1*$H57,$A57*B$17)","=MIN(C$1*$H57,$A57*C$17)","=MIN(D$1*$H57,$A57*D$17)","=MIN(E$1*$H57,$A57*E$17)","=MIN(F$1*$H57,$A57*F$17)","=MIN(G$1*$H57,$A57*G$17)",=14-A57,,1.0,"=MIN(K$1*$H57,$A57*K$17)","=MIN(L$1*$H57,$A57*L$17)","=MIN(M$1*$H57,$A57*M$17)","=MIN(N$1*$H57,$A57*N$17)","=MIN(O$1*$H57,$A57*O$17)",=14-J57,,1.0,"=MIN(S$1*$Z57,$A57*S$12)","=MIN(T$1*$Z57,$A57*T$12)","=MIN(U$1*$Z57,$A57*U$12)","=MIN(V$1*$Z57,$A57*V$12)","=MIN(W$1*$Z57,$A57*W$12)","=MIN(X$1*$Z57,$A57*X$12)","=MIN(Y$1*$Z57,$A57*Y$12)",=9-R57,,1.0,"=MIN(AC$1*$Z57,$A57*AC$12)","=MIN(AD$1*$Z57,$A57*AD$12)","=MIN(AE$1*$Z57,$A57*AE$12)","=MIN(AF$1*$Z57,$A57*AF$12)","=MIN(AG$1*$Z57,$A57*AG$12)",=9-AB57
2.0,"=MIN(B$1*$H58,$A58*B$17)","=MIN(C$1*$H58,$A58*C$17)","=MIN(D$1*$H58,$A58*D$17)","=MIN(E$1*$H58,$A58*E$17)","=MIN(F$1*$H58,$A58*F$17)","=MIN(G$1*$H58,$A58*G$17)",=14-A58,,2.0,"=MIN(K$1*$H58,$A58*K$17)","=MIN(L$1*$H58,$A58*L$17)","=MIN(M$1*$H58,$A58*M$17)","=MIN(N$1*$H58,$A58*N$17)","=MIN(O$1*$H58,$A58*O$17)",=14-J58,,2.0,"=MIN(S$1*$Z58,$A58*S$12)","=MIN(T$1*$Z58,$A58*T$12)","=MIN(U$1*$Z58,$A58*U$12)","=MIN(V$1*$Z58,$A58*V$12)","=MIN(W$1*$Z58,$A58*W$12)","=MIN(X$1*$Z58,$A58*X$12)","=MIN(Y$1*$Z58,$A58*Y$12)",=9-R58,,2.0,"=MIN(AC$1*$Z58,$A58*AC$12)","=MIN(AD$1*$Z58,$A58*AD$12)","=MIN(AE$1*$Z58,$A58*AE$12)","=MIN(AF$1*$Z58,$A58*AF$12)","=MIN(AG$1*$Z58,$A58*AG$12)",=9-AB58
3.0,"=MIN(B$1*$H59,$A59*B$17)","=MIN(C$1*$H59,$A59*C$17)","=MIN(D$1*$H59,$A59*D$17)","=MIN(E$1*$H59,$A59*E$17)","=MIN(F$1*$H59,$A59*F$17)","=MIN(G$1*$H59,$A59*G$17)",=14-A59,,3.0,"=MIN(K$1*$H59,$A59*K$17)","=MIN(L$1*$H59,$A59*L$17)","=MIN(M$1*$H59,$A59*M$17)","=MIN(N$1*$H59,$A59*N$17)","=MIN(O$1*$H59,$A59*O$17)",=14-J59,,3.0,"=MIN(S$1*$Z59,$A59*S$12)","=MIN(T$1*$Z59,$A59*T$12)","=MIN(U$1*$Z59,$A59*U$12)","=MIN(V$1*$Z59,$A59*V$12)","=MIN(W$1*$Z59,$A59*W$12)","=MIN(X$1*$Z59,$A59*X$12)","=MIN(Y$1*$Z59,$A59*Y$12)",=9-R59,,3.0,"=MIN(AC$1*$Z59,$A59*AC$12)","=MIN(AD$1*$Z59,$A59*AD$12)","=MIN(AE$1*$Z59,$A59*AE$12)","=MIN(AF$1*$Z59,$A59*AF$12)","=MIN(AG$1*$Z59,$A59*AG$12)",=9-AB59
4.0,"=MIN(B$1*$H60,$A60*B$17)","=MIN(C$1*$H60,$A60*C$17)","=MIN(D$1*$H60,$A60*D$17)","=MIN(E$1*$H60,$A60*E$17)","=MIN(F$1*$H60,$A60*F$17)","=MIN(G$1*$H60,$A60*G$17)",=14-A60,,4.0,"=MIN(K$1*$H60,$A60*K$17)","=MIN(L$1*$H60,$A60*L$17)","=MIN(M$1*$H60,$A60*M$17)","=MIN(N$1*$H60,$A60*N$17)","=MIN(O$1*$H60,$A60*O$17)",=14-J60,,4.0,"=MIN(S$1*$Z60,$A60*S$12)","=MIN(T$1*$Z60,$A60*T$12)","=MIN(U$1*$Z60,$A60*U$12)","=MIN(V$1*$Z60,$A60*V$12)","=MIN(W$1*$Z60,$A60*W$12)","=MIN(X$1*$Z60,$A60*X$12)","=MIN(Y$1*$Z60,$A60*Y$12)",=9-R60,,4.0,"=MIN(AC$1*$Z60,$A60*AC$12)","=MIN(AD$1*$Z60,$A60*AD$12)","=MIN(AE$1*$Z60,$A60*AE$12)","=MIN(AF$1*$Z60,$A60*AF$12)","=MIN(AG$1*$Z60,$A60*AG$12)",=9-AB60
5.0,"=MIN(B$1*$H61,$A61*B$17)","=MIN(C$1*$H61,$A61*C$17)","=MIN(D$1*$H61,$A61*D$17)","=MIN(E$1*$H61,$A61*E$17)","=MIN(F$1*$H61,$A61*F$17)","=MIN(G$1*$H61,$A61*G$17)",=14-A61,,5.0,"=MIN(K$1*$H61,$A61*K$17)","=MIN(L$1*$H61,$A61*L$17)","=MIN(M$1*$H61,$A61*M$17)","=MIN(N$1*$H61,$A61*N$17)","=MIN(O$1*$H61,$A61*O$17)",=14-J61,,5.0,"=MIN(S$1*$Z61,$A61*S$12)","=MIN(T$1*$Z61,$A61*T$12)","=MIN(U$1*$Z61,$A61*U$12)","=MIN(V$1*$Z61,$A61*V$12)","=MIN(W$1*$Z61,$A61*W$12)","=MIN(X$1*$Z61,$A61*X$12)","=MIN(Y$1*$Z61,$A61*Y$12)",=9-R61,,5.0,"=MIN(AC$1*$Z61,$A61*AC$12)","=MIN(AD$1*$Z61,$A61*AD$12)","=MIN(AE$1*$Z61,$A61*AE$12)","=MIN(AF$1*$Z61,$A61*AF$12)","=MIN(AG$1*$Z61,$A61*AG$12)",=9-AB61
6.0,"=MIN(B$1*$H62,$A62*B$17)","=MIN(C$1*$H62,$A62*C$17)","=MIN(D$1*$H62,$A62*D$17)","=MIN(E$1*$H62,$A62*E$17)","=MIN(F$1*$H62,$A62*F$17)","=MIN(G$1*$H62,$A62*G$17)",=14-A62,,6.0,"=MIN(K$1*$H62,$A62*K$17)","=MIN(L$1*$H62,$A62*L$17)","=MIN(M$1*$H62,$A62*M$17)","=MIN(N$1*$H62,$A62*N$17)","=MIN(O$1*$H62,$A62*O$17)",=14-J62,,6.0,"=MIN(S$1*$Z62,$A62*S$12)","=MIN(T$1*$Z62,$A62*T$12)","=MIN(U$1*$Z62,$A62*U$12)","=MIN(V$1*$Z62,$A62*V$12)","=MIN(W$1*$Z62,$A62*W$12)","=MIN(X$1*$Z62,$A62*X$12)","=MIN(Y$1*$Z62,$A62*Y$12)",=9-R62,,6.0,"=MIN(AC$1*$Z62,$A62*AC$12)","=MIN(AD$1*$Z62,$A62*AD$12)","=MIN(AE$1*$Z62,$A62*AE$12)","=MIN(AF$1*$Z62,$A62*AF$12)","=MIN(AG$1*$Z62,$A62*AG$12)",=9-AB62
7.0,"=MIN(B$1*$H63,$A63*B$17)","=MIN(C$1*$H63,$A63*C$17)","=MIN(D$1*$H63,$A63*D$17)","=MIN(E$1*$H63,$A63*E$17)","=MIN(F$1*$H63,$A63*F$17)","=MIN(G$1*$H63,$A63*G$17)",=14-A63,,7.0,"=MIN(K$1*$H63,$A63*K$17)","=MIN(L$1*$H63,$A63*L$17)","=MIN(M$1*$H63,$A63*M$17)","=MIN(N$1*$H63,$A63*N$17)","=MIN(O$1*$H63,$A63*O$17)",=14-J63,,7.0,"=MIN(S$1*$Z63,$A63*S$12)","=MIN(T$1*$Z63,$A63*T$12)","=MIN(U$1*$Z63,$A63*U$12)","=MIN(V$1*$Z63,$A63*V$12)","=MIN(W$1*$Z63,$A63*W$12)","=MIN(X$1*$Z63,$A63*X$12)","=MIN(Y$1*$Z63,$A63*Y$12)",=9-R63,,7.0,"=MIN(AC$1*$Z63,$A63*AC$12)","=MIN(AD$1*$Z63,$A63*AD$12)","=MIN(AE$1*$Z63,$A63*AE$12)","=MIN(AF$1*$Z63,$A63*AF$12)","=MIN(AG$1*$Z63,$A63*AG$12)",=9-AB63
8.0,"=MIN(B$1*$H64,$A64*B$17)","=MIN(C$1*$H64,$A64*C$17)","=MIN(D$1*$H64,$A64*D$17)","=MIN(E$1*$H64,$A64*E$17)","=MIN(F$1*$H64,$A64*F$17)","=MIN(G$1*$H64,$A64*G$17)",=14-A64,,8.0,"=MIN(K$1*$H64,$A64*K$17)","=MIN(L$1*$H64,$A64*L$17)","=MIN(M$1*$H64,$A64*M$17)","=MIN(N$1*$H64,$A64*N$17)","=MIN(O$1*$H64,$A64*O$17)",=14-J64,,8.0,"=MIN(S$1*$Z64,$A64*S$12)","=MIN(T$1*$Z64,$A64*T$12)","=MIN(U$1*$Z64,$A64*U$12)","=MIN(V$1*$Z64,$A64*V$12)","=MIN(W$1*$Z64,$A64*W$12)","=MIN(X$1*$Z64,$A64*X$12)","=MIN(Y$1*$Z64,$A64*Y$12)",=9-R64,,8.0,"=MIN(AC$1*$Z64,$A64*AC$12)","=MIN(AD$1*$Z64,$A64*AD$12)","=MIN(AE$1*$Z64,$A64*AE$12)","=MIN(AF$1*$Z64,$A64*AF$12)","=MIN(AG$1*$Z64,$A64*AG$12)",=9-AB64
9.0,"=MIN(B$1*$H65,$A65*B$17)","=MIN(C$1*$H65,$A65*C$17)","=MIN(D$1*$H65,$A65*D$17)","=MIN(E$1*$H65,$A65*E$17)","=MIN(F$1*$H65,$A65*F$17)","=MIN(G$1*$H65,$A65*G$17)",=14-A65,,9.0,"=MIN(K$1*$H65,$A65*K$17)","=MIN(L$1*$H65,$A65*L$17)","=MIN(M$1*$H65,$A65*M$17)","=MIN(N$1*$H65,$A65*N$17)","=MIN(O$1*$H65,$A65*O$17)",=14-J65,,9.0,"=MIN(S$1*$Z65,$A65*S$12)","=MIN(T$1*$Z65,$A65*T$12)","=MIN(U$1*$Z65,$A65*U$12)","=MIN(V$1*$Z65,$A65*V$12)","=MIN(W$1*$Z65,$A65*W$12)","=MIN(X$1*$Z65,$A65*X$12)","=MIN(Y$1*$Z65,$A65*Y$12)",=9-R65,,9.0,"=MIN(AC$1*$Z65,$A65*AC$12)","=MIN(AD$1*$Z65,$A65*AD$12)","=MIN(AE$1*$Z65,$A65*AE$12)","=MIN(AF$1*$Z65,$A65*AF$12)","=MIN(AG$1*$Z65,$A65*AG$12)",=9-AB65
10.0,"=MIN(B$1*$H66,$A66*B$17)","=MIN(C$1*$H66,$A66*C$17)","=MIN(D$1*$H66,$A66*D$17)","=MIN(E$1*$H66,$A66*E$17)","=MIN(F$1*$H66,$A66*F$17)","=MIN(G$1*$H66,$A66*G$17)",=14-A66,,10.0,"=MIN(K$1*$H66,$A66*K$17)","=MIN(L$1*$H66,$A66*L$17)","=MIN(M$1*$H66,$A66*M$17)","=MIN(N$1*$H66,$A66*N$17)","=MIN(O$1*$H66,$A66*O$17)",=14-J66,,,=6-S55,=6-T55,=6-U55,=6-V55,=6-W55,=6-X55,=6-Y55,,,,=4-AC55,=4-AD55,=4-AE55,=4-AF55,=4-AG55,
11.0,"=MIN(B$1*$H67,$A67*B$17)","=MIN(C$1*$H67,$A67*C$17)","=MIN(D$1*$H67,$A67*D$17)","=MIN(E$1*$H67,$A67*E$17)","=MIN(F$1*$H67,$A67*F$17)","=MIN(G$1*$H67,$A67*G$17)",=14-A67,,11.0,"=MIN(K$1*$H67,$A67*K$17)","=MIN(L$1*$H67,$A67*L$17)","=MIN(M$1*$H67,$A67*M$17)","=MIN(N$1*$H67,$A67*N$17)","=MIN(O$1*$H67,$A67*O$17)",=14-J67,,,,,,,,,,,,,,,,,,
12.0,"=MIN(B$1*$H68,$A68*B$17)","=MIN(C$1*$H68,$A68*C$17)","=MIN(D$1*$H68,$A68*D$17)","=MIN(E$1*$H68,$A68*E$17)","=MIN(F$1*$H68,$A68*F$17)","=MIN(G$1*$H68,$A68*G$17)",=14-A68,,12.0,"=MIN(K$1*$H68,$A68*K$17)","=MIN(L$1*$H68,$A68*L$17)","=MIN(M$1*$H68,$A68*M$17)","=MIN(N$1*$H68,$A68*N$17)","=MIN(O$1*$H68,$A68*O$17)",=14-J68,,,,,,,,,,,,,,,,,,
13.0,"=MIN(B$1*$H69,$A69*B$17)","=MIN(C$1*$H69,$A69*C$17)","=MIN(D$1*$H69,$A69*D$17)","=MIN(E$1*$H69,$A69*E$17)","=MIN(F$1*$H69,$A69*F$17)","=MIN(G$1*$H69,$A69*G$17)",=14-A69,,13.0,"=MIN(K$1*$H69,$A69*K$17)","=MIN(L$1*$H69,$A69*L$17)","=MIN(M$1*$H69,$A69*M$17)","=MIN(N$1*$H69,$A69*N$17)","=MIN(O$1*$H69,$A69*O$17)",=14-J69,,,,,,,,,,,,,,,,,,
14.0,"=MIN(B$1*$H70,$A70*B$17)","=MIN(C$1*$H70,$A70*C$17)","=MIN(D$1*$H70,$A70*D$17)","=MIN(E$1*$H70,$A70*E$17)","=MIN(F$1*$H70,$A70*F$17)","=MIN(G$1*$H70,$A70*G$17)",=14-A70,,14.0,"=MIN(K$1*$H70,$A70*K$17)","=MIN(L$1*$H70,$A70*L$17)","=MIN(M$1*$H70,$A70*M$17)","=MIN(N$1*$H70,$A70*N$17)","=MIN(O$1*$H70,$A70*O$17)",=14-J70,,,,,,,,,,,,,,,,,,
,=5-B55,=5-C55,=5-D55,=5-E55,=5-F55,=5-G55,,,,=4-K55,=4-L55,=4-M55,=4-N55,=4-O55,,,,,,,,,,,,,,,,,,,
,,,,,,,,,,,,,,,,,,,,,,,,,,,,,,,,,
,0.0,1.0,2.0,3.0,4.0,5.0,,,,0.0,1.0,2.0,3.0,4.0,,,,0.0,1.0,2.0,3.0,4.0,5.0,6.0,,,,0.0,1.0,2.0,3.0,4.0,
0.0,=B$1*$H74+$A74*B$17,=C$1*$H74+$A74*C$17,=D$1*$H74+$A74*D$17,=E$1*$H74+$A74*E$17,=F$1*$H74+$A74*F$17,=G$1*$H74+$A74*G$17,=14-A74,,0.0,=K$1*$H74+$A74*K$17,=L$1*$H74+$A74*L$17,=M$1*$H74+$A74*M$17,=N$1*$H74+$A74*N$17,=O$1*$H74+$A74*O$17,=14-J74,,0.0,=S$1*$Z74+$A74*S$12,=T$1*$Z74+$A74*T$12,=U$1*$Z74+$A74*U$12,=V$1*$Z74+$A74*V$12,=W$1*$Z74+$A74*W$12,=X$1*$Z74+$A74*X$12,=Y$1*$Z74+$A74*Y$12,=9-R74,,0.0,=AC$1*$Z74+$A74*AC$12,=AD$1*$Z74+$A74*AD$12,=AE$1*$Z74+$A74*AE$12,=AF$1*$Z74+$A74*AF$12,=AG$1*$Z74+$A74*AG$12,=9-AB74
1.0,=B$1*$H75+$A75*B$17,=C$1*$H75+$A75*C$17,=D$1*$H75+$A75*D$17,=E$1*$H75+$A75*E$17,=F$1*$H75+$A75*F$17,=G$1*$H75+$A75*G$17,=14-A75,,1.0,=K$1*$H75+$A75*K$17,=L$1*$H75+$A75*L$17,=M$1*$H75+$A75*M$17,=N$1*$H75+$A75*N$17,=O$1*$H75+$A75*O$17,=14-J75,,1.0,=S$1*$Z75+$A75*S$12,=T$1*$Z75+$A75*T$12,=U$1*$Z75+$A75*U$12,=V$1*$Z75+$A75*V$12,=W$1*$Z75+$A75*W$12,=X$1*$Z75+$A75*X$12,=Y$1*$Z75+$A75*Y$12,=9-R75,,1.0,=AC$1*$Z75+$A75*AC$12,=AD$1*$Z75+$A75*AD$12,=AE$1*$Z75+$A75*AE$12,=AF$1*$Z75+$A75*AF$12,=AG$1*$Z75+$A75*AG$12,=9-AB75
2.0,=B$1*$H76+$A76*B$17,=C$1*$H76+$A76*C$17,=D$1*$H76+$A76*D$17,=E$1*$H76+$A76*E$17,=F$1*$H76+$A76*F$17,=G$1*$H76+$A76*G$17,=14-A76,,2.0,=K$1*$H76+$A76*K$17,=L$1*$H76+$A76*L$17,=M$1*$H76+$A76*M$17,=N$1*$H76+$A76*N$17,=O$1*$H76+$A76*O$17,=14-J76,,2.0,=S$1*$Z76+$A76*S$12,=T$1*$Z76+$A76*T$12,=U$1*$Z76+$A76*U$12,=V$1*$Z76+$A76*V$12,=W$1*$Z76+$A76*W$12,=X$1*$Z76+$A76*X$12,=Y$1*$Z76+$A76*Y$12,=9-R76,,2.0,=AC$1*$Z76+$A76*AC$12,=AD$1*$Z76+$A76*AD$12,=AE$1*$Z76+$A76*AE$12,=AF$1*$Z76+$A76*AF$12,=AG$1*$Z76+$A76*AG$12,=9-AB76
3.0,=B$1*$H77+$A77*B$17,=C$1*$H77+$A77*C$17,=D$1*$H77+$A77*D$17,=E$1*$H77+$A77*E$17,=F$1*$H77+$A77*F$17,=G$1*$H77+$A77*G$17,=14-A77,,3.0,=K$1*$H77+$A77*K$17,=L$1*$H77+$A77*L$17,=M$1*$H77+$A77*M$17,=N$1*$H77+$A77*N$17,=O$1*$H77+$A77*O$17,=14-J77,,3.0,=S$1*$Z77+$A77*S$12,=T$1*$Z77+$A77*T$12,=U$1*$Z77+$A77*U$12,=V$1*$Z77+$A77*V$12,=W$1*$Z77+$A77*W$12,=X$1*$Z77+$A77*X$12,=Y$1*$Z77+$A77*Y$12,=9-R77,,3.0,=AC$1*$Z77+$A77*AC$12,=AD$1*$Z77+$A77*AD$12,=AE$1*$Z77+$A77*AE$12,=AF$1*$Z77+$A77*AF$12,=AG$1*$Z77+$A77*AG$12,=9-AB77
4.0,=B$1*$H78+$A78*B$17,=C$1*$H78+$A78*C$17,=D$1*$H78+$A78*D$17,=E$1*$H78+$A78*E$17,=F$1*$H78+$A78*F$17,=G$1*$H78+$A78*G$17,=14-A78,,4.0,=K$1*$H78+$A78*K$17,=L$1*$H78+$A78*L$17,=M$1*$H78+$A78*M$17,=N$1*$H78+$A78*N$17,=O$1*$H78+$A78*O$17,=14-J78,,4.0,=S$1*$Z78+$A78*S$12,=T$1*$Z78+$A78*T$12,=U$1*$Z78+$A78*U$12,=V$1*$Z78+$A78*V$12,=W$1*$Z78+$A78*W$12,=X$1*$Z78+$A78*X$12,=Y$1*$Z78+$A78*Y$12,=9-R78,,4.0,=AC$1*$Z78+$A78*AC$12,=AD$1*$Z78+$A78*AD$12,=AE$1*$Z78+$A78*AE$12,=AF$1*$Z78+$A78*AF$12,=AG$1*$Z78+$A78*AG$12,=9-AB78
5.0,=B$1*$H79+$A79*B$17,=C$1*$H79+$A79*C$17,=D$1*$H79+$A79*D$17,=E$1*$H79+$A79*E$17,=F$1*$H79+$A79*F$17,=G$1*$H79+$A79*G$17,=14-A79,,5.0,=K$1*$H79+$A79*K$17,=L$1*$H79+$A79*L$17,=M$1*$H79+$A79*M$17,=N$1*$H79+$A79*N$17,=O$1*$H79+$A79*O$17,=14-J79,,5.0,=S$1*$Z79+$A79*S$12,=T$1*$Z79+$A79*T$12,=U$1*$Z79+$A79*U$12,=V$1*$Z79+$A79*V$12,=W$1*$Z79+$A79*W$12,=X$1*$Z79+$A79*X$12,=Y$1*$Z79+$A79*Y$12,=9-R79,,5.0,=AC$1*$Z79+$A79*AC$12,=AD$1*$Z79+$A79*AD$12,=AE$1*$Z79+$A79*AE$12,=AF$1*$Z79+$A79*AF$12,=AG$1*$Z79+$A79*AG$12,=9-AB79
6.0,=B$1*$H80+$A80*B$17,=C$1*$H80+$A80*C$17,=D$1*$H80+$A80*D$17,=E$1*$H80+$A80*E$17,=F$1*$H80+$A80*F$17,=G$1*$H80+$A80*G$17,=14-A80,,6.0,=K$1*$H80+$A80*K$17,=L$1*$H80+$A80*L$17,=M$1*$H80+$A80*M$17,=N$1*$H80+$A80*N$17,=O$1*$H80+$A80*O$17,=14-J80,,6.0,=S$1*$Z80+$A80*S$12,=T$1*$Z80+$A80*T$12,=U$1*$Z80+$A80*U$12,=V$1*$Z80+$A80*V$12,=W$1*$Z80+$A80*W$12,=X$1*$Z80+$A80*X$12,=Y$1*$Z80+$A80*Y$12,=9-R80,,6.0,=AC$1*$Z80+$A80*AC$12,=AD$1*$Z80+$A80*AD$12,=AE$1*$Z80+$A80*AE$12,=AF$1*$Z80+$A80*AF$12,=AG$1*$Z80+$A80*AG$12,=9-AB80
7.0,=B$1*$H81+$A81*B$17,=C$1*$H81+$A81*C$17,=D$1*$H81+$A81*D$17,=E$1*$H81+$A81*E$17,=F$1*$H81+$A81*F$17,=G$1*$H81+$A81*G$17,=14-A81,,7.0,=K$1*$H81+$A81*K$17,=L$1*$H81+$A81*L$17,=M$1*$H81+$A81*M$17,=N$1*$H81+$A81*N$17,=O$1*$H81+$A81*O$17,=14-J81,,7.0,=S$1*$Z81+$A81*S$12,=T$1*$Z81+$A81*T$12,=U$1*$Z81+$A81*U$12,=V$1*$Z81+$A81*V$12,=W$1*$Z81+$A81*W$12,=X$1*$Z81+$A81*X$12,=Y$1*$Z81+$A81*Y$12,=9-R81,,7.0,=AC$1*$Z81+$A81*AC$12,=AD$1*$Z81+$A81*AD$12,=AE$1*$Z81+$A81*AE$12,=AF$1*$Z81+$A81*AF$12,=AG$1*$Z81+$A81*AG$12,=9-AB81
8.0,=B$1*$H82+$A82*B$17,=C$1*$H82+$A82*C$17,=D$1*$H82+$A82*D$17,=E$1*$H82+$A82*E$17,=F$1*$H82+$A82*F$17,=G$1*$H82+$A82*G$17,=14-A82,,8.0,=K$1*$H82+$A82*K$17,=L$1*$H82+$A82*L$17,=M$1*$H82+$A82*M$17,=N$1*$H82+$A82*N$17,=O$1*$H82+$A82*O$17,=14-J82,,8.0,=S$1*$Z82+$A82*S$12,=T$1*$Z82+$A82*T$12,=U$1*$Z82+$A82*U$12,=V$1*$Z82+$A82*V$12,=W$1*$Z82+$A82*W$12,=X$1*$Z82+$A82*X$12,=Y$1*$Z82+$A82*Y$12,=9-R82,,8.0,=AC$1*$Z82+$A82*AC$12,=AD$1*$Z82+$A82*AD$12,=AE$1*$Z82+$A82*AE$12,=AF$1*$Z82+$A82*AF$12,=AG$1*$Z82+$A82*AG$12,=9-AB82
9.0,=B$1*$H83+$A83*B$17,=C$1*$H83+$A83*C$17,=D$1*$H83+$A83*D$17,=E$1*$H83+$A83*E$17,=F$1*$H83+$A83*F$17,=G$1*$H83+$A83*G$17,=14-A83,,9.0,=K$1*$H83+$A83*K$17,=L$1*$H83+$A83*L$17,=M$1*$H83+$A83*M$17,=N$1*$H83+$A83*N$17,=O$1*$H83+$A83*O$17,=14-J83,,9.0,=S$1*$Z83+$A83*S$12,=T$1*$Z83+$A83*T$12,=U$1*$Z83+$A83*U$12,=V$1*$Z83+$A83*V$12,=W$1*$Z83+$A83*W$12,=X$1*$Z83+$A83*X$12,=Y$1*$Z83+$A83*Y$12,=9-R83,,9.0,=AC$1*$Z83+$A83*AC$12,=AD$1*$Z83+$A83*AD$12,=AE$1*$Z83+$A83*AE$12,=AF$1*$Z83+$A83*AF$12,=AG$1*$Z83+$A83*AG$12,=9-AB83
10.0,=B$1*$H84+$A84*B$17,=C$1*$H84+$A84*C$17,=D$1*$H84+$A84*D$17,=E$1*$H84+$A84*E$17,=F$1*$H84+$A84*F$17,=G$1*$H84+$A84*G$17,=14-A84,,10.0,=K$1*$H84+$A84*K$17,=L$1*$H84+$A84*L$17,=M$1*$H84+$A84*M$17,=N$1*$H84+$A84*N$17,=O$1*$H84+$A84*O$17,=14-J84,,,=6-S73,=6-T73,=6-U73,=6-V73,=6-W73,=6-X73,=6-Y73,,,,=4-AC73,=4-AD73,=4-AE73,=4-AF73,=4-AG73,
11.0,=B$1*$H85+$A85*B$17,=C$1*$H85+$A85*C$17,=D$1*$H85+$A85*D$17,=E$1*$H85+$A85*E$17,=F$1*$H85+$A85*F$17,=G$1*$H85+$A85*G$17,=14-A85,,11.0,=K$1*$H85+$A85*K$17,=L$1*$H85+$A85*L$17,=M$1*$H85+$A85*M$17,=N$1*$H85+$A85*N$17,=O$1*$H85+$A85*O$17,=14-J85,,,,,,,,,,,,,,,,,,
12.0,=B$1*$H86+$A86*B$17,=C$1*$H86+$A86*C$17,=D$1*$H86+$A86*D$17,=E$1*$H86+$A86*E$17,=F$1*$H86+$A86*F$17,=G$1*$H86+$A86*G$17,=14-A86,,12.0,=K$1*$H86+$A86*K$17,=L$1*$H86+$A86*L$17,=M$1*$H86+$A86*M$17,=N$1*$H86+$A86*N$17,=O$1*$H86+$A86*O$17,=14-J86,,,,,,,,,,,,,,,,,,
13.0,=B$1*$H87+$A87*B$17,=C$1*$H87+$A87*C$17,=D$1*$H87+$A87*D$17,=E$1*$H87+$A87*E$17,=F$1*$H87+$A87*F$17,=G$1*$H87+$A87*G$17,=14-A87,,13.0,=K$1*$H87+$A87*K$17,=L$1*$H87+$A87*L$17,=M$1*$H87+$A87*M$17,=N$1*$H87+$A87*N$17,=O$1*$H87+$A87*O$17,=14-J87,,,,,,,,,,,,,,,,,,
14.0,=B$1*$H88+$A88*B$17,=C$1*$H88+$A88*C$17,=D$1*$H88+$A88*D$17,=E$1*$H88+$A88*E$17,=F$1*$H88+$A88*F$17,=G$1*$H88+$A88*G$17,=14-A88,,14.0,=K$1*$H88+$A88*K$17,=L$1*$H88+$A88*L$17,=M$1*$H88+$A88*M$17,=N$1*$H88+$A88*N$17,=O$1*$H88+$A88*O$17,=14-J88,,,,,,,,,,,,,,,,,,
,=5-B73,=5-C73,=5-D73,=5-E73,=5-F73,=5-G73,,,,=4-K73,=4-L73,=4-M73,=4-N73,=4-O73,,,,,,,,,,,,,,,,,,,
,,,,,,,,,,,,,,,,,,,,,,,,,,,,,,,,,
,,,,,,,,,,,,,,,,,,,,,,,,,,,,,,,,,
,,24.0,,0.0,,12.0,,32.0,,,,=sum(C92:I92),,,,,,,,,,,,,,,,,,,,,
,,18.0,16.0,0.0,16.0,12.0,15.0,4.0,0.0,,,=sum(C93:I93),,,,,,,,,,,,,,,,,,,,,
,,12.0,,40.0,,15.0,,0.0,,,,=sum(C94:I94),,,,,,,,,,,,,,,,,,,,,
