,0.0,1.0,2.0,3.0,4.0,5.0,6.0,7.0,8.0,9.0,10.0,11.0,12.0,13.0,14.0,15.0,16.0,17.0,18.0,19.0,20.0,21.0,22.0,23.0,24.0,25.0,,,0.0,1.0,2.0,3.0,4.0,5.0,6.0,7.0,8.0,9.0,10.0,11.0,12.0,13.0,14.0
0.0,=B$1*$A2,=C$1*$A2,=D$1*$A2,=E$1*$A2,=F$1*$A2,=G$1*$A2,=H$1*$A2,=I$1*$A2,=J$1*$A2,=K$1*$A2,=L$1*$A2,=M$1*$A2,=N$1*$A2,=O$1*$A2,=P$1*$A2,=Q$1*$A2,=R$1*$A2,=S$1*$A2,=T$1*$A2,=U$1*$A2,=V$1*$A2,=W$1*$A2,=X$1*$A2,=Y$1*$A2,=Z$1*$A2,=AA$1*$A2,,0.0,=AD$1*$AC2,=AE$1*$AC2,=AF$1*$AC2,=AG$1*$AC2,=AH$1*$AC2,=AI$1*$AC2,=AJ$1*$AC2,=AK$1*$AC2,=AL$1*$AC2,=AM$1*$AC2,=AN$1*$AC2,=AO$1*$AC2,=AP$1*$AC2,=AQ$1*$AC2,=AR$1*$AC2
1.0,=B$1*$A3,=C$1*$A3,=D$1*$A3,=E$1*$A3,=F$1*$A3,=G$1*$A3,=H$1*$A3,=I$1*$A3,=J$1*$A3,=K$1*$A3,=L$1*$A3,=M$1*$A3,=N$1*$A3,=O$1*$A3,=P$1*$A3,=Q$1*$A3,=R$1*$A3,=S$1*$A3,=T$1*$A3,=U$1*$A3,=V$1*$A3,=W$1*$A3,=X$1*$A3,=Y$1*$A3,=Z$1*$A3,=AA$1*$A3,,1.0,=AD$1*$AC3,=AE$1*$AC3,=AF$1*$AC3,=AG$1*$AC3,=AH$1*$AC3,=AI$1*$AC3,=AJ$1*$AC3,=AK$1*$AC3,=AL$1*$AC3,=AM$1*$AC3,=AN$1*$AC3,=AO$1*$AC3,=AP$1*$AC3,=AQ$1*$AC3,=AR$1*$AC3
2.0,=B$1*$A4,=C$1*$A4,=D$1*$A4,=E$1*$A4,=F$1*$A4,=G$1*$A4,=H$1*$A4,=I$1*$A4,=J$1*$A4,=K$1*$A4,=L$1*$A4,=M$1*$A4,=N$1*$A4,=O$1*$A4,=P$1*$A4,=Q$1*$A4,=R$1*$A4,=S$1*$A4,=T$1*$A4,=U$1*$A4,=V$1*$A4,=W$1*$A4,=X$1*$A4,=Y$1*$A4,=Z$1*$A4,=AA$1*$A4,,2.0,=AD$1*$AC4,=AE$1*$AC4,=AF$1*$AC4,=AG$1*$AC4,=AH$1*$AC4,=AI$1*$AC4,=AJ$1*$AC4,=AK$1*$AC4,=AL$1*$AC4,=AM$1*$AC4,=AN$1*$AC4,=AO$1*$AC4,=AP$1*$AC4,=AQ$1*$AC4,=AR$1*$AC4
3.0,=B$1*$A5,=C$1*$A5,=D$1*$A5,=E$1*$A5,=F$1*$A5,=G$1*$A5,=H$1*$A5,=I$1*$A5,=J$1*$A5,=K$1*$A5,=L$1*$A5,=M$1*$A5,=N$1*$A5,=O$1*$A5,=P$1*$A5,=Q$1*$A5,=R$1*$A5,=S$1*$A5,=T$1*$A5,=U$1*$A5,=V$1*$A5,=W$1*$A5,=X$1*$A5,=Y$1*$A5,=Z$1*$A5,=AA$1*$A5,,3.0,=AD$1*$AC5,=AE$1*$AC5,=AF$1*$AC5,=AG$1*$AC5,=AH$1*$AC5,=AI$1*$AC5,=AJ$1*$AC5,=AK$1*$AC5,=AL$1*$AC5,=AM$1*$AC5,=AN$1*$AC5,=AO$1*$AC5,=AP$1*$AC5,=AQ$1*$AC5,=AR$1*$AC5
4.0,=B$1*$A6,=C$1*$A6,=D$1*$A6,=E$1*$A6,=F$1*$A6,=G$1*$A6,=H$1*$A6,=I$1*$A6,=J$1*$A6,=K$1*$A6,=L$1*$A6,=M$1*$A6,=N$1*$A6,=O$1*$A6,=P$1*$A6,=Q$1*$A6,=R$1*$A6,=S$1*$A6,=T$1*$A6,=U$1*$A6,=V$1*$A6,=W$1*$A6,=X$1*$A6,=Y$1*$A6,=Z$1*$A6,=AA$1*$A6,,4.0,=AD$1*$AC6,=AE$1*$AC6,=AF$1*$AC6,=AG$1*$AC6,=AH$1*$AC6,=AI$1*$AC6,=AJ$1*$AC6,=AK$1*$AC6,=AL$1*$AC6,=AM$1*$AC6,=AN$1*$AC6,=AO$1*$AC6,=AP$1*$AC6,=AQ$1*$AC6,=AR$1*$AC6
5.0,=B$1*$A7,=C$1*$A7,=D$1*$A7,=E$1*$A7,=F$1*$A7,=G$1*$A7,=H$1*$A7,=I$1*$A7,=J$1*$A7,=K$1*$A7,=L$1*$A7,=M$1*$A7,=N$1*$A7,=O$1*$A7,=P$1*$A7,=Q$1*$A7,=R$1*$A7,=S$1*$A7,=T$1*$A7,=U$1*$A7,=V$1*$A7,=W$1*$A7,=X$1*$A7,=Y$1*$A7,=Z$1*$A7,=AA$1*$A7,,5.0,=AD$1*$AC7,=AE$1*$AC7,=AF$1*$AC7,=AG$1*$AC7,=AH$1*$AC7,=AI$1*$AC7,=AJ$1*$AC7,=AK$1*$AC7,=AL$1*$AC7,=AM$1*$AC7,=AN$1*$AC7,=AO$1*$AC7,=AP$1*$AC7,=AQ$1*$AC7,=AR$1*$AC7
6.0,=B$1*$A8,=C$1*$A8,=D$1*$A8,=E$1*$A8,=F$1*$A8,=G$1*$A8,=H$1*$A8,=I$1*$A8,=J$1*$A8,=K$1*$A8,=L$1*$A8,=M$1*$A8,=N$1*$A8,=O$1*$A8,=P$1*$A8,=Q$1*$A8,=R$1*$A8,=S$1*$A8,=T$1*$A8,=U$1*$A8,=V$1*$A8,=W$1*$A8,=X$1*$A8,=Y$1*$A8,=Z$1*$A8,=AA$1*$A8,,6.0,=AD$1*$AC8,=AE$1*$AC8,=AF$1*$AC8,=AG$1*$AC8,=AH$1*$AC8,=AI$1*$AC8,=AJ$1*$AC8,=AK$1*$AC8,=AL$1*$AC8,=AM$1*$AC8,=AN$1*$AC8,=AO$1*$AC8,=AP$1*$AC8,=AQ$1*$AC8,=AR$1*$AC8
7.0,=B$1*$A9,=C$1*$A9,=D$1*$A9,=E$1*$A9,=F$1*$A9,=G$1*$A9,=H$1*$A9,=I$1*$A9,=J$1*$A9,=K$1*$A9,=L$1*$A9,=M$1*$A9,=N$1*$A9,=O$1*$A9,=P$1*$A9,=Q$1*$A9,=R$1*$A9,=S$1*$A9,=T$1*$A9,=U$1*$A9,=V$1*$A9,=W$1*$A9,=X$1*$A9,=Y$1*$A9,=Z$1*$A9,=AA$1*$A9,,7.0,=AD$1*$AC9,=AE$1*$AC9,=AF$1*$AC9,=AG$1*$AC9,=AH$1*$AC9,=AI$1*$AC9,=AJ$1*$AC9,=AK$1*$AC9,=AL$1*$AC9,=AM$1*$AC9,=AN$1*$AC9,=AO$1*$AC9,=AP$1*$AC9,=AQ$1*$AC9,=AR$1*$AC9
8.0,=B$1*$A10,=C$1*$A10,=D$1*$A10,=E$1*$A10,=F$1*$A10,=G$1*$A10,=H$1*$A10,=I$1*$A10,=J$1*$A10,=K$1*$A10,=L$1*$A10,=M$1*$A10,=N$1*$A10,=O$1*$A10,=P$1*$A10,=Q$1*$A10,=R$1*$A10,=S$1*$A10,=T$1*$A10,=U$1*$A10,=V$1*$A10,=W$1*$A10,=X$1*$A10,=Y$1*$A10,=Z$1*$A10,=AA$1*$A10,,8.0,=AD$1*$AC10,=AE$1*$AC10,=AF$1*$AC10,=AG$1*$AC10,=AH$1*$AC10,=AI$1*$AC10,=AJ$1*$AC10,=AK$1*$AC10,=AL$1*$AC10,=AM$1*$AC10,=AN$1*$AC10,=AO$1*$AC10,=AP$1*$AC10,=AQ$1*$AC10,=AR$1*$AC10
9.0,=B$1*$A11,=C$1*$A11,=D$1*$A11,=E$1*$A11,=F$1*$A11,=G$1*$A11,=H$1*$A11,=I$1*$A11,=J$1*$A11,=K$1*$A11,=L$1*$A11,=M$1*$A11,=N$1*$A11,=O$1*$A11,=P$1*$A11,=Q$1*$A11,=R$1*$A11,=S$1*$A11,=T$1*$A11,=U$1*$A11,=V$1*$A11,=W$1*$A11,=X$1*$A11,=Y$1*$A11,=Z$1*$A11,=AA$1*$A11,,9.0,=AD$1*$AC11,=AE$1*$AC11,=AF$1*$AC11,=AG$1*$AC11,=AH$1*$AC11,=AI$1*$AC11,=AJ$1*$AC11,=AK$1*$AC11,=AL$1*$AC11,=AM$1*$AC11,=AN$1*$AC11,=AO$1*$AC11,=AP$1*$AC11,=AQ$1*$AC11,=AR$1*$AC11
10.0,=B$1*$A12,=C$1*$A12,=D$1*$A12,=E$1*$A12,=F$1*$A12,=G$1*$A12,=H$1*$A12,=I$1*$A12,=J$1*$A12,=K$1*$A12,=L$1*$A12,=M$1*$A12,=N$1*$A12,=O$1*$A12,=P$1*$A12,=Q$1*$A12,=R$1*$A12,=S$1*$A12,=T$1*$A12,=U$1*$A12,=V$1*$A12,=W$1*$A12,=X$1*$A12,=Y$1*$A12,=Z$1*$A12,=AA$1*$A12,,10.0,=AD$1*$AC12,=AE$1*$AC12,=AF$1*$AC12,=AG$1*$AC12,=AH$1*$AC12,=AI$1*$AC12,=AJ$1*$AC12,=AK$1*$AC12,=AL$1*$AC12,=AM$1*$AC12,=AN$1*$AC12,=AO$1*$AC12,=AP$1*$AC12,=AQ$1*$AC12,=AR$1*$AC12
11.0,=B$1*$A13,=C$1*$A13,=D$1*$A13,=E$1*$A13,=F$1*$A13,=G$1*$A13,=H$1*$A13,=I$1*$A13,=J$1*$A13,=K$1*$A13,=L$1*$A13,=M$1*$A13,=N$1*$A13,=O$1*$A13,=P$1*$A13,=Q$1*$A13,=R$1*$A13,=S$1*$A13,=T$1*$A13,=U$1*$A13,=V$1*$A13,=W$1*$A13,=X$1*$A13,=Y$1*$A13,=Z$1*$A13,=AA$1*$A13,,11.0,=AD$1*$AC13,=AE$1*$AC13,=AF$1*$AC13,=AG$1*$AC13,=AH$1*$AC13,=AI$1*$AC13,=AJ$1*$AC13,=AK$1*$AC13,=AL$1*$AC13,=AM$1*$AC13,=AN$1*$AC13,=AO$1*$AC13,=AP$1*$AC13,=AQ$1*$AC13,=AR$1*$AC13
12.0,=B$1*$A14,=C$1*$A14,=D$1*$A14,=E$1*$A14,=F$1*$A14,=G$1*$A14,=H$1*$A14,=I$1*$A14,=J$1*$A14,=K$1*$A14,=L$1*$A14,=M$1*$A14,=N$1*$A14,=O$1*$A14,=P$1*$A14,=Q$1*$A14,=R$1*$A14,=S$1*$A14,=T$1*$A14,=U$1*$A14,=V$1*$A14,=W$1*$A14,=X$1*$A14,=Y$1*$A14,=Z$1*$A14,=AA$1*$A14,,12.0,=AD$1*$AC14,=AE$1*$AC14,=AF$1*$AC14,=AG$1*$AC14,=AH$1*$AC14,=AI$1*$AC14,=AJ$1*$AC14,=AK$1*$AC14,=AL$1*$AC14,=AM$1*$AC14,=AN$1*$AC14,=AO$1*$AC14,=AP$1*$AC14,=AQ$1*$AC14,=AR$1*$AC14
13.0,=B$1*$A15,=C$1*$A15,=D$1*$A15,=E$1*$A15,=F$1*$A15,=G$1*$A15,=H$1*$A15,=I$1*$A15,=J$1*$A15,=K$1*$A15,=L$1*$A15,=M$1*$A15,=N$1*$A15,=O$1*$A15,=P$1*$A15,=Q$1*$A15,=R$1*$A15,=S$1*$A15,=T$1*$A15,=U$1*$A15,=V$1*$A15,=W$1*$A15,=X$1*$A15,=Y$1*$A15,=Z$1*$A15,=AA$1*$A15,,13.0,=AD$1*$AC15,=AE$1*$AC15,=AF$1*$AC15,=AG$1*$AC15,=AH$1*$AC15,=AI$1*$AC15,=AJ$1*$AC15,=AK$1*$AC15,=AL$1*$AC15,=AM$1*$AC15,=AN$1*$AC15,=AO$1*$AC15,=AP$1*$AC15,=AQ$1*$AC15,=AR$1*$AC15
,,,,,,,,,,,,,,,,,,,,,,,,,,,,,,,,,,,,,,,,,,,
,0.0,1.0,2.0,3.0,4.0,5.0,6.0,7.0,8.0,9.0,10.0,11.0,12.0,13.0,14.0,15.0,16.0,17.0,18.0,19.0,20.0,21.0,22.0,23.0,24.0,25.0,,,0.0,1.0,2.0,3.0,4.0,5.0,6.0,7.0,8.0,9.0,10.0,11.0,12.0,13.0,14.0
0.0,=(25-B$1)*$A18 + B$1*(13-$A18),=(25-C$1)*$A18 + C$1*(13-$A18),=(25-D$1)*$A18 + D$1*(13-$A18),=(25-E$1)*$A18 + E$1*(13-$A18),=(25-F$1)*$A18 + F$1*(13-$A18),=(25-G$1)*$A18 + G$1*(13-$A18),=(25-H$1)*$A18 + H$1*(13-$A18),=(25-I$1)*$A18 + I$1*(13-$A18),=(25-J$1)*$A18 + J$1*(13-$A18),=(25-K$1)*$A18 + K$1*(13-$A18),=(25-L$1)*$A18 + L$1*(13-$A18),=(25-M$1)*$A18 + M$1*(13-$A18),=(25-N$1)*$A18 + N$1*(13-$A18),=(25-O$1)*$A18 + O$1*(13-$A18),=(25-P$1)*$A18 + P$1*(13-$A18),=(25-Q$1)*$A18 + Q$1*(13-$A18),=(25-R$1)*$A18 + R$1*(13-$A18),=(25-S$1)*$A18 + S$1*(13-$A18),=(25-T$1)*$A18 + T$1*(13-$A18),=(25-U$1)*$A18 + U$1*(13-$A18),=(25-V$1)*$A18 + V$1*(13-$A18),=(25-W$1)*$A18 + W$1*(13-$A18),=(25-X$1)*$A18 + X$1*(13-$A18),=(25-Y$1)*$A18 + Y$1*(13-$A18),=(25-Z$1)*$A18 + Z$1*(13-$A18),=(25-AA$1)*$A18 + AA$1*(13-$A18),,0.0,=(25-AD$1)*$A18 + AD$1*(13-$A18),=(25-AE$1)*$A18 + AE$1*(13-$A18),=(25-AF$1)*$A18 + AF$1*(13-$A18),=(25-AG$1)*$A18 + AG$1*(13-$A18),=(25-AH$1)*$A18 + AH$1*(13-$A18),=(25-AI$1)*$A18 + AI$1*(13-$A18),=(25-AJ$1)*$A18 + AJ$1*(13-$A18),=(25-AK$1)*$A18 + AK$1*(13-$A18),=(25-AL$1)*$A18 + AL$1*(13-$A18),=(25-AM$1)*$A18 + AM$1*(13-$A18),=(25-AN$1)*$A18 + AN$1*(13-$A18),=(25-AO$1)*$A18 + AO$1*(13-$A18),=(25-AP$1)*$A18 + AP$1*(13-$A18),=(25-AQ$1)*$A18 + AQ$1*(13-$A18),=(25-AR$1)*$A18 + AR$1*(13-$A18)
1.0,=(25-B$1)*$A19 + B$1*(13-$A19),=(25-C$1)*$A19 + C$1*(13-$A19),=(25-D$1)*$A19 + D$1*(13-$A19),=(25-E$1)*$A19 + E$1*(13-$A19),=(25-F$1)*$A19 + F$1*(13-$A19),=(25-G$1)*$A19 + G$1*(13-$A19),=(25-H$1)*$A19 + H$1*(13-$A19),=(25-I$1)*$A19 + I$1*(13-$A19),=(25-J$1)*$A19 + J$1*(13-$A19),=(25-K$1)*$A19 + K$1*(13-$A19),=(25-L$1)*$A19 + L$1*(13-$A19),=(25-M$1)*$A19 + M$1*(13-$A19),=(25-N$1)*$A19 + N$1*(13-$A19),=(25-O$1)*$A19 + O$1*(13-$A19),=(25-P$1)*$A19 + P$1*(13-$A19),=(25-Q$1)*$A19 + Q$1*(13-$A19),=(25-R$1)*$A19 + R$1*(13-$A19),=(25-S$1)*$A19 + S$1*(13-$A19),=(25-T$1)*$A19 + T$1*(13-$A19),=(25-U$1)*$A19 + U$1*(13-$A19),=(25-V$1)*$A19 + V$1*(13-$A19),=(25-W$1)*$A19 + W$1*(13-$A19),=(25-X$1)*$A19 + X$1*(13-$A19),=(25-Y$1)*$A19 + Y$1*(13-$A19),=(25-Z$1)*$A19 + Z$1*(13-$A19),=(25-AA$1)*$A19 + AA$1*(13-$A19),,1.0,=(25-AD$1)*$A19 + AD$1*(13-$A19),=(25-AE$1)*$A19 + AE$1*(13-$A19),=(25-AF$1)*$A19 + AF$1*(13-$A19),=(25-AG$1)*$A19 + AG$1*(13-$A19),=(25-AH$1)*$A19 + AH$1*(13-$A19),=(25-AI$1)*$A19 + AI$1*(13-$A19),=(25-AJ$1)*$A19 + AJ$1*(13-$A19),=(25-AK$1)*$A19 + AK$1*(13-$A19),=(25-AL$1)*$A19 + AL$1*(13-$A19),=(25-AM$1)*$A19 + AM$1*(13-$A19),=(25-AN$1)*$A19 + AN$1*(13-$A19),=(25-AO$1)*$A19 + AO$1*(13-$A19),=(25-AP$1)*$A19 + AP$1*(13-$A19),=(25-AQ$1)*$A19 + AQ$1*(13-$A19),=(25-AR$1)*$A19 + AR$1*(13-$A19)
2.0,=(25-B$1)*$A20 + B$1*(13-$A20),=(25-C$1)*$A20 + C$1*(13-$A20),=(25-D$1)*$A20 + D$1*(13-$A20),=(25-E$1)*$A20 + E$1*(13-$A20),=(25-F$1)*$A20 + F$1*(13-$A20),=(25-G$1)*$A20 + G$1*(13-$A20),=(25-H$1)*$A20 + H$1*(13-$A20),=(25-I$1)*$A20 + I$1*(13-$A20),=(25-J$1)*$A20 + J$1*(13-$A20),=(25-K$1)*$A20 + K$1*(13-$A20),=(25-L$1)*$A20 + L$1*(13-$A20),=(25-M$1)*$A20 + M$1*(13-$A20),=(25-N$1)*$A20 + N$1*(13-$A20),=(25-O$1)*$A20 + O$1*(13-$A20),=(25-P$1)*$A20 + P$1*(13-$A20),=(25-Q$1)*$A20 + Q$1*(13-$A20),=(25-R$1)*$A20 + R$1*(13-$A20),=(25-S$1)*$A20 + S$1*(13-$A20),=(25-T$1)*$A20 + T$1*(13-$A20),=(25-U$1)*$A20 + U$1*(13-$A20),=(25-V$1)*$A20 + V$1*(13-$A20),=(25-W$1)*$A20 + W$1*(13-$A20),=(25-X$1)*$A20 + X$1*(13-$A20),=(25-Y$1)*$A20 + Y$1*(13-$A20),=(25-Z$1)*$A20 + Z$1*(13-$A20),=(25-AA$1)*$A20 + AA$1*(13-$A20),,2.0,=(25-AD$1)*$A20 + AD$1*(13-$A20),=(25-AE$1)*$A20 + AE$1*(13-$A20),=(25-AF$1)*$A20 + AF$1*(13-$A20),=(25-AG$1)*$A20 + AG$1*(13-$A20),=(25-AH$1)*$A20 + AH$1*(13-$A20),=(25-AI$1)*$A20 + AI$1*(13-$A20),=(25-AJ$1)*$A20 + AJ$1*(13-$A20),=(25-AK$1)*$A20 + AK$1*(13-$A20),=(25-AL$1)*$A20 + AL$1*(13-$A20),=(25-AM$1)*$A20 + AM$1*(13-$A20),=(25-AN$1)*$A20 + AN$1*(13-$A20),=(25-AO$1)*$A20 + AO$1*(13-$A20),=(25-AP$1)*$A20 + AP$1*(13-$A20),=(25-AQ$1)*$A20 + AQ$1*(13-$A20),=(25-AR$1)*$A20 + AR$1*(13-$A20)
3.0,=(25-B$1)*$A21 + B$1*(13-$A21),=(25-C$1)*$A21 + C$1*(13-$A21),=(25-D$1)*$A21 + D$1*(13-$A21),=(25-E$1)*$A21 + E$1*(13-$A21),=(25-F$1)*$A21 + F$1*(13-$A21),=(25-G$1)*$A21 + G$1*(13-$A21),=(25-H$1)*$A21 + H$1*(13-$A21),=(25-I$1)*$A21 + I$1*(13-$A21),=(25-J$1)*$A21 + J$1*(13-$A21),=(25-K$1)*$A21 + K$1*(13-$A21),=(25-L$1)*$A21 + L$1*(13-$A21),=(25-M$1)*$A21 + M$1*(13-$A21),=(25-N$1)*$A21 + N$1*(13-$A21),=(25-O$1)*$A21 + O$1*(13-$A21),=(25-P$1)*$A21 + P$1*(13-$A21),=(25-Q$1)*$A21 + Q$1*(13-$A21),=(25-R$1)*$A21 + R$1*(13-$A21),=(25-S$1)*$A21 + S$1*(13-$A21),=(25-T$1)*$A21 + T$1*(13-$A21),=(25-U$1)*$A21 + U$1*(13-$A21),=(25-V$1)*$A21 + V$1*(13-$A21),=(25-W$1)*$A21 + W$1*(13-$A21),=(25-X$1)*$A21 + X$1*(13-$A21),=(25-Y$1)*$A21 + Y$1*(13-$A21),=(25-Z$1)*$A21 + Z$1*(13-$A21),=(25-AA$1)*$A21 + AA$1*(13-$A21),,3.0,=(25-AD$1)*$A21 + AD$1*(13-$A21),=(25-AE$1)*$A21 + AE$1*(13-$A21),=(25-AF$1)*$A21 + AF$1*(13-$A21),=(25-AG$1)*$A21 + AG$1*(13-$A21),=(25-AH$1)*$A21 + AH$1*(13-$A21),=(25-AI$1)*$A21 + AI$1*(13-$A21),=(25-AJ$1)*$A21 + AJ$1*(13-$A21),=(25-AK$1)*$A21 + AK$1*(13-$A21),=(25-AL$1)*$A21 + AL$1*(13-$A21),=(25-AM$1)*$A21 + AM$1*(13-$A21),=(25-AN$1)*$A21 + AN$1*(13-$A21),=(25-AO$1)*$A21 + AO$1*(13-$A21),=(25-AP$1)*$A21 + AP$1*(13-$A21),=(25-AQ$1)*$A21 + AQ$1*(13-$A21),=(25-AR$1)*$A21 + AR$1*(13-$A21)
4.0,=(25-B$1)*$A22 + B$1*(13-$A22),=(25-C$1)*$A22 + C$1*(13-$A22),=(25-D$1)*$A22 + D$1*(13-$A22),=(25-E$1)*$A22 + E$1*(13-$A22),=(25-F$1)*$A22 + F$1*(13-$A22),=(25-G$1)*$A22 + G$1*(13-$A22),=(25-H$1)*$A22 + H$1*(13-$A22),=(25-I$1)*$A22 + I$1*(13-$A22),=(25-J$1)*$A22 + J$1*(13-$A22),=(25-K$1)*$A22 + K$1*(13-$A22),=(25-L$1)*$A22 + L$1*(13-$A22),=(25-M$1)*$A22 + M$1*(13-$A22),=(25-N$1)*$A22 + N$1*(13-$A22),=(25-O$1)*$A22 + O$1*(13-$A22),=(25-P$1)*$A22 + P$1*(13-$A22),=(25-Q$1)*$A22 + Q$1*(13-$A22),=(25-R$1)*$A22 + R$1*(13-$A22),=(25-S$1)*$A22 + S$1*(13-$A22),=(25-T$1)*$A22 + T$1*(13-$A22),=(25-U$1)*$A22 + U$1*(13-$A22),=(25-V$1)*$A22 + V$1*(13-$A22),=(25-W$1)*$A22 + W$1*(13-$A22),=(25-X$1)*$A22 + X$1*(13-$A22),=(25-Y$1)*$A22 + Y$1*(13-$A22),=(25-Z$1)*$A22 + Z$1*(13-$A22),=(25-AA$1)*$A22 + AA$1*(13-$A22),,4.0,=(25-AD$1)*$A22 + AD$1*(13-$A22),=(25-AE$1)*$A22 + AE$1*(13-$A22),=(25-AF$1)*$A22 + AF$1*(13-$A22),=(25-AG$1)*$A22 + AG$1*(13-$A22),=(25-AH$1)*$A22 + AH$1*(13-$A22),=(25-AI$1)*$A22 + AI$1*(13-$A22),=(25-AJ$1)*$A22 + AJ$1*(13-$A22),=(25-AK$1)*$A22 + AK$1*(13-$A22),=(25-AL$1)*$A22 + AL$1*(13-$A22),=(25-AM$1)*$A22 + AM$1*(13-$A22),=(25-AN$1)*$A22 + AN$1*(13-$A22),=(25-AO$1)*$A22 + AO$1*(13-$A22),=(25-AP$1)*$A22 + AP$1*(13-$A22),=(25-AQ$1)*$A22 + AQ$1*(13-$A22),=(25-AR$1)*$A22 + AR$1*(13-$A22)
5.0,=(25-B$1)*$A23 + B$1*(13-$A23),=(25-C$1)*$A23 + C$1*(13-$A23),=(25-D$1)*$A23 + D$1*(13-$A23),=(25-E$1)*$A23 + E$1*(13-$A23),=(25-F$1)*$A23 + F$1*(13-$A23),=(25-G$1)*$A23 + G$1*(13-$A23),=(25-H$1)*$A23 + H$1*(13-$A23),=(25-I$1)*$A23 + I$1*(13-$A23),=(25-J$1)*$A23 + J$1*(13-$A23),=(25-K$1)*$A23 + K$1*(13-$A23),=(25-L$1)*$A23 + L$1*(13-$A23),=(25-M$1)*$A23 + M$1*(13-$A23),=(25-N$1)*$A23 + N$1*(13-$A23),=(25-O$1)*$A23 + O$1*(13-$A23),=(25-P$1)*$A23 + P$1*(13-$A23),=(25-Q$1)*$A23 + Q$1*(13-$A23),=(25-R$1)*$A23 + R$1*(13-$A23),=(25-S$1)*$A23 + S$1*(13-$A23),=(25-T$1)*$A23 + T$1*(13-$A23),=(25-U$1)*$A23 + U$1*(13-$A23),=(25-V$1)*$A23 + V$1*(13-$A23),=(25-W$1)*$A23 + W$1*(13-$A23),=(25-X$1)*$A23 + X$1*(13-$A23),=(25-Y$1)*$A23 + Y$1*(13-$A23),=(25-Z$1)*$A23 + Z$1*(13-$A23),=(25-AA$1)*$A23 + AA$1*(13-$A23),,5.0,=(25-AD$1)*$A23 + AD$1*(13-$A23),=(25-AE$1)*$A23 + AE$1*(13-$A23),=(25-AF$1)*$A23 + AF$1*(13-$A23),=(25-AG$1)*$A23 + AG$1*(13-$A23),=(25-AH$1)*$A23 + AH$1*(13-$A23),=(25-AI$1)*$A23 + AI$1*(13-$A23),=(25-AJ$1)*$A23 + AJ$1*(13-$A23),=(25-AK$1)*$A23 + AK$1*(13-$A23),=(25-AL$1)*$A23 + AL$1*(13-$A23),=(25-AM$1)*$A23 + AM$1*(13-$A23),=(25-AN$1)*$A23 + AN$1*(13-$A23),=(25-AO$1)*$A23 + AO$1*(13-$A23),=(25-AP$1)*$A23 + AP$1*(13-$A23),=(25-AQ$1)*$A23 + AQ$1*(13-$A23),=(25-AR$1)*$A23 + AR$1*(13-$A23)
6.0,=(25-B$1)*$A24 + B$1*(13-$A24),=(25-C$1)*$A24 + C$1*(13-$A24),=(25-D$1)*$A24 + D$1*(13-$A24),=(25-E$1)*$A24 + E$1*(13-$A24),=(25-F$1)*$A24 + F$1*(13-$A24),=(25-G$1)*$A24 + G$1*(13-$A24),=(25-H$1)*$A24 + H$1*(13-$A24),=(25-I$1)*$A24 + I$1*(13-$A24),=(25-J$1)*$A24 + J$1*(13-$A24),=(25-K$1)*$A24 + K$1*(13-$A24),=(25-L$1)*$A24 + L$1*(13-$A24),=(25-M$1)*$A24 + M$1*(13-$A24),=(25-N$1)*$A24 + N$1*(13-$A24),=(25-O$1)*$A24 + O$1*(13-$A24),=(25-P$1)*$A24 + P$1*(13-$A24),=(25-Q$1)*$A24 + Q$1*(13-$A24),=(25-R$1)*$A24 + R$1*(13-$A24),=(25-S$1)*$A24 + S$1*(13-$A24),=(25-T$1)*$A24 + T$1*(13-$A24),=(25-U$1)*$A24 + U$1*(13-$A24),=(25-V$1)*$A24 + V$1*(13-$A24),=(25-W$1)*$A24 + W$1*(13-$A24),=(25-X$1)*$A24 + X$1*(13-$A24),=(25-Y$1)*$A24 + Y$1*(13-$A24),=(25-Z$1)*$A24 + Z$1*(13-$A24),=(25-AA$1)*$A24 + AA$1*(13-$A24),,6.0,=(25-AD$1)*$A24 + AD$1*(13-$A24),=(25-AE$1)*$A24 + AE$1*(13-$A24),=(25-AF$1)*$A24 + AF$1*(13-$A24),=(25-AG$1)*$A24 + AG$1*(13-$A24),=(25-AH$1)*$A24 + AH$1*(13-$A24),=(25-AI$1)*$A24 + AI$1*(13-$A24),=(25-AJ$1)*$A24 + AJ$1*(13-$A24),=(25-AK$1)*$A24 + AK$1*(13-$A24),=(25-AL$1)*$A24 + AL$1*(13-$A24),=(25-AM$1)*$A24 + AM$1*(13-$A24),=(25-AN$1)*$A24 + AN$1*(13-$A24),=(25-AO$1)*$A24 + AO$1*(13-$A24),=(25-AP$1)*$A24 + AP$1*(13-$A24),=(25-AQ$1)*$A24 + AQ$1*(13-$A24),=(25-AR$1)*$A24 + AR$1*(13-$A24)
7.0,=(25-B$1)*$A25 + B$1*(13-$A25),=(25-C$1)*$A25 + C$1*(13-$A25),=(25-D$1)*$A25 + D$1*(13-$A25),=(25-E$1)*$A25 + E$1*(13-$A25),=(25-F$1)*$A25 + F$1*(13-$A25),=(25-G$1)*$A25 + G$1*(13-$A25),=(25-H$1)*$A25 + H$1*(13-$A25),=(25-I$1)*$A25 + I$1*(13-$A25),=(25-J$1)*$A25 + J$1*(13-$A25),=(25-K$1)*$A25 + K$1*(13-$A25),=(25-L$1)*$A25 + L$1*(13-$A25),=(25-M$1)*$A25 + M$1*(13-$A25),=(25-N$1)*$A25 + N$1*(13-$A25),=(25-O$1)*$A25 + O$1*(13-$A25),=(25-P$1)*$A25 + P$1*(13-$A25),=(25-Q$1)*$A25 + Q$1*(13-$A25),=(25-R$1)*$A25 + R$1*(13-$A25),=(25-S$1)*$A25 + S$1*(13-$A25),=(25-T$1)*$A25 + T$1*(13-$A25),=(25-U$1)*$A25 + U$1*(13-$A25),=(25-V$1)*$A25 + V$1*(13-$A25),=(25-W$1)*$A25 + W$1*(13-$A25),=(25-X$1)*$A25 + X$1*(13-$A25),=(25-Y$1)*$A25 + Y$1*(13-$A25),=(25-Z$1)*$A25 + Z$1*(13-$A25),=(25-AA$1)*$A25 + AA$1*(13-$A25),,7.0,=(25-AD$1)*$A25 + AD$1*(13-$A25),=(25-AE$1)*$A25 + AE$1*(13-$A25),=(25-AF$1)*$A25 + AF$1*(13-$A25),=(25-AG$1)*$A25 + AG$1*(13-$A25),=(25-AH$1)*$A25 + AH$1*(13-$A25),=(25-AI$1)*$A25 + AI$1*(13-$A25),=(25-AJ$1)*$A25 + AJ$1*(13-$A25),=(25-AK$1)*$A25 + AK$1*(13-$A25),=(25-AL$1)*$A25 + AL$1*(13-$A25),=(25-AM$1)*$A25 + AM$1*(13-$A25),=(25-AN$1)*$A25 + AN$1*(13-$A25),=(25-AO$1)*$A25 + AO$1*(13-$A25),=(25-AP$1)*$A25 + AP$1*(13-$A25),=(25-AQ$1)*$A25 + AQ$1*(13-$A25),=(25-AR$1)*$A25 + AR$1*(13-$A25)
8.0,=(25-B$1)*$A26 + B$1*(13-$A26),=(25-C$1)*$A26 + C$1*(13-$A26),=(25-D$1)*$A26 + D$1*(13-$A26),=(25-E$1)*$A26 + E$1*(13-$A26),=(25-F$1)*$A26 + F$1*(13-$A26),=(25-G$1)*$A26 + G$1*(13-$A26),=(25-H$1)*$A26 + H$1*(13-$A26),=(25-I$1)*$A26 + I$1*(13-$A26),=(25-J$1)*$A26 + J$1*(13-$A26),=(25-K$1)*$A26 + K$1*(13-$A26),=(25-L$1)*$A26 + L$1*(13-$A26),=(25-M$1)*$A26 + M$1*(13-$A26),=(25-N$1)*$A26 + N$1*(13-$A26),=(25-O$1)*$A26 + O$1*(13-$A26),=(25-P$1)*$A26 + P$1*(13-$A26),=(25-Q$1)*$A26 + Q$1*(13-$A26),=(25-R$1)*$A26 + R$1*(13-$A26),=(25-S$1)*$A26 + S$1*(13-$A26),=(25-T$1)*$A26 + T$1*(13-$A26),=(25-U$1)*$A26 + U$1*(13-$A26),=(25-V$1)*$A26 + V$1*(13-$A26),=(25-W$1)*$A26 + W$1*(13-$A26),=(25-X$1)*$A26 + X$1*(13-$A26),=(25-Y$1)*$A26 + Y$1*(13-$A26),=(25-Z$1)*$A26 + Z$1*(13-$A26),=(25-AA$1)*$A26 + AA$1*(13-$A26),,8.0,=(25-AD$1)*$A26 + AD$1*(13-$A26),=(25-AE$1)*$A26 + AE$1*(13-$A26),=(25-AF$1)*$A26 + AF$1*(13-$A26),=(25-AG$1)*$A26 + AG$1*(13-$A26),=(25-AH$1)*$A26 + AH$1*(13-$A26),=(25-AI$1)*$A26 + AI$1*(13-$A26),=(25-AJ$1)*$A26 + AJ$1*(13-$A26),=(25-AK$1)*$A26 + AK$1*(13-$A26),=(25-AL$1)*$A26 + AL$1*(13-$A26),=(25-AM$1)*$A26 + AM$1*(13-$A26),=(25-AN$1)*$A26 + AN$1*(13-$A26),=(25-AO$1)*$A26 + AO$1*(13-$A26),=(25-AP$1)*$A26 + AP$1*(13-$A26),=(25-AQ$1)*$A26 + AQ$1*(13-$A26),=(25-AR$1)*$A26 + AR$1*(13-$A26)
9.0,=(25-B$1)*$A27 + B$1*(13-$A27),=(25-C$1)*$A27 + C$1*(13-$A27),=(25-D$1)*$A27 + D$1*(13-$A27),=(25-E$1)*$A27 + E$1*(13-$A27),=(25-F$1)*$A27 + F$1*(13-$A27),=(25-G$1)*$A27 + G$1*(13-$A27),=(25-H$1)*$A27 + H$1*(13-$A27),=(25-I$1)*$A27 + I$1*(13-$A27),=(25-J$1)*$A27 + J$1*(13-$A27),=(25-K$1)*$A27 + K$1*(13-$A27),=(25-L$1)*$A27 + L$1*(13-$A27),=(25-M$1)*$A27 + M$1*(13-$A27),=(25-N$1)*$A27 + N$1*(13-$A27),=(25-O$1)*$A27 + O$1*(13-$A27),=(25-P$1)*$A27 + P$1*(13-$A27),=(25-Q$1)*$A27 + Q$1*(13-$A27),=(25-R$1)*$A27 + R$1*(13-$A27),=(25-S$1)*$A27 + S$1*(13-$A27),=(25-T$1)*$A27 + T$1*(13-$A27),=(25-U$1)*$A27 + U$1*(13-$A27),=(25-V$1)*$A27 + V$1*(13-$A27),=(25-W$1)*$A27 + W$1*(13-$A27),=(25-X$1)*$A27 + X$1*(13-$A27),=(25-Y$1)*$A27 + Y$1*(13-$A27),=(25-Z$1)*$A27 + Z$1*(13-$A27),=(25-AA$1)*$A27 + AA$1*(13-$A27),,9.0,=(25-AD$1)*$A27 + AD$1*(13-$A27),=(25-AE$1)*$A27 + AE$1*(13-$A27),=(25-AF$1)*$A27 + AF$1*(13-$A27),=(25-AG$1)*$A27 + AG$1*(13-$A27),=(25-AH$1)*$A27 + AH$1*(13-$A27),=(25-AI$1)*$A27 + AI$1*(13-$A27),=(25-AJ$1)*$A27 + AJ$1*(13-$A27),=(25-AK$1)*$A27 + AK$1*(13-$A27),=(25-AL$1)*$A27 + AL$1*(13-$A27),=(25-AM$1)*$A27 + AM$1*(13-$A27),=(25-AN$1)*$A27 + AN$1*(13-$A27),=(25-AO$1)*$A27 + AO$1*(13-$A27),=(25-AP$1)*$A27 + AP$1*(13-$A27),=(25-AQ$1)*$A27 + AQ$1*(13-$A27),=(25-AR$1)*$A27 + AR$1*(13-$A27)
10.0,=(25-B$1)*$A28 + B$1*(13-$A28),=(25-C$1)*$A28 + C$1*(13-$A28),=(25-D$1)*$A28 + D$1*(13-$A28),=(25-E$1)*$A28 + E$1*(13-$A28),=(25-F$1)*$A28 + F$1*(13-$A28),=(25-G$1)*$A28 + G$1*(13-$A28),=(25-H$1)*$A28 + H$1*(13-$A28),=(25-I$1)*$A28 + I$1*(13-$A28),=(25-J$1)*$A28 + J$1*(13-$A28),=(25-K$1)*$A28 + K$1*(13-$A28),=(25-L$1)*$A28 + L$1*(13-$A28),=(25-M$1)*$A28 + M$1*(13-$A28),=(25-N$1)*$A28 + N$1*(13-$A28),=(25-O$1)*$A28 + O$1*(13-$A28),=(25-P$1)*$A28 + P$1*(13-$A28),=(25-Q$1)*$A28 + Q$1*(13-$A28),=(25-R$1)*$A28 + R$1*(13-$A28),=(25-S$1)*$A28 + S$1*(13-$A28),=(25-T$1)*$A28 + T$1*(13-$A28),=(25-U$1)*$A28 + U$1*(13-$A28),=(25-V$1)*$A28 + V$1*(13-$A28),=(25-W$1)*$A28 + W$1*(13-$A28),=(25-X$1)*$A28 + X$1*(13-$A28),=(25-Y$1)*$A28 + Y$1*(13-$A28),=(25-Z$1)*$A28 + Z$1*(13-$A28),=(25-AA$1)*$A28 + AA$1*(13-$A28),,10.0,=(25-AD$1)*$A28 + AD$1*(13-$A28),=(25-AE$1)*$A28 + AE$1*(13-$A28),=(25-AF$1)*$A28 + AF$1*(13-$A28),=(25-AG$1)*$A28 + AG$1*(13-$A28),=(25-AH$1)*$A28 + AH$1*(13-$A28),=(25-AI$1)*$A28 + AI$1*(13-$A28),=(25-AJ$1)*$A28 + AJ$1*(13-$A28),=(25-AK$1)*$A28 + AK$1*(13-$A28),=(25-AL$1)*$A28 + AL$1*(13-$A28),=(25-AM$1)*$A28 + AM$1*(13-$A28),=(25-AN$1)*$A28 + AN$1*(13-$A28),=(25-AO$1)*$A28 + AO$1*(13-$A28),=(25-AP$1)*$A28 + AP$1*(13-$A28),=(25-AQ$1)*$A28 + AQ$1*(13-$A28),=(25-AR$1)*$A28 + AR$1*(13-$A28)
11.0,=(25-B$1)*$A29 + B$1*(13-$A29),=(25-C$1)*$A29 + C$1*(13-$A29),=(25-D$1)*$A29 + D$1*(13-$A29),=(25-E$1)*$A29 + E$1*(13-$A29),=(25-F$1)*$A29 + F$1*(13-$A29),=(25-G$1)*$A29 + G$1*(13-$A29),=(25-H$1)*$A29 + H$1*(13-$A29),=(25-I$1)*$A29 + I$1*(13-$A29),=(25-J$1)*$A29 + J$1*(13-$A29),=(25-K$1)*$A29 + K$1*(13-$A29),=(25-L$1)*$A29 + L$1*(13-$A29),=(25-M$1)*$A29 + M$1*(13-$A29),=(25-N$1)*$A29 + N$1*(13-$A29),=(25-O$1)*$A29 + O$1*(13-$A29),=(25-P$1)*$A29 + P$1*(13-$A29),=(25-Q$1)*$A29 + Q$1*(13-$A29),=(25-R$1)*$A29 + R$1*(13-$A29),=(25-S$1)*$A29 + S$1*(13-$A29),=(25-T$1)*$A29 + T$1*(13-$A29),=(25-U$1)*$A29 + U$1*(13-$A29),=(25-V$1)*$A29 + V$1*(13-$A29),=(25-W$1)*$A29 + W$1*(13-$A29),=(25-X$1)*$A29 + X$1*(13-$A29),=(25-Y$1)*$A29 + Y$1*(13-$A29),=(25-Z$1)*$A29 + Z$1*(13-$A29),=(25-AA$1)*$A29 + AA$1*(13-$A29),,11.0,=(25-AD$1)*$A29 + AD$1*(13-$A29),=(25-AE$1)*$A29 + AE$1*(13-$A29),=(25-AF$1)*$A29 + AF$1*(13-$A29),=(25-AG$1)*$A29 + AG$1*(13-$A29),=(25-AH$1)*$A29 + AH$1*(13-$A29),=(25-AI$1)*$A29 + AI$1*(13-$A29),=(25-AJ$1)*$A29 + AJ$1*(13-$A29),=(25-AK$1)*$A29 + AK$1*(13-$A29),=(25-AL$1)*$A29 + AL$1*(13-$A29),=(25-AM$1)*$A29 + AM$1*(13-$A29),=(25-AN$1)*$A29 + AN$1*(13-$A29),=(25-AO$1)*$A29 + AO$1*(13-$A29),=(25-AP$1)*$A29 + AP$1*(13-$A29),=(25-AQ$1)*$A29 + AQ$1*(13-$A29),=(25-AR$1)*$A29 + AR$1*(13-$A29)
12.0,=(25-B$1)*$A30 + B$1*(13-$A30),=(25-C$1)*$A30 + C$1*(13-$A30),=(25-D$1)*$A30 + D$1*(13-$A30),=(25-E$1)*$A30 + E$1*(13-$A30),=(25-F$1)*$A30 + F$1*(13-$A30),=(25-G$1)*$A30 + G$1*(13-$A30),=(25-H$1)*$A30 + H$1*(13-$A30),=(25-I$1)*$A30 + I$1*(13-$A30),=(25-J$1)*$A30 + J$1*(13-$A30),=(25-K$1)*$A30 + K$1*(13-$A30),=(25-L$1)*$A30 + L$1*(13-$A30),=(25-M$1)*$A30 + M$1*(13-$A30),=(25-N$1)*$A30 + N$1*(13-$A30),=(25-O$1)*$A30 + O$1*(13-$A30),=(25-P$1)*$A30 + P$1*(13-$A30),=(25-Q$1)*$A30 + Q$1*(13-$A30),=(25-R$1)*$A30 + R$1*(13-$A30),=(25-S$1)*$A30 + S$1*(13-$A30),=(25-T$1)*$A30 + T$1*(13-$A30),=(25-U$1)*$A30 + U$1*(13-$A30),=(25-V$1)*$A30 + V$1*(13-$A30),=(25-W$1)*$A30 + W$1*(13-$A30),=(25-X$1)*$A30 + X$1*(13-$A30),=(25-Y$1)*$A30 + Y$1*(13-$A30),=(25-Z$1)*$A30 + Z$1*(13-$A30),=(25-AA$1)*$A30 + AA$1*(13-$A30),,12.0,=(25-AD$1)*$A30 + AD$1*(13-$A30),=(25-AE$1)*$A30 + AE$1*(13-$A30),=(25-AF$1)*$A30 + AF$1*(13-$A30),=(25-AG$1)*$A30 + AG$1*(13-$A30),=(25-AH$1)*$A30 + AH$1*(13-$A30),=(25-AI$1)*$A30 + AI$1*(13-$A30),=(25-AJ$1)*$A30 + AJ$1*(13-$A30),=(25-AK$1)*$A30 + AK$1*(13-$A30),=(25-AL$1)*$A30 + AL$1*(13-$A30),=(25-AM$1)*$A30 + AM$1*(13-$A30),=(25-AN$1)*$A30 + AN$1*(13-$A30),=(25-AO$1)*$A30 + AO$1*(13-$A30),=(25-AP$1)*$A30 + AP$1*(13-$A30),=(25-AQ$1)*$A30 + AQ$1*(13-$A30),=(25-AR$1)*$A30 + AR$1*(13-$A30)
13.0,=(25-B$1)*$A31 + B$1*(13-$A31),=(25-C$1)*$A31 + C$1*(13-$A31),=(25-D$1)*$A31 + D$1*(13-$A31),=(25-E$1)*$A31 + E$1*(13-$A31),=(25-F$1)*$A31 + F$1*(13-$A31),=(25-G$1)*$A31 + G$1*(13-$A31),=(25-H$1)*$A31 + H$1*(13-$A31),=(25-I$1)*$A31 + I$1*(13-$A31),=(25-J$1)*$A31 + J$1*(13-$A31),=(25-K$1)*$A31 + K$1*(13-$A31),=(25-L$1)*$A31 + L$1*(13-$A31),=(25-M$1)*$A31 + M$1*(13-$A31),=(25-N$1)*$A31 + N$1*(13-$A31),=(25-O$1)*$A31 + O$1*(13-$A31),=(25-P$1)*$A31 + P$1*(13-$A31),=(25-Q$1)*$A31 + Q$1*(13-$A31),=(25-R$1)*$A31 + R$1*(13-$A31),=(25-S$1)*$A31 + S$1*(13-$A31),=(25-T$1)*$A31 + T$1*(13-$A31),=(25-U$1)*$A31 + U$1*(13-$A31),=(25-V$1)*$A31 + V$1*(13-$A31),=(25-W$1)*$A31 + W$1*(13-$A31),=(25-X$1)*$A31 + X$1*(13-$A31),=(25-Y$1)*$A31 + Y$1*(13-$A31),=(25-Z$1)*$A31 + Z$1*(13-$A31),=(25-AA$1)*$A31 + AA$1*(13-$A31),,13.0,=(25-AD$1)*$A31 + AD$1*(13-$A31),=(25-AE$1)*$A31 + AE$1*(13-$A31),=(25-AF$1)*$A31 + AF$1*(13-$A31),=(25-AG$1)*$A31 + AG$1*(13-$A31),=(25-AH$1)*$A31 + AH$1*(13-$A31),=(25-AI$1)*$A31 + AI$1*(13-$A31),=(25-AJ$1)*$A31 + AJ$1*(13-$A31),=(25-AK$1)*$A31 + AK$1*(13-$A31),=(25-AL$1)*$A31 + AL$1*(13-$A31),=(25-AM$1)*$A31 + AM$1*(13-$A31),=(25-AN$1)*$A31 + AN$1*(13-$A31),=(25-AO$1)*$A31 + AO$1*(13-$A31),=(25-AP$1)*$A31 + AP$1*(13-$A31),=(25-AQ$1)*$A31 + AQ$1*(13-$A31),=(25-AR$1)*$A31 + AR$1*(13-$A31)
,,,,,,,,,,,,,,,,,,,,,,,,,,,,,,,,,,,,,,,,,,,
,,,,,,,,,,,,,,,,,,,,,,,,,,,,,,,,,,,,,,,,,,,
,,,,,,,,,,,,,,,=126/155,,,,,,,,,,,,,,,,,,,,,,,,,,,,
,,,,,,,,,,,,,,,=155/126,,,,,,,,,,,,,,,,,,,,,,,,,,,,
