,0.0,1.0,2.0,3.0,4.0,5.0,6.0,7.0,8.0,9.0,10.0,11.0,12.0,13.0,14.0,15.0,16.0,17.0,18.0,19.0,20.0,,,,,,,,,,,,,,,
0.0,=B$1*$A2,=C$1*$A2,=D$1*$A2,=E$1*$A2,=F$1*$A2,=G$1*$A2,=H$1*$A2,=I$1*$A2,=J$1*$A2,=K$1*$A2,=L$1*$A2,=M$1*$A2,=N$1*$A2,=O$1*$A2,=P$1*$A2,=Q$1*$A2,=R$1*$A2,=S$1*$A2,=T$1*$A2,=U$1*$A2,=V$1*$A2,,,,,,,,,,,,,,,
1.0,=B$1*$A3,=C$1*$A3,=D$1*$A3,=E$1*$A3,=F$1*$A3,=G$1*$A3,=H$1*$A3,=I$1*$A3,=J$1*$A3,=K$1*$A3,=L$1*$A3,=M$1*$A3,=N$1*$A3,=O$1*$A3,=P$1*$A3,=Q$1*$A3,=R$1*$A3,=S$1*$A3,=T$1*$A3,=U$1*$A3,=V$1*$A3,,,,,,,,,,,,=23/51,=9/20,,
2.0,=B$1*$A4,=C$1*$A4,=D$1*$A4,=E$1*$A4,=F$1*$A4,=G$1*$A4,=H$1*$A4,=I$1*$A4,=J$1*$A4,=K$1*$A4,=L$1*$A4,=M$1*$A4,=N$1*$A4,=O$1*$A4,=P$1*$A4,=Q$1*$A4,=R$1*$A4,=S$1*$A4,=T$1*$A4,=U$1*$A4,=V$1*$A4,,,,,,51.0,20.0,,22.0,8.0,,=AE4/AB4,=AF4/AC4,,=(AE4+AF4)/(AB4+AC4)
3.0,=B$1*$A5,=C$1*$A5,=D$1*$A5,=E$1*$A5,=F$1*$A5,=G$1*$A5,=H$1*$A5,=I$1*$A5,=J$1*$A5,=K$1*$A5,=L$1*$A5,=M$1*$A5,=N$1*$A5,=O$1*$A5,=P$1*$A5,=Q$1*$A5,=R$1*$A5,=S$1*$A5,=T$1*$A5,=U$1*$A5,=V$1*$A5,,,,,,=AB4*0.423,=AC4*0.423,,,,,=21/51,=7/20,,
4.0,=B$1*$A6,=C$1*$A6,=D$1*$A6,=E$1*$A6,=F$1*$A6,=G$1*$A6,=H$1*$A6,=I$1*$A6,=J$1*$A6,=K$1*$A6,=L$1*$A6,=M$1*$A6,=N$1*$A6,=O$1*$A6,=P$1*$A6,=Q$1*$A6,=R$1*$A6,=S$1*$A6,=T$1*$A6,=U$1*$A6,=V$1*$A6,,,,,,,,,,,,,,,
5.0,=B$1*$A7,=C$1*$A7,=D$1*$A7,=E$1*$A7,=F$1*$A7,=G$1*$A7,=H$1*$A7,=I$1*$A7,=J$1*$A7,=K$1*$A7,=L$1*$A7,=M$1*$A7,=N$1*$A7,=O$1*$A7,=P$1*$A7,=Q$1*$A7,=R$1*$A7,=S$1*$A7,=T$1*$A7,=U$1*$A7,=V$1*$A7,,,,,,,,,,,,,,,
6.0,=B$1*$A8,=C$1*$A8,=D$1*$A8,=E$1*$A8,=F$1*$A8,=G$1*$A8,=H$1*$A8,=I$1*$A8,=J$1*$A8,=K$1*$A8,=L$1*$A8,=M$1*$A8,=N$1*$A8,=O$1*$A8,=P$1*$A8,=Q$1*$A8,=R$1*$A8,=S$1*$A8,=T$1*$A8,=U$1*$A8,=V$1*$A8,,,,,,33.0,32.0,,12.0,15.0,,=AE8/AB$8,=AF8/AC$8,,=(AE8+AF8)/(AB$8+AC$8)
7.0,=B$1*$A9,=C$1*$A9,=D$1*$A9,=E$1*$A9,=F$1*$A9,=G$1*$A9,=H$1*$A9,=I$1*$A9,=J$1*$A9,=K$1*$A9,=L$1*$A9,=M$1*$A9,=N$1*$A9,=O$1*$A9,=P$1*$A9,=Q$1*$A9,=R$1*$A9,=S$1*$A9,=T$1*$A9,=U$1*$A9,=V$1*$A9,,,,,,=AB8*0.423,=AC8*0.423,,13.0,14.0,,=AE9/AB$8,=AF9/AC$8,,=(AE9+AF9)/(AB$8+AC$8)
8.0,=B$1*$A10,=C$1*$A10,=D$1*$A10,=E$1*$A10,=F$1*$A10,=G$1*$A10,=H$1*$A10,=I$1*$A10,=J$1*$A10,=K$1*$A10,=L$1*$A10,=M$1*$A10,=N$1*$A10,=O$1*$A10,=P$1*$A10,=Q$1*$A10,=R$1*$A10,=S$1*$A10,=T$1*$A10,=U$1*$A10,=V$1*$A10,,,,,,,,,14.0,13.0,,=AE10/AB$8,=AF10/AC$8,,=(AE10+AF10)/(AB$8+AC$8)
9.0,=B$1*$A11,=C$1*$A11,=D$1*$A11,=E$1*$A11,=F$1*$A11,=G$1*$A11,=H$1*$A11,=I$1*$A11,=J$1*$A11,=K$1*$A11,=L$1*$A11,=M$1*$A11,=N$1*$A11,=O$1*$A11,=P$1*$A11,=Q$1*$A11,=R$1*$A11,=S$1*$A11,=T$1*$A11,=U$1*$A11,=V$1*$A11,,,,,,,,,15.0,12.0,,=AE11/AB$8,=AF11/AC$8,,=(AE11+AF11)/(AB$8+AC$8)
10.0,=B$1*$A12,=C$1*$A12,=D$1*$A12,=E$1*$A12,=F$1*$A12,=G$1*$A12,=H$1*$A12,=I$1*$A12,=J$1*$A12,=K$1*$A12,=L$1*$A12,=M$1*$A12,=N$1*$A12,=O$1*$A12,=P$1*$A12,=Q$1*$A12,=R$1*$A12,=S$1*$A12,=T$1*$A12,=U$1*$A12,=V$1*$A12,,,,,,,,,,,,,,,
11.0,=B$1*$A13,=C$1*$A13,=D$1*$A13,=E$1*$A13,=F$1*$A13,=G$1*$A13,=H$1*$A13,=I$1*$A13,=J$1*$A13,=K$1*$A13,=L$1*$A13,=M$1*$A13,=N$1*$A13,=O$1*$A13,=P$1*$A13,=Q$1*$A13,=R$1*$A13,=S$1*$A13,=T$1*$A13,=U$1*$A13,=V$1*$A13,,,,,,,,,,,,,,,
12.0,=B$1*$A14,=C$1*$A14,=D$1*$A14,=E$1*$A14,=F$1*$A14,=G$1*$A14,=H$1*$A14,=I$1*$A14,=J$1*$A14,=K$1*$A14,=L$1*$A14,=M$1*$A14,=N$1*$A14,=O$1*$A14,=P$1*$A14,=Q$1*$A14,=R$1*$A14,=S$1*$A14,=T$1*$A14,=U$1*$A14,=V$1*$A14,,,,,,,,,,,,,,,
13.0,=B$1*$A15,=C$1*$A15,=D$1*$A15,=E$1*$A15,=F$1*$A15,=G$1*$A15,=H$1*$A15,=I$1*$A15,=J$1*$A15,=K$1*$A15,=L$1*$A15,=M$1*$A15,=N$1*$A15,=O$1*$A15,=P$1*$A15,=Q$1*$A15,=R$1*$A15,=S$1*$A15,=T$1*$A15,=U$1*$A15,=V$1*$A15,,,,,,53.0,19.0,,22.0,8.0,,=AE15/AB15,=AF15/AC15,,=(AE15+AF15)/(AB$15+AC$15)
14.0,=B$1*$A16,=C$1*$A16,=D$1*$A16,=E$1*$A16,=F$1*$A16,=G$1*$A16,=H$1*$A16,=I$1*$A16,=J$1*$A16,=K$1*$A16,=L$1*$A16,=M$1*$A16,=N$1*$A16,=O$1*$A16,=P$1*$A16,=Q$1*$A16,=R$1*$A16,=S$1*$A16,=T$1*$A16,=U$1*$A16,=V$1*$A16,,,,,,=AB15*0.423,=AC15*0.423,,,,,,,,
15.0,=B$1*$A17,=C$1*$A17,=D$1*$A17,=E$1*$A17,=F$1*$A17,=G$1*$A17,=H$1*$A17,=I$1*$A17,=J$1*$A17,=K$1*$A17,=L$1*$A17,=M$1*$A17,=N$1*$A17,=O$1*$A17,=P$1*$A17,=Q$1*$A17,=R$1*$A17,=S$1*$A17,=T$1*$A17,=U$1*$A17,=V$1*$A17,,,,,,,,,,,,,,,
16.0,=B$1*$A18,=C$1*$A18,=D$1*$A18,=E$1*$A18,=F$1*$A18,=G$1*$A18,=H$1*$A18,=I$1*$A18,=J$1*$A18,=K$1*$A18,=L$1*$A18,=M$1*$A18,=N$1*$A18,=O$1*$A18,=P$1*$A18,=Q$1*$A18,=R$1*$A18,=S$1*$A18,=T$1*$A18,=U$1*$A18,=V$1*$A18,,,,,,,,,,,,,,,
17.0,=B$1*$A19,=C$1*$A19,=D$1*$A19,=E$1*$A19,=F$1*$A19,=G$1*$A19,=H$1*$A19,=I$1*$A19,=J$1*$A19,=K$1*$A19,=L$1*$A19,=M$1*$A19,=N$1*$A19,=O$1*$A19,=P$1*$A19,=Q$1*$A19,=R$1*$A19,=S$1*$A19,=T$1*$A19,=U$1*$A19,=V$1*$A19,,,,,,73.0,12.0,,32.0,6.0,,=AE19/73,=AF19/12,,=(AE19+AF19)/(AB$19+AC$19)
18.0,=B$1*$A20,=C$1*$A20,=D$1*$A20,=E$1*$A20,=F$1*$A20,=G$1*$A20,=H$1*$A20,=I$1*$A20,=J$1*$A20,=K$1*$A20,=L$1*$A20,=M$1*$A20,=N$1*$A20,=O$1*$A20,=P$1*$A20,=Q$1*$A20,=R$1*$A20,=S$1*$A20,=T$1*$A20,=U$1*$A20,=V$1*$A20,,,,,,=AB19*0.423,=AC19*0.423,,33.0,6.0,,=AE20/73,=AF20/12,,=(AE20+AF20)/(AB$19+AC$19)
19.0,=B$1*$A21,=C$1*$A21,=D$1*$A21,=E$1*$A21,=F$1*$A21,=G$1*$A21,=H$1*$A21,=I$1*$A21,=J$1*$A21,=K$1*$A21,=L$1*$A21,=M$1*$A21,=N$1*$A21,=O$1*$A21,=P$1*$A21,=Q$1*$A21,=R$1*$A21,=S$1*$A21,=T$1*$A21,=U$1*$A21,=V$1*$A21,,,,,,,,,31.0,5.0,,=AE21/73,=AF21/12,,=(AE21+AF21)/(AB$19+AC$19)
20.0,=B$1*$A22,=C$1*$A22,=D$1*$A22,=E$1*$A22,=F$1*$A22,=G$1*$A22,=H$1*$A22,=I$1*$A22,=J$1*$A22,=K$1*$A22,=L$1*$A22,=M$1*$A22,=N$1*$A22,=O$1*$A22,=P$1*$A22,=Q$1*$A22,=R$1*$A22,=S$1*$A22,=T$1*$A22,=U$1*$A22,=V$1*$A22,,,,,,,,,32.0,5.0,,=AE22/73,=AF22/12,,=(AE22+AF22)/(AB$19+AC$19)
21.0,=B$1*$A23,=C$1*$A23,=D$1*$A23,=E$1*$A23,=F$1*$A23,=G$1*$A23,=H$1*$A23,=I$1*$A23,=J$1*$A23,=K$1*$A23,=L$1*$A23,=M$1*$A23,=N$1*$A23,=O$1*$A23,=P$1*$A23,=Q$1*$A23,=R$1*$A23,=S$1*$A23,=T$1*$A23,=U$1*$A23,=V$1*$A23,,,,,,,,,33.0,5.0,,=AE23/73,=AF23/12,,=(AE23+AF23)/(AB$19+AC$19)
22.0,=B$1*$A24,=C$1*$A24,=D$1*$A24,=E$1*$A24,=F$1*$A24,=G$1*$A24,=H$1*$A24,=I$1*$A24,=J$1*$A24,=K$1*$A24,=L$1*$A24,=M$1*$A24,=N$1*$A24,=O$1*$A24,=P$1*$A24,=Q$1*$A24,=R$1*$A24,=S$1*$A24,=T$1*$A24,=U$1*$A24,=V$1*$A24,,,,,,,,,34.0,5.0,,=AE24/73,=AF24/12,,=(AE24+AF24)/(AB$19+AC$19)
23.0,=B$1*$A25,=C$1*$A25,=D$1*$A25,=E$1*$A25,=F$1*$A25,=G$1*$A25,=H$1*$A25,=I$1*$A25,=J$1*$A25,=K$1*$A25,=L$1*$A25,=M$1*$A25,=N$1*$A25,=O$1*$A25,=P$1*$A25,=Q$1*$A25,=R$1*$A25,=S$1*$A25,=T$1*$A25,=U$1*$A25,=V$1*$A25,,,,,,,,,35.0,5.0,,=AE25/73,=AF25/12,,=(AE25+AF25)/(AB$19+AC$19)
24.0,=B$1*$A26,=C$1*$A26,=D$1*$A26,=E$1*$A26,=F$1*$A26,=G$1*$A26,=H$1*$A26,=I$1*$A26,=J$1*$A26,=K$1*$A26,=L$1*$A26,=M$1*$A26,=N$1*$A26,=O$1*$A26,=P$1*$A26,=Q$1*$A26,=R$1*$A26,=S$1*$A26,=T$1*$A26,=U$1*$A26,=V$1*$A26,,,,,,,,,36.0,5.0,,=AE26/73,=AF26/12,,=(AE26+AF26)/(AB$19+AC$19)
25.0,=B$1*$A27,=C$1*$A27,=D$1*$A27,=E$1*$A27,=F$1*$A27,=G$1*$A27,=H$1*$A27,=I$1*$A27,=J$1*$A27,=K$1*$A27,=L$1*$A27,=M$1*$A27,=N$1*$A27,=O$1*$A27,=P$1*$A27,=Q$1*$A27,=R$1*$A27,=S$1*$A27,=T$1*$A27,=U$1*$A27,=V$1*$A27,,,,,,,,,37.0,5.0,,=AE27/73,=AF27/12,,=(AE27+AF27)/(AB$19+AC$19)
26.0,=B$1*$A28,=C$1*$A28,=D$1*$A28,=E$1*$A28,=F$1*$A28,=G$1*$A28,=H$1*$A28,=I$1*$A28,=J$1*$A28,=K$1*$A28,=L$1*$A28,=M$1*$A28,=N$1*$A28,=O$1*$A28,=P$1*$A28,=Q$1*$A28,=R$1*$A28,=S$1*$A28,=T$1*$A28,=U$1*$A28,=V$1*$A28,,,,,,,,,,,,,,,
27.0,=B$1*$A29,=C$1*$A29,=D$1*$A29,=E$1*$A29,=F$1*$A29,=G$1*$A29,=H$1*$A29,=I$1*$A29,=J$1*$A29,=K$1*$A29,=L$1*$A29,=M$1*$A29,=N$1*$A29,=O$1*$A29,=P$1*$A29,=Q$1*$A29,=R$1*$A29,=S$1*$A29,=T$1*$A29,=U$1*$A29,=V$1*$A29,,,,,,45.0,23.0,,18.0,10.0,,=AE29/45,=AF29/23,,=(AE29+AF29)/(AB$29+AC$29)
28.0,=B$1*$A30,=C$1*$A30,=D$1*$A30,=E$1*$A30,=F$1*$A30,=G$1*$A30,=H$1*$A30,=I$1*$A30,=J$1*$A30,=K$1*$A30,=L$1*$A30,=M$1*$A30,=N$1*$A30,=O$1*$A30,=P$1*$A30,=Q$1*$A30,=R$1*$A30,=S$1*$A30,=T$1*$A30,=U$1*$A30,=V$1*$A30,,,,,,=AB29*0.423,=AC29*0.423,,19.0,10.0,,=AE30/45,=AF30/23,,=(AE30+AF30)/(AB$29+AC$29)
29.0,=B$1*$A31,=C$1*$A31,=D$1*$A31,=E$1*$A31,=F$1*$A31,=G$1*$A31,=H$1*$A31,=I$1*$A31,=J$1*$A31,=K$1*$A31,=L$1*$A31,=M$1*$A31,=N$1*$A31,=O$1*$A31,=P$1*$A31,=Q$1*$A31,=R$1*$A31,=S$1*$A31,=T$1*$A31,=U$1*$A31,=V$1*$A31,,,,,,,,,20.0,9.0,,=AE31/45,=AF31/23,,=(AE31+AF31)/(AB$29+AC$29)
30.0,=B$1*$A32,=C$1*$A32,=D$1*$A32,=E$1*$A32,=F$1*$A32,=G$1*$A32,=H$1*$A32,=I$1*$A32,=J$1*$A32,=K$1*$A32,=L$1*$A32,=M$1*$A32,=N$1*$A32,=O$1*$A32,=P$1*$A32,=Q$1*$A32,=R$1*$A32,=S$1*$A32,=T$1*$A32,=U$1*$A32,=V$1*$A32,,,,,,,,,,,,,,,
31.0,=B$1*$A33,=C$1*$A33,=D$1*$A33,=E$1*$A33,=F$1*$A33,=G$1*$A33,=H$1*$A33,=I$1*$A33,=J$1*$A33,=K$1*$A33,=L$1*$A33,=M$1*$A33,=N$1*$A33,=O$1*$A33,=P$1*$A33,=Q$1*$A33,=R$1*$A33,=S$1*$A33,=T$1*$A33,=U$1*$A33,=V$1*$A33,,,,,,,,,,,,,,,
32.0,=B$1*$A34,=C$1*$A34,=D$1*$A34,=E$1*$A34,=F$1*$A34,=G$1*$A34,=H$1*$A34,=I$1*$A34,=J$1*$A34,=K$1*$A34,=L$1*$A34,=M$1*$A34,=N$1*$A34,=O$1*$A34,=P$1*$A34,=Q$1*$A34,=R$1*$A34,=S$1*$A34,=T$1*$A34,=U$1*$A34,=V$1*$A34,,,,,,,,,,,,,,,
33.0,=B$1*$A35,=C$1*$A35,=D$1*$A35,=E$1*$A35,=F$1*$A35,=G$1*$A35,=H$1*$A35,=I$1*$A35,=J$1*$A35,=K$1*$A35,=L$1*$A35,=M$1*$A35,=N$1*$A35,=O$1*$A35,=P$1*$A35,=Q$1*$A35,=R$1*$A35,=S$1*$A35,=T$1*$A35,=U$1*$A35,=V$1*$A35,,,,,,,,,,,,,,,
34.0,=B$1*$A36,=C$1*$A36,=D$1*$A36,=E$1*$A36,=F$1*$A36,=G$1*$A36,=H$1*$A36,=I$1*$A36,=J$1*$A36,=K$1*$A36,=L$1*$A36,=M$1*$A36,=N$1*$A36,=O$1*$A36,=P$1*$A36,=Q$1*$A36,=R$1*$A36,=S$1*$A36,=T$1*$A36,=U$1*$A36,=V$1*$A36,,,,,,,,,,,,,,,
35.0,=B$1*$A37,=C$1*$A37,=D$1*$A37,=E$1*$A37,=F$1*$A37,=G$1*$A37,=H$1*$A37,=I$1*$A37,=J$1*$A37,=K$1*$A37,=L$1*$A37,=M$1*$A37,=N$1*$A37,=O$1*$A37,=P$1*$A37,=Q$1*$A37,=R$1*$A37,=S$1*$A37,=T$1*$A37,=U$1*$A37,=V$1*$A37,,,,,,,,,,,,,,,
36.0,=B$1*$A38,=C$1*$A38,=D$1*$A38,=E$1*$A38,=F$1*$A38,=G$1*$A38,=H$1*$A38,=I$1*$A38,=J$1*$A38,=K$1*$A38,=L$1*$A38,=M$1*$A38,=N$1*$A38,=O$1*$A38,=P$1*$A38,=Q$1*$A38,=R$1*$A38,=S$1*$A38,=T$1*$A38,=U$1*$A38,=V$1*$A38,,,,,,,,,,,,,,,
37.0,=B$1*$A39,=C$1*$A39,=D$1*$A39,=E$1*$A39,=F$1*$A39,=G$1*$A39,=H$1*$A39,=I$1*$A39,=J$1*$A39,=K$1*$A39,=L$1*$A39,=M$1*$A39,=N$1*$A39,=O$1*$A39,=P$1*$A39,=Q$1*$A39,=R$1*$A39,=S$1*$A39,=T$1*$A39,=U$1*$A39,=V$1*$A39,,,,,,,,,,,,,,,
38.0,=B$1*$A40,=C$1*$A40,=D$1*$A40,=E$1*$A40,=F$1*$A40,=G$1*$A40,=H$1*$A40,=I$1*$A40,=J$1*$A40,=K$1*$A40,=L$1*$A40,=M$1*$A40,=N$1*$A40,=O$1*$A40,=P$1*$A40,=Q$1*$A40,=R$1*$A40,=S$1*$A40,=T$1*$A40,=U$1*$A40,=V$1*$A40,,,,,,,,,,,,,,,
,,,,,,,,,,,,,,,,,,,,,,,,,,,,,,,,,,,,
,0.0,1.0,2.0,3.0,4.0,5.0,6.0,7.0,8.0,9.0,10.0,11.0,12.0,13.0,14.0,15.0,16.0,17.0,18.0,19.0,20.0,,,,,,,,,,,,,,,
0.0,=(27-B$1)*$A43+B$1*(38-$A43),=(27-C$1)*$A43+C$1*(38-$A43),=(27-D$1)*$A43+D$1*(38-$A43),=(27-E$1)*$A43+E$1*(38-$A43),=(27-F$1)*$A43+F$1*(38-$A43),=(27-G$1)*$A43+G$1*(38-$A43),=(27-H$1)*$A43+H$1*(38-$A43),=(27-I$1)*$A43+I$1*(38-$A43),=(27-J$1)*$A43+J$1*(38-$A43),=(27-K$1)*$A43+K$1*(38-$A43),=(27-L$1)*$A43+L$1*(38-$A43),=(27-M$1)*$A43+M$1*(38-$A43),=(27-N$1)*$A43+N$1*(38-$A43),=(27-O$1)*$A43+O$1*(38-$A43),=(27-P$1)*$A43+P$1*(38-$A43),=(27-Q$1)*$A43+Q$1*(38-$A43),=(27-R$1)*$A43+R$1*(38-$A43),=(27-S$1)*$A43+S$1*(38-$A43),=(27-T$1)*$A43+T$1*(38-$A43),=(27-U$1)*$A43+U$1*(38-$A43),=(27-V$1)*$A43+V$1*(38-$A43),,,,,,,,,,,,,,,
1.0,=(27-B$1)*$A44+B$1*(38-$A44),=(27-C$1)*$A44+C$1*(38-$A44),=(27-D$1)*$A44+D$1*(38-$A44),=(27-E$1)*$A44+E$1*(38-$A44),=(27-F$1)*$A44+F$1*(38-$A44),=(27-G$1)*$A44+G$1*(38-$A44),=(27-H$1)*$A44+H$1*(38-$A44),=(27-I$1)*$A44+I$1*(38-$A44),=(27-J$1)*$A44+J$1*(38-$A44),=(27-K$1)*$A44+K$1*(38-$A44),=(27-L$1)*$A44+L$1*(38-$A44),=(27-M$1)*$A44+M$1*(38-$A44),=(27-N$1)*$A44+N$1*(38-$A44),=(27-O$1)*$A44+O$1*(38-$A44),=(27-P$1)*$A44+P$1*(38-$A44),=(27-Q$1)*$A44+Q$1*(38-$A44),=(27-R$1)*$A44+R$1*(38-$A44),=(27-S$1)*$A44+S$1*(38-$A44),=(27-T$1)*$A44+T$1*(38-$A44),=(27-U$1)*$A44+U$1*(38-$A44),=(27-V$1)*$A44+V$1*(38-$A44),,,,,,,,,,,,,,,
2.0,=(27-B$1)*$A45+B$1*(38-$A45),=(27-C$1)*$A45+C$1*(38-$A45),=(27-D$1)*$A45+D$1*(38-$A45),=(27-E$1)*$A45+E$1*(38-$A45),=(27-F$1)*$A45+F$1*(38-$A45),=(27-G$1)*$A45+G$1*(38-$A45),=(27-H$1)*$A45+H$1*(38-$A45),=(27-I$1)*$A45+I$1*(38-$A45),=(27-J$1)*$A45+J$1*(38-$A45),=(27-K$1)*$A45+K$1*(38-$A45),=(27-L$1)*$A45+L$1*(38-$A45),=(27-M$1)*$A45+M$1*(38-$A45),=(27-N$1)*$A45+N$1*(38-$A45),=(27-O$1)*$A45+O$1*(38-$A45),=(27-P$1)*$A45+P$1*(38-$A45),=(27-Q$1)*$A45+Q$1*(38-$A45),=(27-R$1)*$A45+R$1*(38-$A45),=(27-S$1)*$A45+S$1*(38-$A45),=(27-T$1)*$A45+T$1*(38-$A45),=(27-U$1)*$A45+U$1*(38-$A45),=(27-V$1)*$A45+V$1*(38-$A45),,,,,,,,,,,,,,,
3.0,=(27-B$1)*$A46+B$1*(38-$A46),=(27-C$1)*$A46+C$1*(38-$A46),=(27-D$1)*$A46+D$1*(38-$A46),=(27-E$1)*$A46+E$1*(38-$A46),=(27-F$1)*$A46+F$1*(38-$A46),=(27-G$1)*$A46+G$1*(38-$A46),=(27-H$1)*$A46+H$1*(38-$A46),=(27-I$1)*$A46+I$1*(38-$A46),=(27-J$1)*$A46+J$1*(38-$A46),=(27-K$1)*$A46+K$1*(38-$A46),=(27-L$1)*$A46+L$1*(38-$A46),=(27-M$1)*$A46+M$1*(38-$A46),=(27-N$1)*$A46+N$1*(38-$A46),=(27-O$1)*$A46+O$1*(38-$A46),=(27-P$1)*$A46+P$1*(38-$A46),=(27-Q$1)*$A46+Q$1*(38-$A46),=(27-R$1)*$A46+R$1*(38-$A46),=(27-S$1)*$A46+S$1*(38-$A46),=(27-T$1)*$A46+T$1*(38-$A46),=(27-U$1)*$A46+U$1*(38-$A46),=(27-V$1)*$A46+V$1*(38-$A46),,,,,,,,,,,,,,,
4.0,=(27-B$1)*$A47+B$1*(38-$A47),=(27-C$1)*$A47+C$1*(38-$A47),=(27-D$1)*$A47+D$1*(38-$A47),=(27-E$1)*$A47+E$1*(38-$A47),=(27-F$1)*$A47+F$1*(38-$A47),=(27-G$1)*$A47+G$1*(38-$A47),=(27-H$1)*$A47+H$1*(38-$A47),=(27-I$1)*$A47+I$1*(38-$A47),=(27-J$1)*$A47+J$1*(38-$A47),=(27-K$1)*$A47+K$1*(38-$A47),=(27-L$1)*$A47+L$1*(38-$A47),=(27-M$1)*$A47+M$1*(38-$A47),=(27-N$1)*$A47+N$1*(38-$A47),=(27-O$1)*$A47+O$1*(38-$A47),=(27-P$1)*$A47+P$1*(38-$A47),=(27-Q$1)*$A47+Q$1*(38-$A47),=(27-R$1)*$A47+R$1*(38-$A47),=(27-S$1)*$A47+S$1*(38-$A47),=(27-T$1)*$A47+T$1*(38-$A47),=(27-U$1)*$A47+U$1*(38-$A47),=(27-V$1)*$A47+V$1*(38-$A47),,,,,,,,,,,,,,,
5.0,=(27-B$1)*$A48+B$1*(38-$A48),=(27-C$1)*$A48+C$1*(38-$A48),=(27-D$1)*$A48+D$1*(38-$A48),=(27-E$1)*$A48+E$1*(38-$A48),=(27-F$1)*$A48+F$1*(38-$A48),=(27-G$1)*$A48+G$1*(38-$A48),=(27-H$1)*$A48+H$1*(38-$A48),=(27-I$1)*$A48+I$1*(38-$A48),=(27-J$1)*$A48+J$1*(38-$A48),=(27-K$1)*$A48+K$1*(38-$A48),=(27-L$1)*$A48+L$1*(38-$A48),=(27-M$1)*$A48+M$1*(38-$A48),=(27-N$1)*$A48+N$1*(38-$A48),=(27-O$1)*$A48+O$1*(38-$A48),=(27-P$1)*$A48+P$1*(38-$A48),=(27-Q$1)*$A48+Q$1*(38-$A48),=(27-R$1)*$A48+R$1*(38-$A48),=(27-S$1)*$A48+S$1*(38-$A48),=(27-T$1)*$A48+T$1*(38-$A48),=(27-U$1)*$A48+U$1*(38-$A48),=(27-V$1)*$A48+V$1*(38-$A48),,,,,,,,,,,,,,,
6.0,=(27-B$1)*$A49+B$1*(38-$A49),=(27-C$1)*$A49+C$1*(38-$A49),=(27-D$1)*$A49+D$1*(38-$A49),=(27-E$1)*$A49+E$1*(38-$A49),=(27-F$1)*$A49+F$1*(38-$A49),=(27-G$1)*$A49+G$1*(38-$A49),=(27-H$1)*$A49+H$1*(38-$A49),=(27-I$1)*$A49+I$1*(38-$A49),=(27-J$1)*$A49+J$1*(38-$A49),=(27-K$1)*$A49+K$1*(38-$A49),=(27-L$1)*$A49+L$1*(38-$A49),=(27-M$1)*$A49+M$1*(38-$A49),=(27-N$1)*$A49+N$1*(38-$A49),=(27-O$1)*$A49+O$1*(38-$A49),=(27-P$1)*$A49+P$1*(38-$A49),=(27-Q$1)*$A49+Q$1*(38-$A49),=(27-R$1)*$A49+R$1*(38-$A49),=(27-S$1)*$A49+S$1*(38-$A49),=(27-T$1)*$A49+T$1*(38-$A49),=(27-U$1)*$A49+U$1*(38-$A49),=(27-V$1)*$A49+V$1*(38-$A49),,,,,,,,,,,,,,,
7.0,=(27-B$1)*$A50+B$1*(38-$A50),=(27-C$1)*$A50+C$1*(38-$A50),=(27-D$1)*$A50+D$1*(38-$A50),=(27-E$1)*$A50+E$1*(38-$A50),=(27-F$1)*$A50+F$1*(38-$A50),=(27-G$1)*$A50+G$1*(38-$A50),=(27-H$1)*$A50+H$1*(38-$A50),=(27-I$1)*$A50+I$1*(38-$A50),=(27-J$1)*$A50+J$1*(38-$A50),=(27-K$1)*$A50+K$1*(38-$A50),=(27-L$1)*$A50+L$1*(38-$A50),=(27-M$1)*$A50+M$1*(38-$A50),=(27-N$1)*$A50+N$1*(38-$A50),=(27-O$1)*$A50+O$1*(38-$A50),=(27-P$1)*$A50+P$1*(38-$A50),=(27-Q$1)*$A50+Q$1*(38-$A50),=(27-R$1)*$A50+R$1*(38-$A50),=(27-S$1)*$A50+S$1*(38-$A50),=(27-T$1)*$A50+T$1*(38-$A50),=(27-U$1)*$A50+U$1*(38-$A50),=(27-V$1)*$A50+V$1*(38-$A50),,,,,,,,,,,,,,,
8.0,=(27-B$1)*$A51+B$1*(38-$A51),=(27-C$1)*$A51+C$1*(38-$A51),=(27-D$1)*$A51+D$1*(38-$A51),=(27-E$1)*$A51+E$1*(38-$A51),=(27-F$1)*$A51+F$1*(38-$A51),=(27-G$1)*$A51+G$1*(38-$A51),=(27-H$1)*$A51+H$1*(38-$A51),=(27-I$1)*$A51+I$1*(38-$A51),=(27-J$1)*$A51+J$1*(38-$A51),=(27-K$1)*$A51+K$1*(38-$A51),=(27-L$1)*$A51+L$1*(38-$A51),=(27-M$1)*$A51+M$1*(38-$A51),=(27-N$1)*$A51+N$1*(38-$A51),=(27-O$1)*$A51+O$1*(38-$A51),=(27-P$1)*$A51+P$1*(38-$A51),=(27-Q$1)*$A51+Q$1*(38-$A51),=(27-R$1)*$A51+R$1*(38-$A51),=(27-S$1)*$A51+S$1*(38-$A51),=(27-T$1)*$A51+T$1*(38-$A51),=(27-U$1)*$A51+U$1*(38-$A51),=(27-V$1)*$A51+V$1*(38-$A51),,,,,,,,,,,,,,,
9.0,=(27-B$1)*$A52+B$1*(38-$A52),=(27-C$1)*$A52+C$1*(38-$A52),=(27-D$1)*$A52+D$1*(38-$A52),=(27-E$1)*$A52+E$1*(38-$A52),=(27-F$1)*$A52+F$1*(38-$A52),=(27-G$1)*$A52+G$1*(38-$A52),=(27-H$1)*$A52+H$1*(38-$A52),=(27-I$1)*$A52+I$1*(38-$A52),=(27-J$1)*$A52+J$1*(38-$A52),=(27-K$1)*$A52+K$1*(38-$A52),=(27-L$1)*$A52+L$1*(38-$A52),=(27-M$1)*$A52+M$1*(38-$A52),=(27-N$1)*$A52+N$1*(38-$A52),=(27-O$1)*$A52+O$1*(38-$A52),=(27-P$1)*$A52+P$1*(38-$A52),=(27-Q$1)*$A52+Q$1*(38-$A52),=(27-R$1)*$A52+R$1*(38-$A52),=(27-S$1)*$A52+S$1*(38-$A52),=(27-T$1)*$A52+T$1*(38-$A52),=(27-U$1)*$A52+U$1*(38-$A52),=(27-V$1)*$A52+V$1*(38-$A52),,,,,,,,,,,,,,,
10.0,=(27-B$1)*$A53+B$1*(38-$A53),=(27-C$1)*$A53+C$1*(38-$A53),=(27-D$1)*$A53+D$1*(38-$A53),=(27-E$1)*$A53+E$1*(38-$A53),=(27-F$1)*$A53+F$1*(38-$A53),=(27-G$1)*$A53+G$1*(38-$A53),=(27-H$1)*$A53+H$1*(38-$A53),=(27-I$1)*$A53+I$1*(38-$A53),=(27-J$1)*$A53+J$1*(38-$A53),=(27-K$1)*$A53+K$1*(38-$A53),=(27-L$1)*$A53+L$1*(38-$A53),=(27-M$1)*$A53+M$1*(38-$A53),=(27-N$1)*$A53+N$1*(38-$A53),=(27-O$1)*$A53+O$1*(38-$A53),=(27-P$1)*$A53+P$1*(38-$A53),=(27-Q$1)*$A53+Q$1*(38-$A53),=(27-R$1)*$A53+R$1*(38-$A53),=(27-S$1)*$A53+S$1*(38-$A53),=(27-T$1)*$A53+T$1*(38-$A53),=(27-U$1)*$A53+U$1*(38-$A53),=(27-V$1)*$A53+V$1*(38-$A53),,,,,,,,,,,,,,,
11.0,=(27-B$1)*$A54+B$1*(38-$A54),=(27-C$1)*$A54+C$1*(38-$A54),=(27-D$1)*$A54+D$1*(38-$A54),=(27-E$1)*$A54+E$1*(38-$A54),=(27-F$1)*$A54+F$1*(38-$A54),=(27-G$1)*$A54+G$1*(38-$A54),=(27-H$1)*$A54+H$1*(38-$A54),=(27-I$1)*$A54+I$1*(38-$A54),=(27-J$1)*$A54+J$1*(38-$A54),=(27-K$1)*$A54+K$1*(38-$A54),=(27-L$1)*$A54+L$1*(38-$A54),=(27-M$1)*$A54+M$1*(38-$A54),=(27-N$1)*$A54+N$1*(38-$A54),=(27-O$1)*$A54+O$1*(38-$A54),=(27-P$1)*$A54+P$1*(38-$A54),=(27-Q$1)*$A54+Q$1*(38-$A54),=(27-R$1)*$A54+R$1*(38-$A54),=(27-S$1)*$A54+S$1*(38-$A54),=(27-T$1)*$A54+T$1*(38-$A54),=(27-U$1)*$A54+U$1*(38-$A54),=(27-V$1)*$A54+V$1*(38-$A54),,,,,,,,,,,,,,,
12.0,=(27-B$1)*$A55+B$1*(38-$A55),=(27-C$1)*$A55+C$1*(38-$A55),=(27-D$1)*$A55+D$1*(38-$A55),=(27-E$1)*$A55+E$1*(38-$A55),=(27-F$1)*$A55+F$1*(38-$A55),=(27-G$1)*$A55+G$1*(38-$A55),=(27-H$1)*$A55+H$1*(38-$A55),=(27-I$1)*$A55+I$1*(38-$A55),=(27-J$1)*$A55+J$1*(38-$A55),=(27-K$1)*$A55+K$1*(38-$A55),=(27-L$1)*$A55+L$1*(38-$A55),=(27-M$1)*$A55+M$1*(38-$A55),=(27-N$1)*$A55+N$1*(38-$A55),=(27-O$1)*$A55+O$1*(38-$A55),=(27-P$1)*$A55+P$1*(38-$A55),=(27-Q$1)*$A55+Q$1*(38-$A55),=(27-R$1)*$A55+R$1*(38-$A55),=(27-S$1)*$A55+S$1*(38-$A55),=(27-T$1)*$A55+T$1*(38-$A55),=(27-U$1)*$A55+U$1*(38-$A55),=(27-V$1)*$A55+V$1*(38-$A55),,,,,,,,,,,,,,,
13.0,=(27-B$1)*$A56+B$1*(38-$A56),=(27-C$1)*$A56+C$1*(38-$A56),=(27-D$1)*$A56+D$1*(38-$A56),=(27-E$1)*$A56+E$1*(38-$A56),=(27-F$1)*$A56+F$1*(38-$A56),=(27-G$1)*$A56+G$1*(38-$A56),=(27-H$1)*$A56+H$1*(38-$A56),=(27-I$1)*$A56+I$1*(38-$A56),=(27-J$1)*$A56+J$1*(38-$A56),=(27-K$1)*$A56+K$1*(38-$A56),=(27-L$1)*$A56+L$1*(38-$A56),=(27-M$1)*$A56+M$1*(38-$A56),=(27-N$1)*$A56+N$1*(38-$A56),=(27-O$1)*$A56+O$1*(38-$A56),=(27-P$1)*$A56+P$1*(38-$A56),=(27-Q$1)*$A56+Q$1*(38-$A56),=(27-R$1)*$A56+R$1*(38-$A56),=(27-S$1)*$A56+S$1*(38-$A56),=(27-T$1)*$A56+T$1*(38-$A56),=(27-U$1)*$A56+U$1*(38-$A56),=(27-V$1)*$A56+V$1*(38-$A56),,,,,,,,,,,,,,,
14.0,=(27-B$1)*$A57+B$1*(38-$A57),=(27-C$1)*$A57+C$1*(38-$A57),=(27-D$1)*$A57+D$1*(38-$A57),=(27-E$1)*$A57+E$1*(38-$A57),=(27-F$1)*$A57+F$1*(38-$A57),=(27-G$1)*$A57+G$1*(38-$A57),=(27-H$1)*$A57+H$1*(38-$A57),=(27-I$1)*$A57+I$1*(38-$A57),=(27-J$1)*$A57+J$1*(38-$A57),=(27-K$1)*$A57+K$1*(38-$A57),=(27-L$1)*$A57+L$1*(38-$A57),=(27-M$1)*$A57+M$1*(38-$A57),=(27-N$1)*$A57+N$1*(38-$A57),=(27-O$1)*$A57+O$1*(38-$A57),=(27-P$1)*$A57+P$1*(38-$A57),=(27-Q$1)*$A57+Q$1*(38-$A57),=(27-R$1)*$A57+R$1*(38-$A57),=(27-S$1)*$A57+S$1*(38-$A57),=(27-T$1)*$A57+T$1*(38-$A57),=(27-U$1)*$A57+U$1*(38-$A57),=(27-V$1)*$A57+V$1*(38-$A57),,,,,,,,,,,,,,,
15.0,=(27-B$1)*$A58+B$1*(38-$A58),=(27-C$1)*$A58+C$1*(38-$A58),=(27-D$1)*$A58+D$1*(38-$A58),=(27-E$1)*$A58+E$1*(38-$A58),=(27-F$1)*$A58+F$1*(38-$A58),=(27-G$1)*$A58+G$1*(38-$A58),=(27-H$1)*$A58+H$1*(38-$A58),=(27-I$1)*$A58+I$1*(38-$A58),=(27-J$1)*$A58+J$1*(38-$A58),=(27-K$1)*$A58+K$1*(38-$A58),=(27-L$1)*$A58+L$1*(38-$A58),=(27-M$1)*$A58+M$1*(38-$A58),=(27-N$1)*$A58+N$1*(38-$A58),=(27-O$1)*$A58+O$1*(38-$A58),=(27-P$1)*$A58+P$1*(38-$A58),=(27-Q$1)*$A58+Q$1*(38-$A58),=(27-R$1)*$A58+R$1*(38-$A58),=(27-S$1)*$A58+S$1*(38-$A58),=(27-T$1)*$A58+T$1*(38-$A58),=(27-U$1)*$A58+U$1*(38-$A58),=(27-V$1)*$A58+V$1*(38-$A58),,,,,,,,,,,,,,,
16.0,=(27-B$1)*$A59+B$1*(38-$A59),=(27-C$1)*$A59+C$1*(38-$A59),=(27-D$1)*$A59+D$1*(38-$A59),=(27-E$1)*$A59+E$1*(38-$A59),=(27-F$1)*$A59+F$1*(38-$A59),=(27-G$1)*$A59+G$1*(38-$A59),=(27-H$1)*$A59+H$1*(38-$A59),=(27-I$1)*$A59+I$1*(38-$A59),=(27-J$1)*$A59+J$1*(38-$A59),=(27-K$1)*$A59+K$1*(38-$A59),=(27-L$1)*$A59+L$1*(38-$A59),=(27-M$1)*$A59+M$1*(38-$A59),=(27-N$1)*$A59+N$1*(38-$A59),=(27-O$1)*$A59+O$1*(38-$A59),=(27-P$1)*$A59+P$1*(38-$A59),=(27-Q$1)*$A59+Q$1*(38-$A59),=(27-R$1)*$A59+R$1*(38-$A59),=(27-S$1)*$A59+S$1*(38-$A59),=(27-T$1)*$A59+T$1*(38-$A59),=(27-U$1)*$A59+U$1*(38-$A59),=(27-V$1)*$A59+V$1*(38-$A59),,,,,,,,,,,,,,,
17.0,=(27-B$1)*$A60+B$1*(38-$A60),=(27-C$1)*$A60+C$1*(38-$A60),=(27-D$1)*$A60+D$1*(38-$A60),=(27-E$1)*$A60+E$1*(38-$A60),=(27-F$1)*$A60+F$1*(38-$A60),=(27-G$1)*$A60+G$1*(38-$A60),=(27-H$1)*$A60+H$1*(38-$A60),=(27-I$1)*$A60+I$1*(38-$A60),=(27-J$1)*$A60+J$1*(38-$A60),=(27-K$1)*$A60+K$1*(38-$A60),=(27-L$1)*$A60+L$1*(38-$A60),=(27-M$1)*$A60+M$1*(38-$A60),=(27-N$1)*$A60+N$1*(38-$A60),=(27-O$1)*$A60+O$1*(38-$A60),=(27-P$1)*$A60+P$1*(38-$A60),=(27-Q$1)*$A60+Q$1*(38-$A60),=(27-R$1)*$A60+R$1*(38-$A60),=(27-S$1)*$A60+S$1*(38-$A60),=(27-T$1)*$A60+T$1*(38-$A60),=(27-U$1)*$A60+U$1*(38-$A60),=(27-V$1)*$A60+V$1*(38-$A60),,,,,,,,,,,,,,,
18.0,=(27-B$1)*$A61+B$1*(38-$A61),=(27-C$1)*$A61+C$1*(38-$A61),=(27-D$1)*$A61+D$1*(38-$A61),=(27-E$1)*$A61+E$1*(38-$A61),=(27-F$1)*$A61+F$1*(38-$A61),=(27-G$1)*$A61+G$1*(38-$A61),=(27-H$1)*$A61+H$1*(38-$A61),=(27-I$1)*$A61+I$1*(38-$A61),=(27-J$1)*$A61+J$1*(38-$A61),=(27-K$1)*$A61+K$1*(38-$A61),=(27-L$1)*$A61+L$1*(38-$A61),=(27-M$1)*$A61+M$1*(38-$A61),=(27-N$1)*$A61+N$1*(38-$A61),=(27-O$1)*$A61+O$1*(38-$A61),=(27-P$1)*$A61+P$1*(38-$A61),=(27-Q$1)*$A61+Q$1*(38-$A61),=(27-R$1)*$A61+R$1*(38-$A61),=(27-S$1)*$A61+S$1*(38-$A61),=(27-T$1)*$A61+T$1*(38-$A61),=(27-U$1)*$A61+U$1*(38-$A61),=(27-V$1)*$A61+V$1*(38-$A61),,,,,,,,,,,,,,,
19.0,=(27-B$1)*$A62+B$1*(38-$A62),=(27-C$1)*$A62+C$1*(38-$A62),=(27-D$1)*$A62+D$1*(38-$A62),=(27-E$1)*$A62+E$1*(38-$A62),=(27-F$1)*$A62+F$1*(38-$A62),=(27-G$1)*$A62+G$1*(38-$A62),=(27-H$1)*$A62+H$1*(38-$A62),=(27-I$1)*$A62+I$1*(38-$A62),=(27-J$1)*$A62+J$1*(38-$A62),=(27-K$1)*$A62+K$1*(38-$A62),=(27-L$1)*$A62+L$1*(38-$A62),=(27-M$1)*$A62+M$1*(38-$A62),=(27-N$1)*$A62+N$1*(38-$A62),=(27-O$1)*$A62+O$1*(38-$A62),=(27-P$1)*$A62+P$1*(38-$A62),=(27-Q$1)*$A62+Q$1*(38-$A62),=(27-R$1)*$A62+R$1*(38-$A62),=(27-S$1)*$A62+S$1*(38-$A62),=(27-T$1)*$A62+T$1*(38-$A62),=(27-U$1)*$A62+U$1*(38-$A62),=(27-V$1)*$A62+V$1*(38-$A62),,,,,,,,,,,,,,,
20.0,=(27-B$1)*$A63+B$1*(38-$A63),=(27-C$1)*$A63+C$1*(38-$A63),=(27-D$1)*$A63+D$1*(38-$A63),=(27-E$1)*$A63+E$1*(38-$A63),=(27-F$1)*$A63+F$1*(38-$A63),=(27-G$1)*$A63+G$1*(38-$A63),=(27-H$1)*$A63+H$1*(38-$A63),=(27-I$1)*$A63+I$1*(38-$A63),=(27-J$1)*$A63+J$1*(38-$A63),=(27-K$1)*$A63+K$1*(38-$A63),=(27-L$1)*$A63+L$1*(38-$A63),=(27-M$1)*$A63+M$1*(38-$A63),=(27-N$1)*$A63+N$1*(38-$A63),=(27-O$1)*$A63+O$1*(38-$A63),=(27-P$1)*$A63+P$1*(38-$A63),=(27-Q$1)*$A63+Q$1*(38-$A63),=(27-R$1)*$A63+R$1*(38-$A63),=(27-S$1)*$A63+S$1*(38-$A63),=(27-T$1)*$A63+T$1*(38-$A63),=(27-U$1)*$A63+U$1*(38-$A63),=(27-V$1)*$A63+V$1*(38-$A63),,,,,,,,,,,,,,,
21.0,=(27-B$1)*$A64+B$1*(38-$A64),=(27-C$1)*$A64+C$1*(38-$A64),=(27-D$1)*$A64+D$1*(38-$A64),=(27-E$1)*$A64+E$1*(38-$A64),=(27-F$1)*$A64+F$1*(38-$A64),=(27-G$1)*$A64+G$1*(38-$A64),=(27-H$1)*$A64+H$1*(38-$A64),=(27-I$1)*$A64+I$1*(38-$A64),=(27-J$1)*$A64+J$1*(38-$A64),=(27-K$1)*$A64+K$1*(38-$A64),=(27-L$1)*$A64+L$1*(38-$A64),=(27-M$1)*$A64+M$1*(38-$A64),=(27-N$1)*$A64+N$1*(38-$A64),=(27-O$1)*$A64+O$1*(38-$A64),=(27-P$1)*$A64+P$1*(38-$A64),=(27-Q$1)*$A64+Q$1*(38-$A64),=(27-R$1)*$A64+R$1*(38-$A64),=(27-S$1)*$A64+S$1*(38-$A64),=(27-T$1)*$A64+T$1*(38-$A64),=(27-U$1)*$A64+U$1*(38-$A64),=(27-V$1)*$A64+V$1*(38-$A64),,,,,,,,,,,,,,,
22.0,=(27-B$1)*$A65+B$1*(38-$A65),=(27-C$1)*$A65+C$1*(38-$A65),=(27-D$1)*$A65+D$1*(38-$A65),=(27-E$1)*$A65+E$1*(38-$A65),=(27-F$1)*$A65+F$1*(38-$A65),=(27-G$1)*$A65+G$1*(38-$A65),=(27-H$1)*$A65+H$1*(38-$A65),=(27-I$1)*$A65+I$1*(38-$A65),=(27-J$1)*$A65+J$1*(38-$A65),=(27-K$1)*$A65+K$1*(38-$A65),=(27-L$1)*$A65+L$1*(38-$A65),=(27-M$1)*$A65+M$1*(38-$A65),=(27-N$1)*$A65+N$1*(38-$A65),=(27-O$1)*$A65+O$1*(38-$A65),=(27-P$1)*$A65+P$1*(38-$A65),=(27-Q$1)*$A65+Q$1*(38-$A65),=(27-R$1)*$A65+R$1*(38-$A65),=(27-S$1)*$A65+S$1*(38-$A65),=(27-T$1)*$A65+T$1*(38-$A65),=(27-U$1)*$A65+U$1*(38-$A65),=(27-V$1)*$A65+V$1*(38-$A65),,,,,,,,,,,,,,,
23.0,=(27-B$1)*$A66+B$1*(38-$A66),=(27-C$1)*$A66+C$1*(38-$A66),=(27-D$1)*$A66+D$1*(38-$A66),=(27-E$1)*$A66+E$1*(38-$A66),=(27-F$1)*$A66+F$1*(38-$A66),=(27-G$1)*$A66+G$1*(38-$A66),=(27-H$1)*$A66+H$1*(38-$A66),=(27-I$1)*$A66+I$1*(38-$A66),=(27-J$1)*$A66+J$1*(38-$A66),=(27-K$1)*$A66+K$1*(38-$A66),=(27-L$1)*$A66+L$1*(38-$A66),=(27-M$1)*$A66+M$1*(38-$A66),=(27-N$1)*$A66+N$1*(38-$A66),=(27-O$1)*$A66+O$1*(38-$A66),=(27-P$1)*$A66+P$1*(38-$A66),=(27-Q$1)*$A66+Q$1*(38-$A66),=(27-R$1)*$A66+R$1*(38-$A66),=(27-S$1)*$A66+S$1*(38-$A66),=(27-T$1)*$A66+T$1*(38-$A66),=(27-U$1)*$A66+U$1*(38-$A66),=(27-V$1)*$A66+V$1*(38-$A66),,,,,,,,,,,,,,,
24.0,=(27-B$1)*$A67+B$1*(38-$A67),=(27-C$1)*$A67+C$1*(38-$A67),=(27-D$1)*$A67+D$1*(38-$A67),=(27-E$1)*$A67+E$1*(38-$A67),=(27-F$1)*$A67+F$1*(38-$A67),=(27-G$1)*$A67+G$1*(38-$A67),=(27-H$1)*$A67+H$1*(38-$A67),=(27-I$1)*$A67+I$1*(38-$A67),=(27-J$1)*$A67+J$1*(38-$A67),=(27-K$1)*$A67+K$1*(38-$A67),=(27-L$1)*$A67+L$1*(38-$A67),=(27-M$1)*$A67+M$1*(38-$A67),=(27-N$1)*$A67+N$1*(38-$A67),=(27-O$1)*$A67+O$1*(38-$A67),=(27-P$1)*$A67+P$1*(38-$A67),=(27-Q$1)*$A67+Q$1*(38-$A67),=(27-R$1)*$A67+R$1*(38-$A67),=(27-S$1)*$A67+S$1*(38-$A67),=(27-T$1)*$A67+T$1*(38-$A67),=(27-U$1)*$A67+U$1*(38-$A67),=(27-V$1)*$A67+V$1*(38-$A67),,,,,,,,,,,,,,,
25.0,=(27-B$1)*$A68+B$1*(38-$A68),=(27-C$1)*$A68+C$1*(38-$A68),=(27-D$1)*$A68+D$1*(38-$A68),=(27-E$1)*$A68+E$1*(38-$A68),=(27-F$1)*$A68+F$1*(38-$A68),=(27-G$1)*$A68+G$1*(38-$A68),=(27-H$1)*$A68+H$1*(38-$A68),=(27-I$1)*$A68+I$1*(38-$A68),=(27-J$1)*$A68+J$1*(38-$A68),=(27-K$1)*$A68+K$1*(38-$A68),=(27-L$1)*$A68+L$1*(38-$A68),=(27-M$1)*$A68+M$1*(38-$A68),=(27-N$1)*$A68+N$1*(38-$A68),=(27-O$1)*$A68+O$1*(38-$A68),=(27-P$1)*$A68+P$1*(38-$A68),=(27-Q$1)*$A68+Q$1*(38-$A68),=(27-R$1)*$A68+R$1*(38-$A68),=(27-S$1)*$A68+S$1*(38-$A68),=(27-T$1)*$A68+T$1*(38-$A68),=(27-U$1)*$A68+U$1*(38-$A68),=(27-V$1)*$A68+V$1*(38-$A68),,,,,,,,,,,,,,,
26.0,=(27-B$1)*$A69+B$1*(38-$A69),=(27-C$1)*$A69+C$1*(38-$A69),=(27-D$1)*$A69+D$1*(38-$A69),=(27-E$1)*$A69+E$1*(38-$A69),=(27-F$1)*$A69+F$1*(38-$A69),=(27-G$1)*$A69+G$1*(38-$A69),=(27-H$1)*$A69+H$1*(38-$A69),=(27-I$1)*$A69+I$1*(38-$A69),=(27-J$1)*$A69+J$1*(38-$A69),=(27-K$1)*$A69+K$1*(38-$A69),=(27-L$1)*$A69+L$1*(38-$A69),=(27-M$1)*$A69+M$1*(38-$A69),=(27-N$1)*$A69+N$1*(38-$A69),=(27-O$1)*$A69+O$1*(38-$A69),=(27-P$1)*$A69+P$1*(38-$A69),=(27-Q$1)*$A69+Q$1*(38-$A69),=(27-R$1)*$A69+R$1*(38-$A69),=(27-S$1)*$A69+S$1*(38-$A69),=(27-T$1)*$A69+T$1*(38-$A69),=(27-U$1)*$A69+U$1*(38-$A69),=(27-V$1)*$A69+V$1*(38-$A69),,,,,,,,,,,,,,,
27.0,=(27-B$1)*$A70+B$1*(38-$A70),=(27-C$1)*$A70+C$1*(38-$A70),=(27-D$1)*$A70+D$1*(38-$A70),=(27-E$1)*$A70+E$1*(38-$A70),=(27-F$1)*$A70+F$1*(38-$A70),=(27-G$1)*$A70+G$1*(38-$A70),=(27-H$1)*$A70+H$1*(38-$A70),=(27-I$1)*$A70+I$1*(38-$A70),=(27-J$1)*$A70+J$1*(38-$A70),=(27-K$1)*$A70+K$1*(38-$A70),=(27-L$1)*$A70+L$1*(38-$A70),=(27-M$1)*$A70+M$1*(38-$A70),=(27-N$1)*$A70+N$1*(38-$A70),=(27-O$1)*$A70+O$1*(38-$A70),=(27-P$1)*$A70+P$1*(38-$A70),=(27-Q$1)*$A70+Q$1*(38-$A70),=(27-R$1)*$A70+R$1*(38-$A70),=(27-S$1)*$A70+S$1*(38-$A70),=(27-T$1)*$A70+T$1*(38-$A70),=(27-U$1)*$A70+U$1*(38-$A70),=(27-V$1)*$A70+V$1*(38-$A70),,,,,,,,,,,,,,,
28.0,=(27-B$1)*$A71+B$1*(38-$A71),=(27-C$1)*$A71+C$1*(38-$A71),=(27-D$1)*$A71+D$1*(38-$A71),=(27-E$1)*$A71+E$1*(38-$A71),=(27-F$1)*$A71+F$1*(38-$A71),=(27-G$1)*$A71+G$1*(38-$A71),=(27-H$1)*$A71+H$1*(38-$A71),=(27-I$1)*$A71+I$1*(38-$A71),=(27-J$1)*$A71+J$1*(38-$A71),=(27-K$1)*$A71+K$1*(38-$A71),=(27-L$1)*$A71+L$1*(38-$A71),=(27-M$1)*$A71+M$1*(38-$A71),=(27-N$1)*$A71+N$1*(38-$A71),=(27-O$1)*$A71+O$1*(38-$A71),=(27-P$1)*$A71+P$1*(38-$A71),=(27-Q$1)*$A71+Q$1*(38-$A71),=(27-R$1)*$A71+R$1*(38-$A71),=(27-S$1)*$A71+S$1*(38-$A71),=(27-T$1)*$A71+T$1*(38-$A71),=(27-U$1)*$A71+U$1*(38-$A71),=(27-V$1)*$A71+V$1*(38-$A71),,,,,,,,,,,,,,,
29.0,=(27-B$1)*$A72+B$1*(38-$A72),=(27-C$1)*$A72+C$1*(38-$A72),=(27-D$1)*$A72+D$1*(38-$A72),=(27-E$1)*$A72+E$1*(38-$A72),=(27-F$1)*$A72+F$1*(38-$A72),=(27-G$1)*$A72+G$1*(38-$A72),=(27-H$1)*$A72+H$1*(38-$A72),=(27-I$1)*$A72+I$1*(38-$A72),=(27-J$1)*$A72+J$1*(38-$A72),=(27-K$1)*$A72+K$1*(38-$A72),=(27-L$1)*$A72+L$1*(38-$A72),=(27-M$1)*$A72+M$1*(38-$A72),=(27-N$1)*$A72+N$1*(38-$A72),=(27-O$1)*$A72+O$1*(38-$A72),=(27-P$1)*$A72+P$1*(38-$A72),=(27-Q$1)*$A72+Q$1*(38-$A72),=(27-R$1)*$A72+R$1*(38-$A72),=(27-S$1)*$A72+S$1*(38-$A72),=(27-T$1)*$A72+T$1*(38-$A72),=(27-U$1)*$A72+U$1*(38-$A72),=(27-V$1)*$A72+V$1*(38-$A72),,,,,,,,,,,,,,,
30.0,=(27-B$1)*$A73+B$1*(38-$A73),=(27-C$1)*$A73+C$1*(38-$A73),=(27-D$1)*$A73+D$1*(38-$A73),=(27-E$1)*$A73+E$1*(38-$A73),=(27-F$1)*$A73+F$1*(38-$A73),=(27-G$1)*$A73+G$1*(38-$A73),=(27-H$1)*$A73+H$1*(38-$A73),=(27-I$1)*$A73+I$1*(38-$A73),=(27-J$1)*$A73+J$1*(38-$A73),=(27-K$1)*$A73+K$1*(38-$A73),=(27-L$1)*$A73+L$1*(38-$A73),=(27-M$1)*$A73+M$1*(38-$A73),=(27-N$1)*$A73+N$1*(38-$A73),=(27-O$1)*$A73+O$1*(38-$A73),=(27-P$1)*$A73+P$1*(38-$A73),=(27-Q$1)*$A73+Q$1*(38-$A73),=(27-R$1)*$A73+R$1*(38-$A73),=(27-S$1)*$A73+S$1*(38-$A73),=(27-T$1)*$A73+T$1*(38-$A73),=(27-U$1)*$A73+U$1*(38-$A73),=(27-V$1)*$A73+V$1*(38-$A73),,,,,,,,,,,,,,,
31.0,=(27-B$1)*$A74+B$1*(38-$A74),=(27-C$1)*$A74+C$1*(38-$A74),=(27-D$1)*$A74+D$1*(38-$A74),=(27-E$1)*$A74+E$1*(38-$A74),=(27-F$1)*$A74+F$1*(38-$A74),=(27-G$1)*$A74+G$1*(38-$A74),=(27-H$1)*$A74+H$1*(38-$A74),=(27-I$1)*$A74+I$1*(38-$A74),=(27-J$1)*$A74+J$1*(38-$A74),=(27-K$1)*$A74+K$1*(38-$A74),=(27-L$1)*$A74+L$1*(38-$A74),=(27-M$1)*$A74+M$1*(38-$A74),=(27-N$1)*$A74+N$1*(38-$A74),=(27-O$1)*$A74+O$1*(38-$A74),=(27-P$1)*$A74+P$1*(38-$A74),=(27-Q$1)*$A74+Q$1*(38-$A74),=(27-R$1)*$A74+R$1*(38-$A74),=(27-S$1)*$A74+S$1*(38-$A74),=(27-T$1)*$A74+T$1*(38-$A74),=(27-U$1)*$A74+U$1*(38-$A74),=(27-V$1)*$A74+V$1*(38-$A74),,,,,,,,,,,,,,,
32.0,=(27-B$1)*$A75+B$1*(38-$A75),=(27-C$1)*$A75+C$1*(38-$A75),=(27-D$1)*$A75+D$1*(38-$A75),=(27-E$1)*$A75+E$1*(38-$A75),=(27-F$1)*$A75+F$1*(38-$A75),=(27-G$1)*$A75+G$1*(38-$A75),=(27-H$1)*$A75+H$1*(38-$A75),=(27-I$1)*$A75+I$1*(38-$A75),=(27-J$1)*$A75+J$1*(38-$A75),=(27-K$1)*$A75+K$1*(38-$A75),=(27-L$1)*$A75+L$1*(38-$A75),=(27-M$1)*$A75+M$1*(38-$A75),=(27-N$1)*$A75+N$1*(38-$A75),=(27-O$1)*$A75+O$1*(38-$A75),=(27-P$1)*$A75+P$1*(38-$A75),=(27-Q$1)*$A75+Q$1*(38-$A75),=(27-R$1)*$A75+R$1*(38-$A75),=(27-S$1)*$A75+S$1*(38-$A75),=(27-T$1)*$A75+T$1*(38-$A75),=(27-U$1)*$A75+U$1*(38-$A75),=(27-V$1)*$A75+V$1*(38-$A75),,,,,,,,,,,,,,,
33.0,=(27-B$1)*$A76+B$1*(38-$A76),=(27-C$1)*$A76+C$1*(38-$A76),=(27-D$1)*$A76+D$1*(38-$A76),=(27-E$1)*$A76+E$1*(38-$A76),=(27-F$1)*$A76+F$1*(38-$A76),=(27-G$1)*$A76+G$1*(38-$A76),=(27-H$1)*$A76+H$1*(38-$A76),=(27-I$1)*$A76+I$1*(38-$A76),=(27-J$1)*$A76+J$1*(38-$A76),=(27-K$1)*$A76+K$1*(38-$A76),=(27-L$1)*$A76+L$1*(38-$A76),=(27-M$1)*$A76+M$1*(38-$A76),=(27-N$1)*$A76+N$1*(38-$A76),=(27-O$1)*$A76+O$1*(38-$A76),=(27-P$1)*$A76+P$1*(38-$A76),=(27-Q$1)*$A76+Q$1*(38-$A76),=(27-R$1)*$A76+R$1*(38-$A76),=(27-S$1)*$A76+S$1*(38-$A76),=(27-T$1)*$A76+T$1*(38-$A76),=(27-U$1)*$A76+U$1*(38-$A76),=(27-V$1)*$A76+V$1*(38-$A76),,,,,,,,,,,,,,,
34.0,=(27-B$1)*$A77+B$1*(38-$A77),=(27-C$1)*$A77+C$1*(38-$A77),=(27-D$1)*$A77+D$1*(38-$A77),=(27-E$1)*$A77+E$1*(38-$A77),=(27-F$1)*$A77+F$1*(38-$A77),=(27-G$1)*$A77+G$1*(38-$A77),=(27-H$1)*$A77+H$1*(38-$A77),=(27-I$1)*$A77+I$1*(38-$A77),=(27-J$1)*$A77+J$1*(38-$A77),=(27-K$1)*$A77+K$1*(38-$A77),=(27-L$1)*$A77+L$1*(38-$A77),=(27-M$1)*$A77+M$1*(38-$A77),=(27-N$1)*$A77+N$1*(38-$A77),=(27-O$1)*$A77+O$1*(38-$A77),=(27-P$1)*$A77+P$1*(38-$A77),=(27-Q$1)*$A77+Q$1*(38-$A77),=(27-R$1)*$A77+R$1*(38-$A77),=(27-S$1)*$A77+S$1*(38-$A77),=(27-T$1)*$A77+T$1*(38-$A77),=(27-U$1)*$A77+U$1*(38-$A77),=(27-V$1)*$A77+V$1*(38-$A77),,,,,,,,,,,,,,,
35.0,=(27-B$1)*$A78+B$1*(38-$A78),=(27-C$1)*$A78+C$1*(38-$A78),=(27-D$1)*$A78+D$1*(38-$A78),=(27-E$1)*$A78+E$1*(38-$A78),=(27-F$1)*$A78+F$1*(38-$A78),=(27-G$1)*$A78+G$1*(38-$A78),=(27-H$1)*$A78+H$1*(38-$A78),=(27-I$1)*$A78+I$1*(38-$A78),=(27-J$1)*$A78+J$1*(38-$A78),=(27-K$1)*$A78+K$1*(38-$A78),=(27-L$1)*$A78+L$1*(38-$A78),=(27-M$1)*$A78+M$1*(38-$A78),=(27-N$1)*$A78+N$1*(38-$A78),=(27-O$1)*$A78+O$1*(38-$A78),=(27-P$1)*$A78+P$1*(38-$A78),=(27-Q$1)*$A78+Q$1*(38-$A78),=(27-R$1)*$A78+R$1*(38-$A78),=(27-S$1)*$A78+S$1*(38-$A78),=(27-T$1)*$A78+T$1*(38-$A78),=(27-U$1)*$A78+U$1*(38-$A78),=(27-V$1)*$A78+V$1*(38-$A78),,,,,,,,,,,,,,,
36.0,=(27-B$1)*$A79+B$1*(38-$A79),=(27-C$1)*$A79+C$1*(38-$A79),=(27-D$1)*$A79+D$1*(38-$A79),=(27-E$1)*$A79+E$1*(38-$A79),=(27-F$1)*$A79+F$1*(38-$A79),=(27-G$1)*$A79+G$1*(38-$A79),=(27-H$1)*$A79+H$1*(38-$A79),=(27-I$1)*$A79+I$1*(38-$A79),=(27-J$1)*$A79+J$1*(38-$A79),=(27-K$1)*$A79+K$1*(38-$A79),=(27-L$1)*$A79+L$1*(38-$A79),=(27-M$1)*$A79+M$1*(38-$A79),=(27-N$1)*$A79+N$1*(38-$A79),=(27-O$1)*$A79+O$1*(38-$A79),=(27-P$1)*$A79+P$1*(38-$A79),=(27-Q$1)*$A79+Q$1*(38-$A79),=(27-R$1)*$A79+R$1*(38-$A79),=(27-S$1)*$A79+S$1*(38-$A79),=(27-T$1)*$A79+T$1*(38-$A79),=(27-U$1)*$A79+U$1*(38-$A79),=(27-V$1)*$A79+V$1*(38-$A79),,,,,,,,,,,,,,,
37.0,=(27-B$1)*$A80+B$1*(38-$A80),=(27-C$1)*$A80+C$1*(38-$A80),=(27-D$1)*$A80+D$1*(38-$A80),=(27-E$1)*$A80+E$1*(38-$A80),=(27-F$1)*$A80+F$1*(38-$A80),=(27-G$1)*$A80+G$1*(38-$A80),=(27-H$1)*$A80+H$1*(38-$A80),=(27-I$1)*$A80+I$1*(38-$A80),=(27-J$1)*$A80+J$1*(38-$A80),=(27-K$1)*$A80+K$1*(38-$A80),=(27-L$1)*$A80+L$1*(38-$A80),=(27-M$1)*$A80+M$1*(38-$A80),=(27-N$1)*$A80+N$1*(38-$A80),=(27-O$1)*$A80+O$1*(38-$A80),=(27-P$1)*$A80+P$1*(38-$A80),=(27-Q$1)*$A80+Q$1*(38-$A80),=(27-R$1)*$A80+R$1*(38-$A80),=(27-S$1)*$A80+S$1*(38-$A80),=(27-T$1)*$A80+T$1*(38-$A80),=(27-U$1)*$A80+U$1*(38-$A80),=(27-V$1)*$A80+V$1*(38-$A80),,,,,,,,,,,,,,,
38.0,=(27-B$1)*$A81+B$1*(38-$A81),=(27-C$1)*$A81+C$1*(38-$A81),=(27-D$1)*$A81+D$1*(38-$A81),=(27-E$1)*$A81+E$1*(38-$A81),=(27-F$1)*$A81+F$1*(38-$A81),=(27-G$1)*$A81+G$1*(38-$A81),=(27-H$1)*$A81+H$1*(38-$A81),=(27-I$1)*$A81+I$1*(38-$A81),=(27-J$1)*$A81+J$1*(38-$A81),=(27-K$1)*$A81+K$1*(38-$A81),=(27-L$1)*$A81+L$1*(38-$A81),=(27-M$1)*$A81+M$1*(38-$A81),=(27-N$1)*$A81+N$1*(38-$A81),=(27-O$1)*$A81+O$1*(38-$A81),=(27-P$1)*$A81+P$1*(38-$A81),=(27-Q$1)*$A81+Q$1*(38-$A81),=(27-R$1)*$A81+R$1*(38-$A81),=(27-S$1)*$A81+S$1*(38-$A81),=(27-T$1)*$A81+T$1*(38-$A81),=(27-U$1)*$A81+U$1*(38-$A81),=(27-V$1)*$A81+V$1*(38-$A81),,,,,,,,,,,,,,,
