4.111111111111111,=5-A1,17.0,=C1-16,=B1,=34/(C1+1) - 1,,,,
4.2105263157894735,=5-A2,18.0,=C2-16,=B2,=34/(C2+1) - 1,,,,
4.3,=5-A3,19.0,=C3-16,=B3,=34/(C3+1) - 1,,,,
4.380952380952381,=5-A4,20.0,=C4-16,=B4,=34/(C4+1) - 1,,,,
4.454545454545455,=5-A5,21.0,=C5-16,=B5,=34/(C5+1) - 1,,,,
4.521739130434782,=5-A6,22.0,=C6-16,=B6,=34/(C6+1) - 1,,,,
4.583333333333333,=5-A7,23.0,=C7-16,=B7,=34/(C7+1) - 1,,,,
4.64,=5-A8,24.0,=C8-16,=B8,=34/(C8+1) - 1,,,,
4.6923076923076925,=5-A9,25.0,=C9-16,=B9,=34/(C9+1) - 1,,,,
4.7407407407407405,=5-A10,26.0,=C10-16,=B10,=34/(C10+1) - 1,,,,
4.785714285714286,=5-A11,27.0,=C11-16,=B11,=34/(C11+1) - 1,,,,
4.827586206896552,=5-A12,28.0,=C12-16,=B12,=34/(C12+1) - 1,,,,
4.866666666666666,=5-A13,29.0,=C13-16,=B13,=34/(C13+1) - 1,,,,
4.903225806451613,=5-A14,30.0,=C14-16,=B14,=34/(C14+1) - 1,,,,
4.9375,=5-A15,31.0,=C15-16,=B15,=34/(C15+1) - 1,,,,
4.96969696969697,=5-A16,32.0,=C16-16,=B16,=34/(C16+1) - 1,,,,
,,,,,,,,,
,,,,,,,,,
,,,,y = -1 + (1 - -1)/(1 + (x/17)^1),,y=-1 + 2/(1+x/17),,x=n1-16,y= -1 + 2/((n1+1)/ 17)
3.2,9.0,=4-A20,,=18/(B20+1) - 1,,,,,
3.3636363636363638,10.0,=4-A21,,=18/(B21+1) - 1,,,,,
3.5,11.0,=4-A22,,=18/(B22+1) - 1,,,,y = -1 + 34 / (n1+1),
3.6153846153846154,12.0,=4-A23,,=18/(B23+1) - 1,,,,,
3.7142857142857144,13.0,=4-A24,,=18/(B24+1) - 1,,,,,
3.8,14.0,=4-A25,,=18/(B25+1) - 1,,,,,
3.875,15.0,=4-A26,,=18/(B26+1) - 1,,,,,
3.9411764705882355,16.0,=4-A27,,=18/(B27+1) - 1,,,,,
,,,,,,,,,
,,,,,,,,,
,,,,,,,,,
4.078431372549019,16.0,=5-A31,,=(95/3-B31)/(B31+1),,,,,
4.185185185185185,17.0,=5-A32,,=(95/3-B32)/(B32+1),,,,,
4.280701754385965,18.0,=5-A33,,=(95/3-B33)/(B33+1),,,,,
4.366666666666667,19.0,=5-A34,,=(95/3-B34)/(B34+1),,,,,
4.444444444444445,20.0,=5-A35,,=(95/3-B35)/(B35+1),,,,,
4.515151515151516,21.0,=5-A36,,=(95/3-B36)/(B36+1),,,,,
4.579710144927536,22.0,=5-A37,,=(95/3-B37)/(B37+1),,,,,
4.638888888888889,23.0,=5-A38,,=(95/3-B38)/(B38+1),,,,,
4.693333333333333,24.0,=5-A39,,=(95/3-B39)/(B39+1),,,,,
4.743589743589744,25.0,=5-A40,,=(95/3-B40)/(B40+1),,,,,
4.790123456790123,26.0,=5-A41,,=(95/3-B41)/(B41+1),,,,,
4.833333333333333,27.0,=5-A42,,=(95/3-B42)/(B42+1),,,,,
4.873563218390805,28.0,=5-A43,,=(95/3-B43)/(B43+1),,,,,
4.911111111111111,29.0,=5-A44,,=(95/3-B44)/(B44+1),,,,,
4.946236559139785,30.0,=5-A45,,=(95/3-B45)/(B45+1),,,,,
4.979166666666667,31.0,=5-A46,,=(95/3-B46)/(B46+1),,,,,
,,,,,,,,,
5.040404040404041,32.0,=6-A48,,=((64*3-1)/3-B48)/(B48+1),,,,,
5.098039215686274,33.0,=6-A49,,=((64*3-1)/3-B49)/(B49+1),,,,,
5.152380952380953,34.0,=6-A50,,=((64*3-1)/3-B50)/(B50+1),,,,,
5.203703703703704,35.0,=6-A51,,=((64*3-1)/3-B51)/(B51+1),,,,,
5.252252252252252,36.0,=6-A52,,=((64*3-1)/3-B52)/(B52+1),,,,,
5.298245614035087,37.0,=6-A53,,=((64*3-1)/3-B53)/(B53+1),,,,,
5.3418803418803416,38.0,=6-A54,,=((64*3-1)/3-B54)/(B54+1),,,,,
5.383333333333333,39.0,=6-A55,,=((64*3-1)/3-B55)/(B55+1),,,,,
5.4227642276422765,40.0,=6-A56,,=((64*3-1)/3-B56)/(B56+1),,,,,
5.4603174603174605,41.0,=6-A57,,=((64*3-1)/3-B57)/(B57+1),,,,,
5.496124031007752,42.0,=6-A58,,=((64*3-1)/3-B58)/(B58+1),,,,,
5.53030303030303,43.0,=6-A59,,=((64*3-1)/3-B59)/(B59+1),,,,,
5.562962962962963,44.0,=6-A60,,=((64*3-1)/3-B60)/(B60+1),,,,,
5.594202898550725,45.0,=6-A61,,=((64*3-1)/3-B61)/(B61+1),,,,,
5.624113475177305,46.0,=6-A62,,=((64*3-1)/3-B62)/(B62+1),,,,,
5.652777777777778,47.0,=6-A63,,=((64*3-1)/3-B63)/(B63+1),,,,,
5.680272108843537,48.0,=6-A64,,=((64*3-1)/3-B64)/(B64+1),,,,,
5.706666666666667,49.0,=6-A65,,=((64*3-1)/3-B65)/(B65+1),,,,,
5.73202614379085,50.0,=6-A66,,=((64*3-1)/3-B66)/(B66+1),,,,,
5.756410256410256,51.0,=6-A67,,=((64*3-1)/3-B67)/(B67+1),,,,,
5.779874213836478,52.0,=6-A68,,=((64*3-1)/3-B68)/(B68+1),,,,,
5.802469135802469,53.0,=6-A69,,=((64*3-1)/3-B69)/(B69+1),,,,,
5.824242424242424,54.0,=6-A70,,=((64*3-1)/3-B70)/(B70+1),,,,,
,,,,,,,,,
,,,,,,,,,
,,,,,,,,,
4.071428571428571,13.0,=5-A74,,,,,,,
4.133333333333333,14.0,=5-A75,,,,,,,
4.1875,15.0,=5-A76,,,,,,,
4.294117647058823,16.0,=5-A77,,,,,,,
4.388888888888889,17.0,=5-A78,,,,,,,
4.473684210526316,18.0,=5-A79,,,,,,,
4.55,19.0,=5-A80,,,,,,,
4.619047619047619,20.0,=5-A81,,,,,,,
4.681818181818182,21.0,=5-A82,,,,,,,
4.739130434782608,22.0,=5-A83,,,,,,,
4.791666666666667,23.0,=5-A84,,,,,,,
4.84,24.0,=5-A85,,,,,,,
4.884615384615385,25.0,=5-A86,,,,,,,
4.907407407407407,26.0,=5-A87,,,,,,,
4.928571428571429,27.0,=5-A88,,,,,,,
