,n(k) = FLOOR(n(k-1)*SQRT(3),,,,,,,,,,,,,
,,,,,,,,1.732050808,0.5773502692,,,,,
,k,n,n*sqrt(3),,n1,n2,,,,,,,,
,1.0,2.0,3.464101615,,,,,,,,,,,
,2.0,3,5.196152423,,2,1,,0.5,1,1.464101615,,47.0,27.13546265,81.40638796
,3.0,5,8.660254038,,3,2,2,0.6666666667,1,2.196152423,,65.0,37.5277675,112.5833025
,4.0,8,13.85640646,,5,3,1.5,0.6,0.8,3.660254038,,27.0,15.58845727,46.7653718
,5.0,13,22.5166605,,8,5,1.666666667,0.625,0.75,5.856406461,,38.0,21.93931023,65.81793069
,6.0,22,38.10511777,,13,9,1.8,0.6923076923,0.7692307692,9.516660498,,22.0,12.70170592,38.10511777
,7.0,38,65.81793069,,22,16,1.777777778,0.7272727273,0.7727272727,16.10511777,,16.0,9.237604307,27.71281292
,8.0,65,112.5833025,,38,27,1.6875,0.7105263158,0.7368421053,27.81793069,,19.0,10.96965511,32.90896534
,9.0,112,193.9896904,,65,47,1.740740741,0.7230769231,0.7384615385,47.58330249,,32.0,18.47520861,55.42562584
,10.0,193,,,112,81,1.723404255,0.7232142857,0.7321428571,81.98969045,,33.0,19.05255888,57.15767665
,,,,,,,,,,,,,,
,,,,,,,,0.7272727273,0.7321428571,,,,,
,,,,,,,,,,,,,,
,,,,,,,,,,,,,,
,,,,,,,,,,,,,,
,,,,,,,,,,,,,,
,,,,,,,,,,,,,,
,,,,,,,,,,,,,,
,,,,,,,,,,,,,,
,,,,0.45,0.4,0.42,,,,1.0,0.5773502692,0,1,1
,,7.0,3,4,3,3,,,,2.0,1.154700538,1,1,2
,,8.0,4,4,4,4,,,,3.0,1.732050808,1,2,2
,,9.0,4,5,4,4,,,,4.0,2.309401077,2,2,3
,,10.0,5,5,4,5,,,,5.0,2.886751346,2,3,3
,,11.0,5,5,5,5,,,,6.0,3.464101615,3,3,4
,,12.0,6,6,5,6,,0.4210526316,,7.0,4.041451884,4,4,5
,,13.0,6,6,6,6,,0.4666666667,,8.0,4.618802154,4,5,5
,,14.0,7,7,6,6,,,,9.0,5.196152423,5,5,6
,,15.0,7,7,6,7,,,,10.0,5.773502692,5,6,6
,,16.0,8,8,7,7,,,,11.0,6.350852961,6,6,7
,,17.0,8,8,7,8,,,,12.0,6.92820323,6,7,7
,,18.0,9,9,8,8,,,,13.0,7.505553499,7,8,8
,,19.0,9,9,8,8,,,,14.0,8.082903769,8,8,9
,,20.0,10,9,8,9,,,,15.0,8.660254038,8,9,9
,,21.0,10,10,9,9,,,,16.0,9.237604307,9,9,10
,,22.0,11,10,9,10,,,,17.0,9.814954576,9,10,10
,,23.0,11,11,10,10,,,,18.0,10.39230485,10,10,11
,,24.0,12,11,10,11,,,,19.0,10.96965511,10,11,11
,,25.0,12,12,10,11,,,,20.0,11.54700538,11,12,12
,,26.0,13,12,11,11,,,,21.0,12.12435565,12,12,13
,,27.0,13,13,11,12,,,,22.0,12.70170592,12,13,13
,,28.0,14,13,12,12,,,,23.0,13.27905619,13,13,14
,,29.0,14,14,12,13,,,,24.0,13.85640646,13,14,14
,,30.0,15,14,12,13,,,,25.0,14.43375673,14,14,15
,,31.0,15,14,13,14,,,,26.0,15.011107,15,15,16
,,32.0,16,15,13,14,,,,27.0,15.58845727,15,16,16
,,33.0,16,15,14,14,,,,28.0,16.16580754,16,16,17
,,34.0,17,16,14,15,,,,29.0,16.74315781,16,17,17
,,35.0,17,16,14,15,,,,30.0,17.32050808,17,17,18
,,36.0,18,17,15,16,,,,31.0,17.89785834,17,18,18
,,37.0,18,17,15,16,,,,32.0,18.47520861,18,18,19
,,38.0,19,18,16,16,,,,33.0,19.05255888,19,19,20
,,,,,,,,,,34.0,19.62990915,19,20,20
,,,,,,,,,,35.0,20.20725942,20,20,21
,,,,,,,,,,36.0,20.78460969,20,21,21
,,,,,,,,,,37.0,21.36195996,21,21,22
,,,1.0,,0.5,0,,,,38.0,21.93931023,21,22,22
,,,2.0,,1,1,,,,39.0,22.5166605,22,23,23
,,,3.0,1.0,1.5,1,,,,40.0,23.09401077,23,23,24
,,,4.0,2.0,2,2,,,,41.0,23.67136104,23,24,24
,,,5.0,3.0,2.5,2,,,,42.0,24.24871131,24,24,25
,,,6.0,3.0,3,3,,,,43.0,24.82606158,24,25,25
,,,7.0,3.0,3.5,3,,,,44.0,25.40341184,25,25,26
,,,8.0,4.0,4,4,,,,45.0,25.98076211,25,26,26
,,,9.0,5.0,4.5,4,,,,46.0,26.55811238,26,27,27
,,,10.0,6.0,5,5,,,,47.0,27.13546265,27,27,28
,,,11.0,6.0,5.5,5,,,,48.0,27.71281292,27,28,28
,,,12.0,7.0,6,6,,,,49.0,28.29016319,28,28,29
,,,13.0,7.0,6.5,6,,,,50.0,28.86751346,28,29,29
,,,14.0,7.0,7,7,,,,51.0,29.44486373,29,29,30
,,,15.0,7.0,7.5,7,,,,52.0,30.022214,30,30,31
,,,16.0,8.0,8,8,,,,53.0,30.59956427,30,31,31
,,,17.0,9.0,8.5,8,,,,54.0,31.17691454,31,31,32
,,,18.0,,9,9,,,,55.0,31.75426481,31,32,32
,,,19.0,,9.5,9,,,,56.0,32.33161507,32,32,33
,,,20.0,,10,10,,,,57.0,32.90896534,32,33,33
,,,,,0,0,,,,58.0,33.48631561,33,33,34
,,,123.0,,61.5,61,,,,59.0,34.06366588,34,34,35
,,,124.0,,62,62,,,,60.0,34.64101615,34,35,35
,,,125.0,,62.5,62,,,,61.0,35.21836642,35,35,36
,,,126.0,,63,63,,,,62.0,35.79571669,35,36,36
,,,127.0,,63.5,63,,,,63.0,36.37306696,36,36,37
,,,128.0,,64,64,,,,64.0,36.95041723,36,37,37
,,,129.0,,64.5,64,,,,65.0,37.5277675,37,38,38
,,,130.0,,65,65,,,,66.0,38.10511777,38,38,39
,,,131.0,,65.5,65,,,,67.0,38.68246804,38,39,39
,,,132.0,,66,66,,,,68.0,39.2598183,39,39,40
,,,,,,,,,,69.0,39.83716857,39,40,40
,,,,,,,,,,70.0,40.41451884,40,40,41
,,,,,,,,,,71.0,40.99186911,40,41,41
,,,,,,,,,,72.0,41.56921938,41,42,42
,,,,,,,,,,73.0,42.14656965,42,42,43
,,,,,,,,,,74.0,42.72391992,42,43,43
,,,0.6842105263,,0.5727272727,1.727272727,,,,75.0,43.30127019,43,43,44
,,,0.7076923077,,,,,,,76.0,43.87862046,43,44,44
,,,0.5846153846,,68.0952381,,,,,77.0,44.45597073,44,44,45
,,,,,,,,,,78.0,45.033321,45,45,46
,,,0.6923076923,,45.033321,,,,,79.0,45.61067127,45,46,46
,,,0.7027027027,,,,,,,80.0,46.18802154,46,46,47
,,,,,,,,,,81.0,46.7653718,46,47,47
,,,,,,,,,,82.0,47.34272207,47,47,48
,,,,,,,,,,83.0,47.92007234,47,48,48
,,,,,,,,,,84.0,48.49742261,48,48,49
,,,,,,,,,,85.0,49.07477288,49,49,50
,,,,,,,,,,86.0,49.65212315,49,50,50
,,,,,,,,,,87.0,50.22947342,50,50,51
,,,,,,,,,,88.0,50.80682369,50,51,51
,,,,,,,,,,89.0,51.38417396,51,51,52
,,,,,,,,,,90.0,51.96152423,51,52,52
,,,,,,,,,,91.0,52.5388745,52,53,53
,,,,,,,,,,92.0,53.11622477,53,53,54
,,,,,,,,,,93.0,53.69357503,53,54,54
,,,,,,,,,,94.0,54.2709253,54,54,55
,,,,,,,,,,95.0,54.84827557,54,55,55
,,,,,,,,,,96.0,55.42562584,55,55,56
,,,,,,,,,,97.0,56.00297611,56,56,57
,,,,,,,,,,98.0,56.58032638,56,57,57
,,,,,,,,,,99.0,57.15767665,57,57,58
,,,,,,,,,,100.0,57.73502692,57,58,58
,,,,,,,,,,101.0,58.31237719,58,58,59
