,,,,,1.0,2.0,3.0,4.0,5.0,6.0,7.0,1.0,2.0,3.0,4.0,5.0,6.0,7.0,,,,2.8,0.02
+1,3.0,1.0,1.0,2,,,,,,,,,,,,,,,3,3,0,1.06700813,1.12700813
+0,2.0,1.0,1.0,1,1,,,,,,,0,,,,,,,2,2,0,0.6732071764,0.7132071764
+1,2.0,2.0,1.0,2,,,,,,,,,,,,,,,4,1,0.5,1.346414353,1.366414353
+1,5.0,1.0,2.0,3,,,,,,,,,,,,,,,5,5,0,1.563138656,1.663138656
+0,4.0,1.0,2.0,2,,1,,,,,,,0,,,,,,4,4,0,1.346414353,1.426414353
+1,4.0,2.0,2.0,3,,,,,,,,,,,,,,,8,2,0.25,2.019621529,2.059621529
+0,3.0,2.0,2.0,2,,2,,,,,,,1,,,,,,6,1.5,0.3333333333,1.740215306,1.770215306
+1,3.0,3.0,2.0,3,,,,,,,,,,,,,,,9,1,0.6666666667,2.134016259,2.154016259
+1,9.0,1.0,3.0,4,,,,,,,,,,,,,,,9,9,0,2.134016259,2.314016259
+0,8.0,1.0,3.0,3,,,1,,,,,,,0,,,,,8,8,0,2.019621529,2.179621529
+1,8.0,2.0,3.0,4,,,,,,,,,,,,,,,16,4,0.125,2.692828705,2.772828705
+0,7.0,2.0,3.0,3,,,2,,,,,,,1,,,,,14,3.5,0.1428571429,2.563138656,2.633138656
+1,7.0,3.0,3.0,4,,,,,,,,,,,,,,,21,2.333333333,0.2857142857,2.95693961,3.003606277
+1,6.0,3.0,3.0,4,,,,,,,,,,,,,,,18,2,0.3333333333,2.807223436,2.847223436
+0,5.0,3.0,3.0,3,,,3,,,,,,,3,,,,,15,1.666666667,0.4,2.630146786,2.66348012
+1,5.0,4.0,3.0,4,,,,,,,,,,,,,,,20,1.25,0.6,2.909553009,2.934553009
+0,4.0,4.0,3.0,3,,,4,,,,,,,4,,,,,16,1,0.75,2.692828705,2.712828705
+1,17.0,1.0,4.0,5,,,,,,,,,,,,,,,17,17,0,2.751709318,3.091709318
+0,16.0,1.0,4.0,4,,,,1,,,,,,,0,,,,16,16,0,2.692828705,3.012828705
+1,16.0,2.0,4.0,5,,,,,,,,,,,,,,,32,8,0.0625,3.366035882,3.526035882
+0,15.0,2.0,4.0,4,,,,2,,,,,,,1,,,,30,7.5,0.06666666667,3.303353963,3.453353963
+1,15.0,3.0,4.0,5,,,,,,,,,,,,,,,45,5,0.1333333333,3.697154916,3.797154916
+1,14.0,3.0,4.0,5,,,,,,,,,,,,,,,42,4.666666667,0.1428571429,3.630146786,3.72348012
+1,13.0,3.0,4.0,5,,,,,,,,,,,,,,,39,4.333333333,0.1538461538,3.558170704,3.64483737
+0,12.0,3.0,4.0,4,,,,3,,,,,,,4,,,,36,4,0.1666666667,3.480430612,3.560430612
+1,12.0,4.0,4.0,5,,,,,,,,,,,,,,,48,3,0.25,3.759836835,3.819836835
+1,11.0,4.0,4.0,5,,,,,,,,,,,,,,,44,2.75,0.2727272727,3.675328544,3.730328544
+0,10.0,4.0,4.0,4,,,,4,,,,,,,6,,,,40,2.5,0.3,3.582760186,3.632760186
+1,10.0,5.0,4.0,5,,,,,,,,,,,,,,,50,2,0.4,3.799484489,3.839484489
+0,9.0,5.0,4.0,4,,,,5,,,,,,,7,,,,45,1.8,0.4444444444,3.697154916,3.733154916
+1,9.0,6.0,4.0,5,,,,,,,,,,,,,,,54,1.5,0.5555555556,3.874231566,3.904231566
+1,8.0,6.0,4.0,5,,,,,,,,,,,,,,,48,1.333333333,0.625,3.759836835,3.786503502
+0,7.0,6.0,4.0,4,,,,6,,,,,,,9,,,,42,1.166666667,0.7142857143,3.630146786,3.65348012
+1,7.0,7.0,4.0,5,,,,,,,,,,,,,,,49,1,0.8571428571,3.77986296,3.79986296
+1,33.0,1.0,5.0,6,,,,,,,,,,,,,,,33,33,0,3.395922322,4.055922322
+0,32.0,1.0,5.0,5,,,,,1,,,,,,,0,,,32,32,0,3.366035882,4.006035882
+1,32.0,2.0,5.0,6,,,,,,,,,,,,,,,64,16,0.03125,4.039243058,4.359243058
+0,31.0,2.0,5.0,5,,,,,2,,,,,,,1,,,62,15.5,0.03225806452,4.008407686,4.318407686
+1,31.0,3.0,5.0,6,,,,,,,,,,,,,,,93,10.33333333,0.06451612903,4.402208639,4.608875306
+1,30.0,3.0,5.0,6,,,,,,,,,,,,,,,90,10,0.06666666667,4.370362092,4.570362092
+1,29.0,3.0,5.0,6,,,,,,,,,,,,,,,87,9.666666667,0.06896551724,4.337435798,4.530769132
+1,28.0,3.0,5.0,6,,,,,,,,,,,,,,,84,9.333333333,0.07142857143,4.303353963,4.490020629
+0,27.0,3.0,5.0,5,,,,,3,,,,,,,5,,,81,9,0.07407407407,4.268032519,4.448032519
+1,27.0,4.0,5.0,6,,,,,,,,,,,,,,,108,6.75,0.1111111111,4.547438742,4.682438742
+1,26.0,4.0,5.0,6,,,,,,,,,,,,,,,104,6.5,0.1153846154,4.510784103,4.640784103
+1,25.0,4.0,5.0,6,,,,,,,,,,,,,,,100,6.25,0.12,4.472691666,4.597691666
+0,24.0,4.0,5.0,5,,,,,4,,,,,,,8,,,96,6,0.125,4.433044012,4.553044012
+1,24.0,5.0,5.0,6,,,,,,,,,,,,,,,120,4.8,0.1666666667,4.649768315,4.745768315
+1,23.0,5.0,5.0,6,,,,,,,,,,,,,,,115,4.6,0.1739130435,4.608433028,4.700433028
+0,22.0,5.0,5.0,5,,,,,5,,,,,,,10,,,110,4.4,0.1818181818,4.565260025,4.653260025
+1,22.0,6.0,5.0,6,,,,,,,,,,,,,,,132,3.666666667,0.2272727273,4.742336674,4.815670008
+1,21.0,6.0,5.0,6,,,,,,,,,,,,,,,126,3.5,0.2380952381,4.697154916,4.767154916
+1,20.0,6.0,5.0,6,,,,,,,,,,,,,,,120,3.333333333,0.25,4.649768315,4.716434982
+0,19.0,6.0,5.0,5,,,,,6,,,,,,,13,,,114,3.166666667,0.2631578947,4.599950593,4.663283926
+1,19.0,7.0,5.0,6,,,,,,,,,,,,,,,133,2.714285714,0.3157894737,4.749666767,4.803952481
+1,18.0,7.0,5.0,6,,,,,,,,,,,,,,,126,2.571428571,0.3333333333,4.697154916,4.748583487
+0,17.0,7.0,5.0,5,,,,,7,,,,,,,15,,,119,2.428571429,0.3529411765,4.641640798,4.690212226
+1,17.0,8.0,5.0,6,,,,,,,,,,,,,,,136,2.125,0.4117647059,4.771330847,4.813830847
+1,16.0,8.0,5.0,6,,,,,,,,,,,,,,,128,2,0.4375,4.712450234,4.752450234
+0,15.0,8.0,5.0,5,,,,,8,,,,,,,17,,,120,1.875,0.4666666667,4.649768315,4.687268315
+1,15.0,9.0,5.0,6,,,,,,,,,,,,,,,135,1.666666667,0.5333333333,4.764163046,4.797496379
+0,14.0,9.0,5.0,5,,,,,9,,,,,,,18,,,126,1.555555556,0.5714285714,4.697154916,4.728266027
+1,14.0,10.0,5.0,6,,,,,,,,,,,,,,,140,1.4,0.6428571429,4.799484489,4.827484489
+1,13.0,10.0,5.0,6,,,,,,,,,,,,,,,130,1.3,0.6923076923,4.727508407,4.753508407
+0,12.0,10.0,5.0,5,,,,,10,,,,,,,20,,,120,1.2,0.75,4.649768315,4.673768315
+1,12.0,11.0,5.0,6,,,,,,,,,,,,,,,132,1.090909091,0.8333333333,4.742336674,4.764154856
+0,11.0,11.0,5.0,5,,,,,11,,,,,,,21,,,121,1,0.9090909091,4.657828384,4.677828384
+1,65.0,1.0,6.0,7,,,,,,,,,,,,,,,65,65,0,4.05430123,5.35430123
+0,64.0,1.0,6.0,6,,,,,,1,,,,,,,0,,64,64,0,4.039243058,5.319243058
+1,64.0,2.0,6.0,7,,,,,,,,,,,,,,,128,32,0.015625,4.712450234,5.352450234
+0,63.0,2.0,6.0,6,,,,,,2,,,,,,,1,,126,31.5,0.01587301587,4.697154916,5.327154916
+1,63.0,3.0,6.0,7,,,,,,,,,,,,,,,189,21,0.03174603175,5.090955869,5.510955869
+1,62.0,3.0,6.0,7,,,,,,,,,,,,,,,186,20.66666667,0.03225806452,5.075415815,5.488749149
+1,61.0,3.0,6.0,7,,,,,,,,,,,,,,,183,20.33333333,0.03278688525,5.059623066,5.466289733
+1,60.0,3.0,6.0,7,,,,,,,,,,,,,,,180,20,0.03333333333,5.043569269,5.443569269
+1,59.0,3.0,6.0,7,,,,,,,,,,,,,,,177,19.66666667,0.03389830508,5.027245646,5.42057898
+0,58.0,3.0,6.0,6,,,,,,3,,,,,,,6,,174,19.33333333,0.03448275862,5.010642975,5.397309641
+1,58.0,4.0,6.0,7,,,,,,,,,,,,,,,232,14.5,0.05172413793,5.290049198,5.580049198
+1,57.0,4.0,6.0,7,,,,,,,,,,,,,,,228,14.25,0.05263157895,5.273157769,5.558157769
+1,56.0,4.0,6.0,7,,,,,,,,,,,,,,,224,14,0.05357142857,5.255967362,5.535967362
+1,55.0,4.0,6.0,7,,,,,,,,,,,,,,,220,13.75,0.05454545455,5.238467201,5.513467201
+0,54.0,4.0,6.0,6,,,,,,4,,,,,,,10,,216,13.5,0.05555555556,5.220645918,5.490645918
+1,54.0,5.0,6.0,7,,,,,,,,,,,,,,,270,10.8,0.07407407407,5.437370222,5.653370222
+1,53.0,5.0,6.0,7,,,,,,,,,,,,,,,265,10.6,0.07547169811,5.419215812,5.631215812
+1,52.0,5.0,6.0,7,,,,,,,,,,,,,,,260,10.4,0.07692307692,5.400715583,5.608715583
+1,51.0,5.0,6.0,7,,,,,,,,,,,,,,,255,10.2,0.07843137255,5.381856104,5.585856104
+0,50.0,5.0,6.0,6,,,,,,5,,,,,,,14,,250,10,0.08,5.362623146,5.562623146
+1,50.0,6.0,6.0,7,,,,,,,,,,,,,,,300,8.333333333,0.1,5.539699795,5.706366462
+1,49.0,6.0,6.0,7,,,,,,,,,,,,,,,294,8.166666667,0.1020408163,5.520078266,5.6834116
+1,48.0,6.0,6.0,7,,,,,,,,,,,,,,,288,8,0.1041666667,5.500052141,5.660052141
+1,47.0,6.0,6.0,7,,,,,,,,,,,,,,,282,7.833333333,0.1063829787,5.479604383,5.636271049
+0,46.0,6.0,6.0,6,,,,,,6,,,,,,,18,,276,7.666666667,0.1086956522,5.458716854,5.612050187
+1,46.0,7.0,6.0,7,,,,,,,,,,,,,,,322,6.571428571,0.1304347826,5.608433028,5.739861599
+1,45.0,7.0,6.0,7,,,,,,,,,,,,,,,315,6.428571429,0.1333333333,5.587086396,5.715657825
+1,44.0,7.0,6.0,7,,,,,,,,,,,,,,,308,6.285714286,0.1363636364,5.565260025,5.69097431
+1,43.0,7.0,6.0,7,,,,,,,,,,,,,,,301,6.142857143,0.1395348837,5.542931854,5.665788997
+0,42.0,7.0,6.0,6,,,,,,7,,,,,,,22,,294,6,0.1428571429,5.520078266,5.640078266
+1,42.0,8.0,6.0,7,,,,,,,,,,,,,,,336,5.25,0.1666666667,5.649768315,5.754768315
+1,41.0,8.0,6.0,7,,,,,,,,,,,,,,,328,5.125,0.1707317073,5.626363986,5.728863986
+1,40.0,8.0,6.0,7,,,,,,,,,,,,,,,320,5,0.175,5.602381715,5.702381715
+1,39.0,8.0,6.0,7,,,,,,,,,,,,,,,312,4.875,0.1794871795,5.577792233,5.675292233
+0,38.0,8.0,6.0,6,,,,,,8,,,,,,,26,,304,4.75,0.1842105263,5.552563992,5.647563992
+1,38.0,9.0,6.0,7,,,,,,,,,,,,,,,342,4.222222222,0.2105263158,5.666958723,5.751403167
+1,37.0,9.0,6.0,7,,,,,,,,,,,,,,,333,4.111111111,0.2162162162,5.64105765,5.723279872
+0,36.0,9.0,6.0,6,,,,,,9,,,,,,,28,,324,4,0.2222222222,5.614446872,5.694446872
+1,36.0,10.0,6.0,7,,,,,,,,,,,,,,,360,3.6,0.25,5.716776445,5.788776445
+1,35.0,10.0,6.0,7,,,,,,,,,,,,,,,350,3.5,0.2571428571,5.689415969,5.759415969
+1,34.0,10.0,6.0,7,,,,,,,,,,,,,,,340,3.4,0.2647058824,5.661262327,5.729262327
+0,33.0,10.0,6.0,6,,,,,,10,,,,,,,31,,330,3.3,0.2727272727,5.632268154,5.698268154
+1,33.0,11.0,6.0,7,,,,,,,,,,,,,,,363,3,0.303030303,5.724836513,5.784836513
+1,32.0,11.0,6.0,7,,,,,,,,,,,,,,,352,2.909090909,0.3125,5.694950074,5.753131892
+0,31.0,11.0,6.0,6,,,,,,11,,,,,,,33,,341,2.818181818,0.3225806452,5.664114701,5.720478337
+1,31.0,12.0,6.0,7,,,,,,,,,,,,,,,372,2.583333333,0.3548387097,5.748622992,5.800289658
+1,30.0,12.0,6.0,7,,,,,,,,,,,,,,,360,2.5,0.3666666667,5.716776445,5.766776445
+0,29.0,12.0,6.0,6,,,,,,12,,,,,,,35,,348,2.416666667,0.3793103448,5.683850151,5.732183484
+1,29.0,13.0,6.0,7,,,,,,,,,,,,,,,377,2.230769231,0.4137931034,5.761590242,5.806205627
+1,28.0,13.0,6.0,7,,,,,,,,,,,,,,,364,2.153846154,0.4285714286,5.727508407,5.77058533
+0,27.0,13.0,6.0,6,,,,,,13,,,,,,,37,,351,2.076923077,0.4444444444,5.692186963,5.733725425
+1,27.0,14.0,6.0,7,,,,,,,,,,,,,,,378,1.928571429,0.4814814815,5.764163046,5.802734474
+1,26.0,14.0,6.0,7,,,,,,,,,,,,,,,364,1.857142857,0.5,5.727508407,5.764651264
+0,25.0,14.0,6.0,6,,,,,,14,,,,,,,39,,350,1.785714286,0.52,5.689415969,5.725130255
+1,25.0,15.0,6.0,7,,,,,,,,,,,,,,,375,1.666666667,0.56,5.756424099,5.789757432
+0,24.0,15.0,6.0,6,,,,,,15,,,,,,,40,,360,1.6,0.5833333333,5.716776445,5.748776445
+1,24.0,16.0,6.0,7,,,,,,,,,,,,,,,384,1.5,0.625,5.779458364,5.809458364
+1,23.0,16.0,6.0,7,,,,,,,,,,,,,,,368,1.4375,0.652173913,5.738123077,5.766873077
+0,22.0,16.0,6.0,6,,,,,,16,,,,,,,42,,352,1.375,0.6818181818,5.694950074,5.722450074
+1,22.0,17.0,6.0,7,,,,,,,,,,,,,,,374,1.294117647,0.7272727273,5.753830686,5.779713039
+0,21.0,17.0,6.0,6,,,,,,17,,,,,,,43,,357,1.235294118,0.7619047619,5.708648928,5.73335481
+1,21.0,18.0,6.0,7,,,,,,,,,,,,,,,378,1.166666667,0.8095238095,5.764163046,5.787496379
+0,20.0,18.0,6.0,6,,,,,,18,,,,,,,44,,360,1.111111111,0.85,5.716776445,5.738998667
+1,20.0,19.0,6.0,7,,,,,,,,,,,,,,,380,1.052631579,0.9,5.769288296,5.790340927
+0,19.0,19.0,6.0,6,,,,,,19,,,,,,,45,,361,1,0.9473684211,5.719470573,5.739470573
+1,129.0,1.0,7.0,8,,,,,,,,,,,,,,,129,129,0,4.720008503,7.300008503
+0,128.0,1.0,7.0,7,,,,,,,1,,,,,,,0,128,128,0,4.712450234,7.272450234
+1,128.0,2.0,7.0,8,,,,,,,,,,,,,,,256,64,0.0078125,5.385657411,6.665657411
+0,127.0,2.0,7.0,7,,,,,,,2,,,,,,,1,254,63.5,0.007874015748,5.378039861,6.648039861
+1,127.0,3.0,7.0,8,,,,,,,,,,,,,,,381,42.33333333,0.0157480315,5.771840814,6.618507481
+1,126.0,3.0,7.0,8,,,,,,,,,,,,,,,378,42,0.01587301587,5.764163046,6.604163046
+1,125.0,3.0,7.0,8,,,,,,,,,,,,,,,375,41.66666667,0.016,5.756424099,6.589757432
+1,124.0,3.0,7.0,8,,,,,,,,,,,,,,,372,41.33333333,0.01612903226,5.748622992,6.575289658
+1,123.0,3.0,7.0,8,,,,,,,,,,,,,,,369,41,0.0162601626,5.740758717,6.560758717
+1,122.0,3.0,7.0,8,,,,,,,,,,,,,,,366,40.66666667,0.01639344262,5.732830243,6.546163576
+0,121.0,3.0,7.0,7,,,,,,,3,,,,,,,7,363,40.33333333,0.01652892562,5.724836513,6.53150318
+1,121.0,4.0,7.0,8,,,,,,,,,,,,,,,484,30.25,0.02479338843,6.004242736,6.609242736
+1,120.0,4.0,7.0,8,,,,,,,,,,,,,,,480,30,0.025,5.996182668,6.596182668
+1,119.0,4.0,7.0,8,,,,,,,,,,,,,,,476,29.75,0.02521008403,5.988055151,6.583055151
+1,118.0,4.0,7.0,8,,,,,,,,,,,,,,,472,29.5,0.02542372881,5.979859046,6.569859046
+1,117.0,4.0,7.0,8,,,,,,,,,,,,,,,468,29.25,0.02564102564,5.971593186,6.556593186
+0,116.0,4.0,7.0,7,,,,,,,4,,,,,,,12,464,29,0.02586206897,5.963256374,6.543256374
+1,116.0,5.0,7.0,8,,,,,,,,,,,,,,,580,23.2,0.03448275862,6.179980678,6.643980678
+1,115.0,5.0,7.0,8,,,,,,,,,,,,,,,575,23,0.0347826087,6.171571684,6.631571684
+1,114.0,5.0,7.0,8,,,,,,,,,,,,,,,570,22.8,0.0350877193,6.163089249,6.619089249
+1,113.0,5.0,7.0,8,,,,,,,,,,,,,,,565,22.6,0.03539823009,6.154532078,6.606532078
+1,112.0,5.0,7.0,8,,,,,,,,,,,,,,,560,22.4,0.03571428571,6.145898842,6.593898842
+1,111.0,5.0,7.0,8,,,,,,,,,,,,,,,555,22.2,0.03603603604,6.137188177,6.581188177
+1,110.0,5.0,7.0,8,,,,,,,,,,,,,,,550,22,0.03636363636,6.128398681,6.568398681
+0,109.0,5.0,7.0,7,,,,,,,5,,,,,,,19,545,21.8,0.03669724771,6.119528915,6.555528915
+1,109.0,6.0,7.0,8,,,,,,,,,,,,,,,654,18.16666667,0.04587155963,6.296605564,6.659938898
+1,108.0,6.0,7.0,8,,,,,,,,,,,,,,,648,18,0.0462962963,6.287654048,6.647654048
+1,107.0,6.0,7.0,8,,,,,,,,,,,,,,,642,17.83333333,0.04672897196,6.27861926,6.635285927
+1,106.0,6.0,7.0,8,,,,,,,,,,,,,,,636,17.66666667,0.04716981132,6.269499638,6.622832971
+1,105.0,6.0,7.0,8,,,,,,,,,,,,,,,630,17.5,0.04761904762,6.260293572,6.610293572
+0,104.0,6.0,7.0,7,,,,,,,6,,,,,,,24,624,17.33333333,0.04807692308,6.250999409,6.597666076
+1,104.0,7.0,7.0,8,,,,,,,,,,,,,,,728,14.85714286,0.05769230769,6.400715583,6.69785844
+1,103.0,7.0,7.0,8,,,,,,,,,,,,,,,721,14.71428571,0.05825242718,6.39133162,6.685617334
+1,102.0,7.0,7.0,8,,,,,,,,,,,,,,,714,14.57142857,0.05882352941,6.381856104,6.673284675
+1,101.0,7.0,7.0,8,,,,,,,,,,,,,,,707,14.42857143,0.05940594059,6.372287232,6.660858661
+1,100.0,7.0,7.0,8,,,,,,,,,,,,,,,700,14.28571429,0.06,6.362623146,6.648337431
+1,99.0,7.0,7.0,8,,,,,,,,,,,,,,,693,14.14285714,0.06060606061,6.352861931,6.635719074
+1,98.0,7.0,7.0,8,,,,,,,,,,,,,,,686,14,0.0612244898,6.343001617,6.623001617
+0,97.0,7.0,7.0,7,,,,,,,7,,,,,,,31,679,13.85714286,0.0618556701,6.333040169,6.610183026
+1,97.0,8.0,7.0,8,,,,,,,,,,,,,,,776,12.125,0.07216494845,6.462730218,6.705230218
+1,96.0,8.0,7.0,8,,,,,,,,,,,,,,,768,12,0.07291666667,6.452665541,6.692665541
+1,95.0,8.0,7.0,8,,,,,,,,,,,,,,,760,11.875,0.07368421053,6.442495472,6.679995472
+1,94.0,8.0,7.0,8,,,,,,,,,,,,,,,752,11.75,0.07446808511,6.432217782,6.667217782
+1,93.0,8.0,7.0,8,,,,,,,,,,,,,,,744,11.625,0.0752688172,6.421830168,6.654330168
+1,92.0,8.0,7.0,8,,,,,,,,,,,,,,,736,11.5,0.07608695652,6.411330253,6.641330253
+0,91.0,8.0,7.0,7,,,,,,,8,,,,,,,37,728,11.375,0.07692307692,6.400715583,6.628215583
+1,91.0,9.0,7.0,8,,,,,,,,,,,,,,,819,10.11111111,0.08791208791,6.515110313,6.717332536
+1,90.0,9.0,7.0,8,,,,,,,,,,,,,,,810,10,0.08888888889,6.504378352,6.704378352
+1,89.0,9.0,7.0,8,,,,,,,,,,,,,,,801,9.888888889,0.08988764045,6.493526477,6.691304255
+1,88.0,9.0,7.0,8,,,,,,,,,,,,,,,792,9.777777778,0.09090909091,6.48255198,6.678107536
+0,87.0,9.0,7.0,7,,,,,,,9,,,,,,,41,783,9.666666667,0.09195402299,6.471452058,6.664785391
+1,87.0,10.0,7.0,8,,,,,,,,,,,,,,,870,8.7,0.1034482759,6.573781631,6.747781631
+1,86.0,10.0,7.0,8,,,,,,,,,,,,,,,860,8.6,0.1046511628,6.562553383,6.734553383
+1,85.0,10.0,7.0,8,,,,,,,,,,,,,,,850,8.5,0.1058823529,6.551193807,6.721193807
+1,84.0,10.0,7.0,8,,,,,,,,,,,,,,,840,8.4,0.1071428571,6.539699795,6.707699795
+1,83.0,10.0,7.0,8,,,,,,,,,,,,,,,830,8.3,0.1084337349,6.528068128,6.694068128
+0,82.0,10.0,7.0,7,,,,,,,10,,,,,,,46,820,8.2,0.1097560976,6.516295466,6.680295466
+1,82.0,11.0,7.0,8,,,,,,,,,,,,,,,902,7.454545455,0.1219512195,6.608863825,6.757954734
+1,81.0,11.0,7.0,8,,,,,,,,,,,,,,,891,7.363636364,0.1234567901,6.596946711,6.744219438
+1,80.0,11.0,7.0,8,,,,,,,,,,,,,,,880,7.272727273,0.125,6.584881554,6.730336099
+1,79.0,11.0,7.0,8,,,,,,,,,,,,,,,869,7.181818182,0.1265822785,6.57266463,6.716300993
+1,78.0,11.0,7.0,8,,,,,,,,,,,,,,,858,7.090909091,0.1282051282,6.560292072,6.702110254
+0,77.0,11.0,7.0,7,,,,,,,11,,,,,,,51,847,7,0.1298701299,6.547759864,6.687759864
+1,77.0,12.0,7.0,8,,,,,,,,,,,,,,,924,6.416666667,0.1428571429,6.632268154,6.760601488
+1,76.0,12.0,7.0,8,,,,,,,,,,,,,,,912,6.333333333,0.1447368421,6.619572122,6.746238789
+1,75.0,12.0,7.0,8,,,,,,,,,,,,,,,900,6.25,0.1466666667,6.606707925,6.731707925
+1,74.0,12.0,7.0,8,,,,,,,,,,,,,,,888,6.166666667,0.1486486486,6.593671049,6.717004383
+0,73.0,12.0,7.0,7,,,,,,,12,,,,,,,55,876,6.083333333,0.1506849315,6.580456796,6.702123463
+1,73.0,13.0,7.0,8,,,,,,,,,,,,,,,949,5.615384615,0.1643835616,6.658196887,6.77050458
+1,72.0,13.0,7.0,8,,,,,,,,,,,,,,,936,5.538461538,0.1666666667,6.644800362,6.755569593
+1,71.0,13.0,7.0,8,,,,,,,,,,,,,,,923,5.461538462,0.1690140845,6.631216468,6.740447237
+1,70.0,13.0,7.0,8,,,,,,,,,,,,,,,910,5.384615385,0.1714285714,6.617439887,6.725132195
+0,69.0,13.0,7.0,7,,,,,,,13,,,,,,,59,897,5.307692308,0.1739130435,6.603465075,6.709618921
+1,69.0,14.0,7.0,8,,,,,,,,,,,,,,,966,4.928571429,0.1884057971,6.675441158,6.774012586
+1,68.0,14.0,7.0,8,,,,,,,,,,,,,,,952,4.857142857,0.1911764706,6.661262327,6.758405184
+1,67.0,14.0,7.0,8,,,,,,,,,,,,,,,938,4.785714286,0.1940298507,6.646873432,6.742587718
+0,66.0,14.0,7.0,7,,,,,,,14,,,,,,,62,924,4.714285714,0.196969697,6.632268154,6.726553869
+1,66.0,15.0,7.0,8,,,,,,,,,,,,,,,990,4.4,0.2121212121,6.699276284,6.787276284
+1,65.0,15.0,7.0,8,,,,,,,,,,,,,,,975,4.333333333,0.2153846154,6.684448017,6.771114683
+1,64.0,15.0,7.0,8,,,,,,,,,,,,,,,960,4.266666667,0.21875,6.669389844,6.754723178
+0,63.0,15.0,7.0,7,,,,,,,15,,,,,,,65,945,4.2,0.2222222222,6.654094526,6.738094526
+1,63.0,16.0,7.0,8,,,,,,,,,,,,,,,1008,3.9375,0.2380952381,6.716776445,6.795526445
+1,62.0,16.0,7.0,8,,,,,,,,,,,,,,,992,3.875,0.2419354839,6.701236391,6.778736391
+1,61.0,16.0,7.0,8,,,,,,,,,,,,,,,976,3.8125,0.2459016393,6.685443642,6.761693642
+0,60.0,16.0,7.0,7,,,,,,,16,,,,,,,68,960,3.75,0.25,6.669389844,6.744389844
+1,60.0,17.0,7.0,8,,,,,,,,,,,,,,,1020,3.529411765,0.2666666667,6.728270457,6.798858692
+1,59.0,17.0,7.0,8,,,,,,,,,,,,,,,1003,3.470588235,0.2711864407,6.711946835,6.781358599
+0,58.0,17.0,7.0,7,,,,,,,17,,,,,,,70,986,3.411764706,0.275862069,6.695344163,6.763579457
+1,58.0,18.0,7.0,8,,,,,,,,,,,,,,,1044,3.222222222,0.2931034483,6.750858281,6.815302725
+1,57.0,18.0,7.0,8,,,,,,,,,,,,,,,1026,3.166666667,0.298245614,6.733966852,6.797300186
+1,56.0,18.0,7.0,8,,,,,,,,,,,,,,,1008,3.111111111,0.3035714286,6.716776445,6.778998667
+0,55.0,18.0,7.0,7,,,,,,,18,,,,,,,73,990,3.055555556,0.3090909091,6.699276284,6.760387395
+1,55.0,19.0,7.0,8,,,,,,,,,,,,,,,1045,2.894736842,0.3272727273,6.751788135,6.809682872
+1,54.0,19.0,7.0,8,,,,,,,,,,,,,,,1026,2.842105263,0.3333333333,6.733966852,6.790808958
+0,53.0,19.0,7.0,7,,,,,,,19,,,,,,,75,1007,2.789473684,0.3396226415,6.715812442,6.771601916
+1,53.0,20.0,7.0,8,,,,,,,,,,,,,,,1060,2.65,0.358490566,6.765630165,6.818630165
+1,52.0,20.0,7.0,8,,,,,,,,,,,,,,,1040,2.6,0.3653846154,6.747129936,6.799129936
+0,51.0,20.0,7.0,7,,,,,,,20,,,,,,,77,1020,2.55,0.3725490196,6.728270457,6.779270457
+1,51.0,21.0,7.0,8,,,,,,,,,,,,,,,1071,2.428571429,0.3921568627,6.775657057,6.824228486
+1,50.0,21.0,7.0,8,,,,,,,,,,,,,,,1050,2.380952381,0.4,6.756424099,6.804043147
+0,49.0,21.0,7.0,7,,,,,,,21,,,,,,,79,1029,2.333333333,0.4081632653,6.73680257,6.783469237
+1,49.0,22.0,7.0,8,,,,,,,,,,,,,,,1078,2.227272727,0.4285714286,6.781984328,6.826529783
+1,48.0,22.0,7.0,8,,,,,,,,,,,,,,,1056,2.181818182,0.4375,6.761958203,6.805594567
+0,47.0,22.0,7.0,7,,,,,,,22,,,,,,,81,1034,2.136363636,0.4468085106,6.741510445,6.784237718
+1,47.0,23.0,7.0,8,,,,,,,,,,,,,,,1081,2.043478261,0.4680851064,6.784683448,6.825553013
+1,46.0,23.0,7.0,8,,,,,,,,,,,,,,,1058,2,0.4782608696,6.763795919,6.803795919
+0,45.0,23.0,7.0,7,,,,,,,23,,,,,,,83,1035,1.956521739,0.4888888889,6.742449287,6.781579722
+1,45.0,24.0,7.0,8,,,,,,,,,,,,,,,1080,1.875,0.5111111111,6.783784575,6.821284575
+1,44.0,24.0,7.0,8,,,,,,,,,,,,,,,1056,1.833333333,0.5227272727,6.761958203,6.79862487
+0,43.0,24.0,7.0,7,,,,,,,24,,,,,,,85,1032,1.791666667,0.5348837209,6.739630032,6.775463366
+1,43.0,25.0,7.0,8,,,,,,,,,,,,,,,1075,1.72,0.5581395349,6.779277687,6.813677687
+1,42.0,25.0,7.0,8,,,,,,,,,,,,,,,1050,1.68,0.5714285714,6.756424099,6.790024099
+0,41.0,25.0,7.0,7,,,,,,,25,,,,,,,87,1025,1.64,0.5853658537,6.73301977,6.76581977
+1,41.0,26.0,7.0,8,,,,,,,,,,,,,,,1066,1.576923077,0.6097560976,6.771112207,6.802650669
+0,40.0,26.0,7.0,7,,,,,,,26,,,,,,,88,1040,1.538461538,0.625,6.747129936,6.777899167
+1,40.0,27.0,7.0,8,,,,,,,,,,,,,,,1080,1.481481481,0.65,6.783784575,6.813414204
+1,39.0,27.0,7.0,8,,,,,,,,,,,,,,,1053,1.444444444,0.6666666667,6.759195093,6.788083982
+0,38.0,27.0,7.0,7,,,,,,,27,,,,,,,90,1026,1.407407407,0.6842105263,6.733966852,6.762115
+1,38.0,28.0,7.0,8,,,,,,,,,,,,,,,1064,1.357142857,0.7105263158,6.769288296,6.796431153
+0,37.0,28.0,7.0,7,,,,,,,28,,,,,,,91,1036,1.321428571,0.7297297297,6.743387223,6.769815795
+1,37.0,29.0,7.0,8,,,,,,,,,,,,,,,1073,1.275862069,0.7567567568,6.777469059,6.802986301
+0,36.0,29.0,7.0,7,,,,,,,29,,,,,,,92,1044,1.24137931,0.7777777778,6.750858281,6.775685867
+1,36.0,30.0,7.0,8,,,,,,,,,,,,,,,1080,1.2,0.8055555556,6.783784575,6.807784575
+0,35.0,30.0,7.0,7,,,,,,,30,,,,,,,93,1050,1.166666667,0.8285714286,6.756424099,6.779757432
+1,35.0,31.0,7.0,8,,,,,,,,,,,,,,,1085,1.129032258,0.8571428571,6.788270646,6.810851291
+0,34.0,31.0,7.0,7,,,,,,,31,,,,,,,94,1054,1.096774194,0.8823529412,6.760117003,6.782052487
+1,34.0,32.0,7.0,8,,,,,,,,,,,,,,,1088,1.0625,0.9117647059,6.790952376,6.812202376
+0,33.0,32.0,7.0,7,,,,,,,32,,,,,,,95,1056,1.03125,0.9393939394,6.761958203,6.782583203
+1,33.0,33.0,7.0,8,,,,,,,,,,,,,,,1089,1,0.9696969697,6.791844643,6.811844643
