,1.0,2.0,3.0,4.0,5.0,6.0,7.0,8.0,9.0,10.0,11.0,12.0,13.0,14.0,15.0,16.0,17.0,18.0,19.0,20.0,21.0,22.0,23.0,24.0,25.0,26.0,27.0,28.0,29.0,30.0,31.0,32.0,33.0,34.0,35.0,36.0,37.0,38.0,39.0,40.0,41.0,42.0,43.0,44.0,45.0,46.0,47.0,48.0,49.0,50.0,51.0,52.0,53.0,54.0,55.0,56.0,57.0,58.0,59.0,60.0,61.0,62.0,63.0,64.0,65.0,66.0,67.0,68.0,69.0,70.0,71.0,72.0,73.0,74.0,75.0,76.0,77.0,78.0,79.0,80.0,81.0,82.0,83.0,84.0,85.0,86.0,87.0,88.0,89.0,90.0,91.0,92.0,93.0,94.0,95.0,96.0,97.0,98.0,99.0,100.0,101.0,102.0,103.0
1.0,1,2.0,3.0,4.0,5.0,6.0,7.0,8.0,9.0,10.0,11.0,12.0,13.0,14.0,15.0,16.0,17.0,18.0,19.0,20.0,21.0,22.0,23.0,24.0,25.0,26.0,27.0,28.0,29.0,30.0,31.0,32.0,33.0,34.0,35.0,36.0,37.0,38.0,39.0,40.0,41.0,42.0,43.0,44.0,45.0,46.0,47.0,48.0,49.0,50.0,51.0,52.0,53.0,54.0,55.0,56.0,57.0,58.0,59.0,60.0,61.0,62.0,63.0,64.0,65.0,66.0,67.0,68.0,69.0,70.0,71.0,72.0,73.0,74.0,75.0,76.0,77.0,78.0,79.0,80.0,81.0,82.0,83.0,84.0,85.0,86.0,87.0,88.0,89.0,90.0,91.0,92.0,93.0,94.0,95.0,96.0,97.0,98.0,99.0,100.0,101.0,102.0,103.0
2.0,2.0,4.0,6.0,8.0,10.0,12.0,14.0,16.0,18.0,20.0,22.0,24.0,26.0,28.0,30.0,32.0,34.0,36.0,38.0,40.0,42.0,44.0,46.0,48.0,50.0,52.0,54.0,56.0,58.0,60.0,62.0,64.0,66.0,68.0,70.0,72.0,74.0,76.0,78.0,80.0,82.0,84.0,86.0,88.0,90.0,92.0,94.0,96.0,98.0,100.0,102.0,104.0,106.0,108.0,110.0,112.0,114.0,116.0,118.0,120.0,122.0,124.0,126.0,128.0,130.0,132.0,134.0,136.0,138.0,140.0,142.0,144.0,146.0,148.0,150.0,152.0,154.0,156.0,158.0,160.0,162.0,164.0,166.0,168.0,170.0,172.0,174.0,176.0,178.0,180.0,182.0,184.0,186.0,188.0,190.0,192.0,194.0,196.0,198.0,200.0,202.0,204.0,206.0
3.0,3.0,6.0,9.0,12.0,15.0,18.0,21.0,24.0,27.0,30.0,33.0,36.0,39.0,42.0,45.0,48.0,51.0,54.0,57.0,60.0,63.0,66.0,69.0,72.0,75.0,78.0,81.0,84.0,87.0,90.0,93.0,96.0,99.0,102.0,105.0,108.0,111.0,114.0,117.0,120.0,123.0,126.0,129.0,132.0,135.0,138.0,141.0,144.0,147.0,150.0,153.0,156.0,159.0,162.0,165.0,168.0,171.0,174.0,177.0,180.0,183.0,186.0,189.0,192.0,195.0,198.0,201.0,204.0,207.0,210.0,213.0,216.0,219.0,222.0,225.0,228.0,231.0,234.0,237.0,240.0,243.0,246.0,249.0,252.0,255.0,258.0,261.0,264.0,267.0,270.0,273.0,276.0,279.0,282.0,285.0,288.0,291.0,294.0,297.0,300.0,303.0,306.0,309.0
4.0,4.0,8.0,12.0,16.0,20.0,24.0,28.0,32.0,36.0,40.0,44.0,48.0,52.0,56.0,60.0,64.0,68.0,72.0,76.0,80.0,84.0,88.0,92.0,96.0,100.0,104.0,108.0,112.0,116.0,120.0,124.0,128.0,132.0,136.0,140.0,144.0,148.0,152.0,156.0,160.0,164.0,168.0,172.0,176.0,180.0,184.0,188.0,192.0,196.0,200.0,204.0,208.0,212.0,216.0,220.0,224.0,228.0,232.0,236.0,240.0,244.0,248.0,252.0,256.0,260.0,264.0,268.0,272.0,276.0,280.0,284.0,288.0,292.0,296.0,300.0,304.0,308.0,312.0,316.0,320.0,324.0,328.0,332.0,336.0,340.0,344.0,348.0,352.0,356.0,360.0,364.0,368.0,372.0,376.0,380.0,384.0,388.0,392.0,396.0,400.0,404.0,408.0,412.0
5.0,5.0,10.0,15.0,20.0,25.0,30.0,35.0,40.0,45.0,50.0,55.0,60.0,65.0,70.0,75.0,80.0,85.0,90.0,95.0,100.0,105.0,110.0,115.0,120.0,125.0,130.0,135.0,140.0,145.0,150.0,155.0,160.0,165.0,170.0,175.0,180.0,185.0,190.0,195.0,200.0,205.0,210.0,215.0,220.0,225.0,230.0,235.0,240.0,245.0,250.0,255.0,260.0,265.0,270.0,275.0,280.0,285.0,290.0,295.0,300.0,305.0,310.0,315.0,320.0,325.0,330.0,335.0,340.0,345.0,350.0,355.0,360.0,365.0,370.0,375.0,380.0,385.0,390.0,395.0,400.0,405.0,410.0,415.0,420.0,425.0,430.0,435.0,440.0,445.0,450.0,455.0,460.0,465.0,470.0,475.0,480.0,485.0,490.0,495.0,500.0,505.0,510.0,515.0
6.0,6.0,12.0,18.0,24.0,30.0,36.0,42.0,48.0,54.0,60.0,66.0,72.0,78.0,84.0,90.0,96.0,102.0,108.0,114.0,120.0,126.0,132.0,138.0,144.0,150.0,156.0,162.0,168.0,174.0,180.0,186.0,192.0,198.0,204.0,210.0,216.0,222.0,228.0,234.0,240.0,246.0,252.0,258.0,264.0,270.0,276.0,282.0,288.0,294.0,300.0,306.0,312.0,318.0,324.0,330.0,336.0,342.0,348.0,354.0,360.0,366.0,372.0,378.0,384.0,390.0,396.0,402.0,408.0,414.0,420.0,426.0,432.0,438.0,444.0,450.0,456.0,462.0,468.0,474.0,480.0,486.0,492.0,498.0,504.0,510.0,516.0,522.0,528.0,534.0,540.0,546.0,552.0,558.0,564.0,570.0,576.0,582.0,588.0,594.0,600.0,606.0,612.0,618.0
7.0,7.0,14.0,21.0,28.0,35.0,42.0,49.0,56.0,63.0,70.0,77.0,84.0,91.0,98.0,105.0,112.0,119.0,126.0,133.0,140.0,147.0,154.0,161.0,168.0,175.0,182.0,189.0,196.0,203.0,210.0,217.0,224.0,231.0,238.0,245.0,252.0,259.0,266.0,273.0,280.0,287.0,294.0,301.0,308.0,315.0,322.0,329.0,336.0,343.0,350.0,357.0,364.0,371.0,378.0,385.0,392.0,399.0,406.0,413.0,420.0,427.0,434.0,441.0,448.0,455.0,462.0,469.0,476.0,483.0,490.0,497.0,504.0,511.0,518.0,525.0,532.0,539.0,546.0,553.0,560.0,567.0,574.0,581.0,588.0,595.0,602.0,609.0,616.0,623.0,630.0,637.0,644.0,651.0,658.0,665.0,672.0,679.0,686.0,693.0,700.0,707.0,714.0,721.0
8.0,8.0,16.0,24.0,32.0,40.0,48.0,56.0,64.0,72.0,80.0,88.0,96.0,104.0,112.0,120.0,128.0,136.0,144.0,152.0,160.0,168.0,176.0,184.0,192.0,200.0,208.0,216.0,224.0,232.0,240.0,248.0,256.0,264.0,272.0,280.0,288.0,296.0,304.0,312.0,320.0,328.0,336.0,344.0,352.0,360.0,368.0,376.0,384.0,392.0,400.0,408.0,416.0,424.0,432.0,440.0,448.0,456.0,464.0,472.0,480.0,488.0,496.0,504.0,512.0,520.0,528.0,536.0,544.0,552.0,560.0,568.0,576.0,584.0,592.0,600.0,608.0,616.0,624.0,632.0,640.0,648.0,656.0,664.0,672.0,680.0,688.0,696.0,704.0,712.0,720.0,728.0,736.0,744.0,752.0,760.0,768.0,776.0,784.0,792.0,800.0,808.0,816.0,824.0
9.0,9.0,18.0,27.0,36.0,45.0,54.0,63.0,72.0,81.0,90.0,99.0,108.0,117.0,126.0,135.0,144.0,153.0,162.0,171.0,180.0,189.0,198.0,207.0,216.0,225.0,234.0,243.0,252.0,261.0,270.0,279.0,288.0,297.0,306.0,315.0,324.0,333.0,342.0,351.0,360.0,369.0,378.0,387.0,396.0,405.0,414.0,423.0,432.0,441.0,450.0,459.0,468.0,477.0,486.0,495.0,504.0,513.0,522.0,531.0,540.0,549.0,558.0,567.0,576.0,585.0,594.0,603.0,612.0,621.0,630.0,639.0,648.0,657.0,666.0,675.0,684.0,693.0,702.0,711.0,720.0,729.0,738.0,747.0,756.0,765.0,774.0,783.0,792.0,801.0,810.0,819.0,828.0,837.0,846.0,855.0,864.0,873.0,882.0,891.0,900.0,909.0,918.0,927.0
10.0,10.0,20.0,30.0,40.0,50.0,60.0,70.0,80.0,90.0,100.0,110.0,120.0,130.0,140.0,150.0,160.0,170.0,180.0,190.0,200.0,210.0,220.0,230.0,240.0,250.0,260.0,270.0,280.0,290.0,300.0,310.0,320.0,330.0,340.0,350.0,360.0,370.0,380.0,390.0,400.0,410.0,420.0,430.0,440.0,450.0,460.0,470.0,480.0,490.0,500.0,510.0,520.0,530.0,540.0,550.0,560.0,570.0,580.0,590.0,600.0,610.0,620.0,630.0,640.0,650.0,660.0,670.0,680.0,690.0,700.0,710.0,720.0,730.0,740.0,750.0,760.0,770.0,780.0,790.0,800.0,810.0,820.0,830.0,840.0,850.0,860.0,870.0,880.0,890.0,900.0,910.0,920.0,930.0,940.0,950.0,960.0,970.0,980.0,990.0,1000.0,1010.0,1020.0,1030.0
11.0,11.0,22.0,33.0,44.0,55.0,66.0,77.0,88.0,99.0,110.0,121.0,132.0,143.0,154.0,165.0,176.0,187.0,198.0,209.0,220.0,231.0,242.0,253.0,264.0,275.0,286.0,297.0,308.0,319.0,330.0,341.0,352.0,363.0,374.0,385.0,396.0,407.0,418.0,429.0,440.0,451.0,462.0,473.0,484.0,495.0,506.0,517.0,528.0,539.0,550.0,561.0,572.0,583.0,594.0,605.0,616.0,627.0,638.0,649.0,660.0,671.0,682.0,693.0,704.0,715.0,726.0,737.0,748.0,759.0,770.0,781.0,792.0,803.0,814.0,825.0,836.0,847.0,858.0,869.0,880.0,891.0,902.0,913.0,924.0,935.0,946.0,957.0,968.0,979.0,990.0,1001.0,1012.0,1023.0,1034.0,1045.0,1056.0,1067.0,1078.0,1089.0,1100.0,1111.0,1122.0,1133.0
12.0,12.0,24.0,36.0,48.0,60.0,72.0,84.0,96.0,108.0,120.0,132.0,144.0,156.0,168.0,180.0,192.0,204.0,216.0,228.0,240.0,252.0,264.0,276.0,288.0,300.0,312.0,324.0,336.0,348.0,360.0,372.0,384.0,396.0,408.0,420.0,432.0,444.0,456.0,468.0,480.0,492.0,504.0,516.0,528.0,540.0,552.0,564.0,576.0,588.0,600.0,612.0,624.0,636.0,648.0,660.0,672.0,684.0,696.0,708.0,720.0,732.0,744.0,756.0,768.0,780.0,792.0,804.0,816.0,828.0,840.0,852.0,864.0,876.0,888.0,900.0,912.0,924.0,936.0,948.0,960.0,972.0,984.0,996.0,1008.0,1020.0,1032.0,1044.0,1056.0,1068.0,1080.0,1092.0,1104.0,1116.0,1128.0,1140.0,1152.0,1164.0,1176.0,1188.0,1200.0,1212.0,1224.0,1236.0
13.0,13.0,26.0,39.0,52.0,65.0,78.0,91.0,104.0,117.0,130.0,143.0,156.0,169.0,182.0,195.0,208.0,221.0,234.0,247.0,260.0,273.0,286.0,299.0,312.0,325.0,338.0,351.0,364.0,377.0,390.0,403.0,416.0,429.0,442.0,455.0,468.0,481.0,494.0,507.0,520.0,533.0,546.0,559.0,572.0,585.0,598.0,611.0,624.0,637.0,650.0,663.0,676.0,689.0,702.0,715.0,728.0,741.0,754.0,767.0,780.0,793.0,806.0,819.0,832.0,845.0,858.0,871.0,884.0,897.0,910.0,923.0,936.0,949.0,962.0,975.0,988.0,1001.0,1014.0,1027.0,1040.0,1053.0,1066.0,1079.0,1092.0,1105.0,1118.0,1131.0,1144.0,1157.0,1170.0,1183.0,1196.0,1209.0,1222.0,1235.0,1248.0,1261.0,1274.0,1287.0,1300.0,1313.0,1326.0,1339.0
14.0,14.0,28.0,42.0,56.0,70.0,84.0,98.0,112.0,126.0,140.0,154.0,168.0,182.0,196.0,210.0,224.0,238.0,252.0,266.0,280.0,294.0,308.0,322.0,336.0,350.0,364.0,378.0,392.0,406.0,420.0,434.0,448.0,462.0,476.0,490.0,504.0,518.0,532.0,546.0,560.0,574.0,588.0,602.0,616.0,630.0,644.0,658.0,672.0,686.0,700.0,714.0,728.0,742.0,756.0,770.0,784.0,798.0,812.0,826.0,840.0,854.0,868.0,882.0,896.0,910.0,924.0,938.0,952.0,966.0,980.0,994.0,1008.0,1022.0,1036.0,1050.0,1064.0,1078.0,1092.0,1106.0,1120.0,1134.0,1148.0,1162.0,1176.0,1190.0,1204.0,1218.0,1232.0,1246.0,1260.0,1274.0,1288.0,1302.0,1316.0,1330.0,1344.0,1358.0,1372.0,1386.0,1400.0,1414.0,1428.0,1442.0
15.0,15.0,30.0,45.0,60.0,75.0,90.0,105.0,120.0,135.0,150.0,165.0,180.0,195.0,210.0,225.0,240.0,255.0,270.0,285.0,300.0,315.0,330.0,345.0,360.0,375.0,390.0,405.0,420.0,435.0,450.0,465.0,480.0,495.0,510.0,525.0,540.0,555.0,570.0,585.0,600.0,615.0,630.0,645.0,660.0,675.0,690.0,705.0,720.0,735.0,750.0,765.0,780.0,795.0,810.0,825.0,840.0,855.0,870.0,885.0,900.0,915.0,930.0,945.0,960.0,975.0,990.0,1005.0,1020.0,1035.0,1050.0,1065.0,1080.0,1095.0,1110.0,1125.0,1140.0,1155.0,1170.0,1185.0,1200.0,1215.0,1230.0,1245.0,1260.0,1275.0,1290.0,1305.0,1320.0,1335.0,1350.0,1365.0,1380.0,1395.0,1410.0,1425.0,1440.0,1455.0,1470.0,1485.0,1500.0,1515.0,1530.0,1545.0
16.0,16.0,32.0,48.0,64.0,80.0,96.0,112.0,128.0,144.0,160.0,176.0,192.0,208.0,224.0,240.0,256.0,272.0,288.0,304.0,320.0,336.0,352.0,368.0,384.0,400.0,416.0,432.0,448.0,464.0,480.0,496.0,512.0,528.0,544.0,560.0,576.0,592.0,608.0,624.0,640.0,656.0,672.0,688.0,704.0,720.0,736.0,752.0,768.0,784.0,800.0,816.0,832.0,848.0,864.0,880.0,896.0,912.0,928.0,944.0,960.0,976.0,992.0,1008.0,1024.0,1040.0,1056.0,1072.0,1088.0,1104.0,1120.0,1136.0,1152.0,1168.0,1184.0,1200.0,1216.0,1232.0,1248.0,1264.0,1280.0,1296.0,1312.0,1328.0,1344.0,1360.0,1376.0,1392.0,1408.0,1424.0,1440.0,1456.0,1472.0,1488.0,1504.0,1520.0,1536.0,1552.0,1568.0,1584.0,1600.0,1616.0,1632.0,1648.0
17.0,17.0,34.0,51.0,68.0,85.0,102.0,119.0,136.0,153.0,170.0,187.0,204.0,221.0,238.0,255.0,272.0,289.0,306.0,323.0,340.0,357.0,374.0,391.0,408.0,425.0,442.0,459.0,476.0,493.0,510.0,527.0,544.0,561.0,578.0,595.0,612.0,629.0,646.0,663.0,680.0,697.0,714.0,731.0,748.0,765.0,782.0,799.0,816.0,833.0,850.0,867.0,884.0,901.0,918.0,935.0,952.0,969.0,986.0,1003.0,1020.0,1037.0,1054.0,1071.0,1088.0,1105.0,1122.0,1139.0,1156.0,1173.0,1190.0,1207.0,1224.0,1241.0,1258.0,1275.0,1292.0,1309.0,1326.0,1343.0,1360.0,1377.0,1394.0,1411.0,1428.0,1445.0,1462.0,1479.0,1496.0,1513.0,1530.0,1547.0,1564.0,1581.0,1598.0,1615.0,1632.0,1649.0,1666.0,1683.0,1700.0,1717.0,1734.0,1751.0
18.0,18.0,36.0,54.0,72.0,90.0,108.0,126.0,144.0,162.0,180.0,198.0,216.0,234.0,252.0,270.0,288.0,306.0,324.0,342.0,360.0,378.0,396.0,414.0,432.0,450.0,468.0,486.0,504.0,522.0,540.0,558.0,576.0,594.0,612.0,630.0,648.0,666.0,684.0,702.0,720.0,738.0,756.0,774.0,792.0,810.0,828.0,846.0,864.0,882.0,900.0,918.0,936.0,954.0,972.0,990.0,1008.0,1026.0,1044.0,1062.0,1080.0,1098.0,1116.0,1134.0,1152.0,1170.0,1188.0,1206.0,1224.0,1242.0,1260.0,1278.0,1296.0,1314.0,1332.0,1350.0,1368.0,1386.0,1404.0,1422.0,1440.0,1458.0,1476.0,1494.0,1512.0,1530.0,1548.0,1566.0,1584.0,1602.0,1620.0,1638.0,1656.0,1674.0,1692.0,1710.0,1728.0,1746.0,1764.0,1782.0,1800.0,1818.0,1836.0,1854.0
19.0,19.0,38.0,57.0,76.0,95.0,114.0,133.0,152.0,171.0,190.0,209.0,228.0,247.0,266.0,285.0,304.0,323.0,342.0,361.0,380.0,399.0,418.0,437.0,456.0,475.0,494.0,513.0,532.0,551.0,570.0,589.0,608.0,627.0,646.0,665.0,684.0,703.0,722.0,741.0,760.0,779.0,798.0,817.0,836.0,855.0,874.0,893.0,912.0,931.0,950.0,969.0,988.0,1007.0,1026.0,1045.0,1064.0,1083.0,1102.0,1121.0,1140.0,1159.0,1178.0,1197.0,1216.0,1235.0,1254.0,1273.0,1292.0,1311.0,1330.0,1349.0,1368.0,1387.0,1406.0,1425.0,1444.0,1463.0,1482.0,1501.0,1520.0,1539.0,1558.0,1577.0,1596.0,1615.0,1634.0,1653.0,1672.0,1691.0,1710.0,1729.0,1748.0,1767.0,1786.0,1805.0,1824.0,1843.0,1862.0,1881.0,1900.0,1919.0,1938.0,1957.0
20.0,20.0,40.0,60.0,80.0,100.0,120.0,140.0,160.0,180.0,200.0,220.0,240.0,260.0,280.0,300.0,320.0,340.0,360.0,380.0,400.0,420.0,440.0,460.0,480.0,500.0,520.0,540.0,560.0,580.0,600.0,620.0,640.0,660.0,680.0,700.0,720.0,740.0,760.0,780.0,800.0,820.0,840.0,860.0,880.0,900.0,920.0,940.0,960.0,980.0,1000.0,1020.0,1040.0,1060.0,1080.0,1100.0,1120.0,1140.0,1160.0,1180.0,1200.0,1220.0,1240.0,1260.0,1280.0,1300.0,1320.0,1340.0,1360.0,1380.0,1400.0,1420.0,1440.0,1460.0,1480.0,1500.0,1520.0,1540.0,1560.0,1580.0,1600.0,1620.0,1640.0,1660.0,1680.0,1700.0,1720.0,1740.0,1760.0,1780.0,1800.0,1820.0,1840.0,1860.0,1880.0,1900.0,1920.0,1940.0,1960.0,1980.0,2000.0,2020.0,2040.0,2060.0
21.0,21.0,42.0,63.0,84.0,105.0,126.0,147.0,168.0,189.0,210.0,231.0,252.0,273.0,294.0,315.0,336.0,357.0,378.0,399.0,420.0,441.0,462.0,483.0,504.0,525.0,546.0,567.0,588.0,609.0,630.0,651.0,672.0,693.0,714.0,735.0,756.0,777.0,798.0,819.0,840.0,861.0,882.0,903.0,924.0,945.0,966.0,987.0,1008.0,1029.0,1050.0,1071.0,1092.0,1113.0,1134.0,1155.0,1176.0,1197.0,1218.0,1239.0,1260.0,1281.0,1302.0,1323.0,1344.0,1365.0,1386.0,1407.0,1428.0,1449.0,1470.0,1491.0,1512.0,1533.0,1554.0,1575.0,1596.0,1617.0,1638.0,1659.0,1680.0,1701.0,1722.0,1743.0,1764.0,1785.0,1806.0,1827.0,1848.0,1869.0,1890.0,1911.0,1932.0,1953.0,1974.0,1995.0,2016.0,2037.0,2058.0,2079.0,2100.0,2121.0,2142.0,2163.0
22.0,22.0,44.0,66.0,88.0,110.0,132.0,154.0,176.0,198.0,220.0,242.0,264.0,286.0,308.0,330.0,352.0,374.0,396.0,418.0,440.0,462.0,484.0,506.0,528.0,550.0,572.0,594.0,616.0,638.0,660.0,682.0,704.0,726.0,748.0,770.0,792.0,814.0,836.0,858.0,880.0,902.0,924.0,946.0,968.0,990.0,1012.0,1034.0,1056.0,1078.0,1100.0,1122.0,1144.0,1166.0,1188.0,1210.0,1232.0,1254.0,1276.0,1298.0,1320.0,1342.0,1364.0,1386.0,1408.0,1430.0,1452.0,1474.0,1496.0,1518.0,1540.0,1562.0,1584.0,1606.0,1628.0,1650.0,1672.0,1694.0,1716.0,1738.0,1760.0,1782.0,1804.0,1826.0,1848.0,1870.0,1892.0,1914.0,1936.0,1958.0,1980.0,2002.0,2024.0,2046.0,2068.0,2090.0,2112.0,2134.0,2156.0,2178.0,2200.0,2222.0,2244.0,2266.0
23.0,23.0,46.0,69.0,92.0,115.0,138.0,161.0,184.0,207.0,230.0,253.0,276.0,299.0,322.0,345.0,368.0,391.0,414.0,437.0,460.0,483.0,506.0,529.0,552.0,575.0,598.0,621.0,644.0,667.0,690.0,713.0,736.0,759.0,782.0,805.0,828.0,851.0,874.0,897.0,920.0,943.0,966.0,989.0,1012.0,1035.0,1058.0,1081.0,1104.0,1127.0,1150.0,1173.0,1196.0,1219.0,1242.0,1265.0,1288.0,1311.0,1334.0,1357.0,1380.0,1403.0,1426.0,1449.0,1472.0,1495.0,1518.0,1541.0,1564.0,1587.0,1610.0,1633.0,1656.0,1679.0,1702.0,1725.0,1748.0,1771.0,1794.0,1817.0,1840.0,1863.0,1886.0,1909.0,1932.0,1955.0,1978.0,2001.0,2024.0,2047.0,2070.0,2093.0,2116.0,2139.0,2162.0,2185.0,2208.0,2231.0,2254.0,2277.0,2300.0,2323.0,2346.0,2369.0
24.0,24.0,48.0,72.0,96.0,120.0,144.0,168.0,192.0,216.0,240.0,264.0,288.0,312.0,336.0,360.0,384.0,408.0,432.0,456.0,480.0,504.0,528.0,552.0,576.0,600.0,624.0,648.0,672.0,696.0,720.0,744.0,768.0,792.0,816.0,840.0,864.0,888.0,912.0,936.0,960.0,984.0,1008.0,1032.0,1056.0,1080.0,1104.0,1128.0,1152.0,1176.0,1200.0,1224.0,1248.0,1272.0,1296.0,1320.0,1344.0,1368.0,1392.0,1416.0,1440.0,1464.0,1488.0,1512.0,1536.0,1560.0,1584.0,1608.0,1632.0,1656.0,1680.0,1704.0,1728.0,1752.0,1776.0,1800.0,1824.0,1848.0,1872.0,1896.0,1920.0,1944.0,1968.0,1992.0,2016.0,2040.0,2064.0,2088.0,2112.0,2136.0,2160.0,2184.0,2208.0,2232.0,2256.0,2280.0,2304.0,2328.0,2352.0,2376.0,2400.0,2424.0,2448.0,2472.0
25.0,25.0,50.0,75.0,100.0,125.0,150.0,175.0,200.0,225.0,250.0,275.0,300.0,325.0,350.0,375.0,400.0,425.0,450.0,475.0,500.0,525.0,550.0,575.0,600.0,625.0,650.0,675.0,700.0,725.0,750.0,775.0,800.0,825.0,850.0,875.0,900.0,925.0,950.0,975.0,1000.0,1025.0,1050.0,1075.0,1100.0,1125.0,1150.0,1175.0,1200.0,1225.0,1250.0,1275.0,1300.0,1325.0,1350.0,1375.0,1400.0,1425.0,1450.0,1475.0,1500.0,1525.0,1550.0,1575.0,1600.0,1625.0,1650.0,1675.0,1700.0,1725.0,1750.0,1775.0,1800.0,1825.0,1850.0,1875.0,1900.0,1925.0,1950.0,1975.0,2000.0,2025.0,2050.0,2075.0,2100.0,2125.0,2150.0,2175.0,2200.0,2225.0,2250.0,2275.0,2300.0,2325.0,2350.0,2375.0,2400.0,2425.0,2450.0,2475.0,2500.0,2525.0,2550.0,2575.0
26.0,26.0,52.0,78.0,104.0,130.0,156.0,182.0,208.0,234.0,260.0,286.0,312.0,338.0,364.0,390.0,416.0,442.0,468.0,494.0,520.0,546.0,572.0,598.0,624.0,650.0,676.0,702.0,728.0,754.0,780.0,806.0,832.0,858.0,884.0,910.0,936.0,962.0,988.0,1014.0,1040.0,1066.0,1092.0,1118.0,1144.0,1170.0,1196.0,1222.0,1248.0,1274.0,1300.0,1326.0,1352.0,1378.0,1404.0,1430.0,1456.0,1482.0,1508.0,1534.0,1560.0,1586.0,1612.0,1638.0,1664.0,1690.0,1716.0,1742.0,1768.0,1794.0,1820.0,1846.0,1872.0,1898.0,1924.0,1950.0,1976.0,2002.0,2028.0,2054.0,2080.0,2106.0,2132.0,2158.0,2184.0,2210.0,2236.0,2262.0,2288.0,2314.0,2340.0,2366.0,2392.0,2418.0,2444.0,2470.0,2496.0,2522.0,2548.0,2574.0,2600.0,2626.0,2652.0,2678.0
27.0,27.0,54.0,81.0,108.0,135.0,162.0,189.0,216.0,243.0,270.0,297.0,324.0,351.0,378.0,405.0,432.0,459.0,486.0,513.0,540.0,567.0,594.0,621.0,648.0,675.0,702.0,729.0,756.0,783.0,810.0,837.0,864.0,891.0,918.0,945.0,972.0,999.0,1026.0,1053.0,1080.0,1107.0,1134.0,1161.0,1188.0,1215.0,1242.0,1269.0,1296.0,1323.0,1350.0,1377.0,1404.0,1431.0,1458.0,1485.0,1512.0,1539.0,1566.0,1593.0,1620.0,1647.0,1674.0,1701.0,1728.0,1755.0,1782.0,1809.0,1836.0,1863.0,1890.0,1917.0,1944.0,1971.0,1998.0,2025.0,2052.0,2079.0,2106.0,2133.0,2160.0,2187.0,2214.0,2241.0,2268.0,2295.0,2322.0,2349.0,2376.0,2403.0,2430.0,2457.0,2484.0,2511.0,2538.0,2565.0,2592.0,2619.0,2646.0,2673.0,2700.0,2727.0,2754.0,2781.0
28.0,28.0,56.0,84.0,112.0,140.0,168.0,196.0,224.0,252.0,280.0,308.0,336.0,364.0,392.0,420.0,448.0,476.0,504.0,532.0,560.0,588.0,616.0,644.0,672.0,700.0,728.0,756.0,784.0,812.0,840.0,868.0,896.0,924.0,952.0,980.0,1008.0,1036.0,1064.0,1092.0,1120.0,1148.0,1176.0,1204.0,1232.0,1260.0,1288.0,1316.0,1344.0,1372.0,1400.0,1428.0,1456.0,1484.0,1512.0,1540.0,1568.0,1596.0,1624.0,1652.0,1680.0,1708.0,1736.0,1764.0,1792.0,1820.0,1848.0,1876.0,1904.0,1932.0,1960.0,1988.0,2016.0,2044.0,2072.0,2100.0,2128.0,2156.0,2184.0,2212.0,2240.0,2268.0,2296.0,2324.0,2352.0,2380.0,2408.0,2436.0,2464.0,2492.0,2520.0,2548.0,2576.0,2604.0,2632.0,2660.0,2688.0,2716.0,2744.0,2772.0,2800.0,2828.0,2856.0,2884.0
29.0,29.0,58.0,87.0,116.0,145.0,174.0,203.0,232.0,261.0,290.0,319.0,348.0,377.0,406.0,435.0,464.0,493.0,522.0,551.0,580.0,609.0,638.0,667.0,696.0,725.0,754.0,783.0,812.0,841.0,870.0,899.0,928.0,957.0,986.0,1015.0,1044.0,1073.0,1102.0,1131.0,1160.0,1189.0,1218.0,1247.0,1276.0,1305.0,1334.0,1363.0,1392.0,1421.0,1450.0,1479.0,1508.0,1537.0,1566.0,1595.0,1624.0,1653.0,1682.0,1711.0,1740.0,1769.0,1798.0,1827.0,1856.0,1885.0,1914.0,1943.0,1972.0,2001.0,2030.0,2059.0,2088.0,2117.0,2146.0,2175.0,2204.0,2233.0,2262.0,2291.0,2320.0,2349.0,2378.0,2407.0,2436.0,2465.0,2494.0,2523.0,2552.0,2581.0,2610.0,2639.0,2668.0,2697.0,2726.0,2755.0,2784.0,2813.0,2842.0,2871.0,2900.0,2929.0,2958.0,2987.0
30.0,30.0,60.0,90.0,120.0,150.0,180.0,210.0,240.0,270.0,300.0,330.0,360.0,390.0,420.0,450.0,480.0,510.0,540.0,570.0,600.0,630.0,660.0,690.0,720.0,750.0,780.0,810.0,840.0,870.0,900.0,930.0,960.0,990.0,1020.0,1050.0,1080.0,1110.0,1140.0,1170.0,1200.0,1230.0,1260.0,1290.0,1320.0,1350.0,1380.0,1410.0,1440.0,1470.0,1500.0,1530.0,1560.0,1590.0,1620.0,1650.0,1680.0,1710.0,1740.0,1770.0,1800.0,1830.0,1860.0,1890.0,1920.0,1950.0,1980.0,2010.0,2040.0,2070.0,2100.0,2130.0,2160.0,2190.0,2220.0,2250.0,2280.0,2310.0,2340.0,2370.0,2400.0,2430.0,2460.0,2490.0,2520.0,2550.0,2580.0,2610.0,2640.0,2670.0,2700.0,2730.0,2760.0,2790.0,2820.0,2850.0,2880.0,2910.0,2940.0,2970.0,3000.0,3030.0,3060.0,3090.0
31.0,31.0,62.0,93.0,124.0,155.0,186.0,217.0,248.0,279.0,310.0,341.0,372.0,403.0,434.0,465.0,496.0,527.0,558.0,589.0,620.0,651.0,682.0,713.0,744.0,775.0,806.0,837.0,868.0,899.0,930.0,961.0,992.0,1023.0,1054.0,1085.0,1116.0,1147.0,1178.0,1209.0,1240.0,1271.0,1302.0,1333.0,1364.0,1395.0,1426.0,1457.0,1488.0,1519.0,1550.0,1581.0,1612.0,1643.0,1674.0,1705.0,1736.0,1767.0,1798.0,1829.0,1860.0,1891.0,1922.0,1953.0,1984.0,2015.0,2046.0,2077.0,2108.0,2139.0,2170.0,2201.0,2232.0,2263.0,2294.0,2325.0,2356.0,2387.0,2418.0,2449.0,2480.0,2511.0,2542.0,2573.0,2604.0,2635.0,2666.0,2697.0,2728.0,2759.0,2790.0,2821.0,2852.0,2883.0,2914.0,2945.0,2976.0,3007.0,3038.0,3069.0,3100.0,3131.0,3162.0,3193.0
32.0,32.0,64.0,96.0,128.0,160.0,192.0,224.0,256.0,288.0,320.0,352.0,384.0,416.0,448.0,480.0,512.0,544.0,576.0,608.0,640.0,672.0,704.0,736.0,768.0,800.0,832.0,864.0,896.0,928.0,960.0,992.0,1024.0,1056.0,1088.0,1120.0,1152.0,1184.0,1216.0,1248.0,1280.0,1312.0,1344.0,1376.0,1408.0,1440.0,1472.0,1504.0,1536.0,1568.0,1600.0,1632.0,1664.0,1696.0,1728.0,1760.0,1792.0,1824.0,1856.0,1888.0,1920.0,1952.0,1984.0,2016.0,2048.0,2080.0,2112.0,2144.0,2176.0,2208.0,2240.0,2272.0,2304.0,2336.0,2368.0,2400.0,2432.0,2464.0,2496.0,2528.0,2560.0,2592.0,2624.0,2656.0,2688.0,2720.0,2752.0,2784.0,2816.0,2848.0,2880.0,2912.0,2944.0,2976.0,3008.0,3040.0,3072.0,3104.0,3136.0,3168.0,3200.0,3232.0,3264.0,3296.0
33.0,33.0,66.0,99.0,132.0,165.0,198.0,231.0,264.0,297.0,330.0,363.0,396.0,429.0,462.0,495.0,528.0,561.0,594.0,627.0,660.0,693.0,726.0,759.0,792.0,825.0,858.0,891.0,924.0,957.0,990.0,1023.0,1056.0,1089.0,1122.0,1155.0,1188.0,1221.0,1254.0,1287.0,1320.0,1353.0,1386.0,1419.0,1452.0,1485.0,1518.0,1551.0,1584.0,1617.0,1650.0,1683.0,1716.0,1749.0,1782.0,1815.0,1848.0,1881.0,1914.0,1947.0,1980.0,2013.0,2046.0,2079.0,2112.0,2145.0,2178.0,2211.0,2244.0,2277.0,2310.0,2343.0,2376.0,2409.0,2442.0,2475.0,2508.0,2541.0,2574.0,2607.0,2640.0,2673.0,2706.0,2739.0,2772.0,2805.0,2838.0,2871.0,2904.0,2937.0,2970.0,3003.0,3036.0,3069.0,3102.0,3135.0,3168.0,3201.0,3234.0,3267.0,3300.0,3333.0,3366.0,3399.0
34.0,34.0,68.0,102.0,136.0,170.0,204.0,238.0,272.0,306.0,340.0,374.0,408.0,442.0,476.0,510.0,544.0,578.0,612.0,646.0,680.0,714.0,748.0,782.0,816.0,850.0,884.0,918.0,952.0,986.0,1020.0,1054.0,1088.0,1122.0,1156.0,1190.0,1224.0,1258.0,1292.0,1326.0,1360.0,1394.0,1428.0,1462.0,1496.0,1530.0,1564.0,1598.0,1632.0,1666.0,1700.0,1734.0,1768.0,1802.0,1836.0,1870.0,1904.0,1938.0,1972.0,2006.0,2040.0,2074.0,2108.0,2142.0,2176.0,2210.0,2244.0,2278.0,2312.0,2346.0,2380.0,2414.0,2448.0,2482.0,2516.0,2550.0,2584.0,2618.0,2652.0,2686.0,2720.0,2754.0,2788.0,2822.0,2856.0,2890.0,2924.0,2958.0,2992.0,3026.0,3060.0,3094.0,3128.0,3162.0,3196.0,3230.0,3264.0,3298.0,3332.0,3366.0,3400.0,3434.0,3468.0,3502.0
35.0,35.0,70.0,105.0,140.0,175.0,210.0,245.0,280.0,315.0,350.0,385.0,420.0,455.0,490.0,525.0,560.0,595.0,630.0,665.0,700.0,735.0,770.0,805.0,840.0,875.0,910.0,945.0,980.0,1015.0,1050.0,1085.0,1120.0,1155.0,1190.0,1225.0,1260.0,1295.0,1330.0,1365.0,1400.0,1435.0,1470.0,1505.0,1540.0,1575.0,1610.0,1645.0,1680.0,1715.0,1750.0,1785.0,1820.0,1855.0,1890.0,1925.0,1960.0,1995.0,2030.0,2065.0,2100.0,2135.0,2170.0,2205.0,2240.0,2275.0,2310.0,2345.0,2380.0,2415.0,2450.0,2485.0,2520.0,2555.0,2590.0,2625.0,2660.0,2695.0,2730.0,2765.0,2800.0,2835.0,2870.0,2905.0,2940.0,2975.0,3010.0,3045.0,3080.0,3115.0,3150.0,3185.0,3220.0,3255.0,3290.0,3325.0,3360.0,3395.0,3430.0,3465.0,3500.0,3535.0,3570.0,3605.0
36.0,36.0,72.0,108.0,144.0,180.0,216.0,252.0,288.0,324.0,360.0,396.0,432.0,468.0,504.0,540.0,576.0,612.0,648.0,684.0,720.0,756.0,792.0,828.0,864.0,900.0,936.0,972.0,1008.0,1044.0,1080.0,1116.0,1152.0,1188.0,1224.0,1260.0,1296.0,1332.0,1368.0,1404.0,1440.0,1476.0,1512.0,1548.0,1584.0,1620.0,1656.0,1692.0,1728.0,1764.0,1800.0,1836.0,1872.0,1908.0,1944.0,1980.0,2016.0,2052.0,2088.0,2124.0,2160.0,2196.0,2232.0,2268.0,2304.0,2340.0,2376.0,2412.0,2448.0,2484.0,2520.0,2556.0,2592.0,2628.0,2664.0,2700.0,2736.0,2772.0,2808.0,2844.0,2880.0,2916.0,2952.0,2988.0,3024.0,3060.0,3096.0,3132.0,3168.0,3204.0,3240.0,3276.0,3312.0,3348.0,3384.0,3420.0,3456.0,3492.0,3528.0,3564.0,3600.0,3636.0,3672.0,3708.0
37.0,37.0,74.0,111.0,148.0,185.0,222.0,259.0,296.0,333.0,370.0,407.0,444.0,481.0,518.0,555.0,592.0,629.0,666.0,703.0,740.0,777.0,814.0,851.0,888.0,925.0,962.0,999.0,1036.0,1073.0,1110.0,1147.0,1184.0,1221.0,1258.0,1295.0,1332.0,1369.0,1406.0,1443.0,1480.0,1517.0,1554.0,1591.0,1628.0,1665.0,1702.0,1739.0,1776.0,1813.0,1850.0,1887.0,1924.0,1961.0,1998.0,2035.0,2072.0,2109.0,2146.0,2183.0,2220.0,2257.0,2294.0,2331.0,2368.0,2405.0,2442.0,2479.0,2516.0,2553.0,2590.0,2627.0,2664.0,2701.0,2738.0,2775.0,2812.0,2849.0,2886.0,2923.0,2960.0,2997.0,3034.0,3071.0,3108.0,3145.0,3182.0,3219.0,3256.0,3293.0,3330.0,3367.0,3404.0,3441.0,3478.0,3515.0,3552.0,3589.0,3626.0,3663.0,3700.0,3737.0,3774.0,3811.0
38.0,38.0,76.0,114.0,152.0,190.0,228.0,266.0,304.0,342.0,380.0,418.0,456.0,494.0,532.0,570.0,608.0,646.0,684.0,722.0,760.0,798.0,836.0,874.0,912.0,950.0,988.0,1026.0,1064.0,1102.0,1140.0,1178.0,1216.0,1254.0,1292.0,1330.0,1368.0,1406.0,1444.0,1482.0,1520.0,1558.0,1596.0,1634.0,1672.0,1710.0,1748.0,1786.0,1824.0,1862.0,1900.0,1938.0,1976.0,2014.0,2052.0,2090.0,2128.0,2166.0,2204.0,2242.0,2280.0,2318.0,2356.0,2394.0,2432.0,2470.0,2508.0,2546.0,2584.0,2622.0,2660.0,2698.0,2736.0,2774.0,2812.0,2850.0,2888.0,2926.0,2964.0,3002.0,3040.0,3078.0,3116.0,3154.0,3192.0,3230.0,3268.0,3306.0,3344.0,3382.0,3420.0,3458.0,3496.0,3534.0,3572.0,3610.0,3648.0,3686.0,3724.0,3762.0,3800.0,3838.0,3876.0,3914.0
39.0,39.0,78.0,117.0,156.0,195.0,234.0,273.0,312.0,351.0,390.0,429.0,468.0,507.0,546.0,585.0,624.0,663.0,702.0,741.0,780.0,819.0,858.0,897.0,936.0,975.0,1014.0,1053.0,1092.0,1131.0,1170.0,1209.0,1248.0,1287.0,1326.0,1365.0,1404.0,1443.0,1482.0,1521.0,1560.0,1599.0,1638.0,1677.0,1716.0,1755.0,1794.0,1833.0,1872.0,1911.0,1950.0,1989.0,2028.0,2067.0,2106.0,2145.0,2184.0,2223.0,2262.0,2301.0,2340.0,2379.0,2418.0,2457.0,2496.0,2535.0,2574.0,2613.0,2652.0,2691.0,2730.0,2769.0,2808.0,2847.0,2886.0,2925.0,2964.0,3003.0,3042.0,3081.0,3120.0,3159.0,3198.0,3237.0,3276.0,3315.0,3354.0,3393.0,3432.0,3471.0,3510.0,3549.0,3588.0,3627.0,3666.0,3705.0,3744.0,3783.0,3822.0,3861.0,3900.0,3939.0,3978.0,4017.0
40.0,40.0,80.0,120.0,160.0,200.0,240.0,280.0,320.0,360.0,400.0,440.0,480.0,520.0,560.0,600.0,640.0,680.0,720.0,760.0,800.0,840.0,880.0,920.0,960.0,1000.0,1040.0,1080.0,1120.0,1160.0,1200.0,1240.0,1280.0,1320.0,1360.0,1400.0,1440.0,1480.0,1520.0,1560.0,1600.0,1640.0,1680.0,1720.0,1760.0,1800.0,1840.0,1880.0,1920.0,1960.0,2000.0,2040.0,2080.0,2120.0,2160.0,2200.0,2240.0,2280.0,2320.0,2360.0,2400.0,2440.0,2480.0,2520.0,2560.0,2600.0,2640.0,2680.0,2720.0,2760.0,2800.0,2840.0,2880.0,2920.0,2960.0,3000.0,3040.0,3080.0,3120.0,3160.0,3200.0,3240.0,3280.0,3320.0,3360.0,3400.0,3440.0,3480.0,3520.0,3560.0,3600.0,3640.0,3680.0,3720.0,3760.0,3800.0,3840.0,3880.0,3920.0,3960.0,4000.0,4040.0,4080.0,4120.0
41.0,41.0,82.0,123.0,164.0,205.0,246.0,287.0,328.0,369.0,410.0,451.0,492.0,533.0,574.0,615.0,656.0,697.0,738.0,779.0,820.0,861.0,902.0,943.0,984.0,1025.0,1066.0,1107.0,1148.0,1189.0,1230.0,1271.0,1312.0,1353.0,1394.0,1435.0,1476.0,1517.0,1558.0,1599.0,1640.0,1681.0,1722.0,1763.0,1804.0,1845.0,1886.0,1927.0,1968.0,2009.0,2050.0,2091.0,2132.0,2173.0,2214.0,2255.0,2296.0,2337.0,2378.0,2419.0,2460.0,2501.0,2542.0,2583.0,2624.0,2665.0,2706.0,2747.0,2788.0,2829.0,2870.0,2911.0,2952.0,2993.0,3034.0,3075.0,3116.0,3157.0,3198.0,3239.0,3280.0,3321.0,3362.0,3403.0,3444.0,3485.0,3526.0,3567.0,3608.0,3649.0,3690.0,3731.0,3772.0,3813.0,3854.0,3895.0,3936.0,3977.0,4018.0,4059.0,4100.0,4141.0,4182.0,4223.0
42.0,42.0,84.0,126.0,168.0,210.0,252.0,294.0,336.0,378.0,420.0,462.0,504.0,546.0,588.0,630.0,672.0,714.0,756.0,798.0,840.0,882.0,924.0,966.0,1008.0,1050.0,1092.0,1134.0,1176.0,1218.0,1260.0,1302.0,1344.0,1386.0,1428.0,1470.0,1512.0,1554.0,1596.0,1638.0,1680.0,1722.0,1764.0,1806.0,1848.0,1890.0,1932.0,1974.0,2016.0,2058.0,2100.0,2142.0,2184.0,2226.0,2268.0,2310.0,2352.0,2394.0,2436.0,2478.0,2520.0,2562.0,2604.0,2646.0,2688.0,2730.0,2772.0,2814.0,2856.0,2898.0,2940.0,2982.0,3024.0,3066.0,3108.0,3150.0,3192.0,3234.0,3276.0,3318.0,3360.0,3402.0,3444.0,3486.0,3528.0,3570.0,3612.0,3654.0,3696.0,3738.0,3780.0,3822.0,3864.0,3906.0,3948.0,3990.0,4032.0,4074.0,4116.0,4158.0,4200.0,4242.0,4284.0,4326.0
43.0,43.0,86.0,129.0,172.0,215.0,258.0,301.0,344.0,387.0,430.0,473.0,516.0,559.0,602.0,645.0,688.0,731.0,774.0,817.0,860.0,903.0,946.0,989.0,1032.0,1075.0,1118.0,1161.0,1204.0,1247.0,1290.0,1333.0,1376.0,1419.0,1462.0,1505.0,1548.0,1591.0,1634.0,1677.0,1720.0,1763.0,1806.0,1849.0,1892.0,1935.0,1978.0,2021.0,2064.0,2107.0,2150.0,2193.0,2236.0,2279.0,2322.0,2365.0,2408.0,2451.0,2494.0,2537.0,2580.0,2623.0,2666.0,2709.0,2752.0,2795.0,2838.0,2881.0,2924.0,2967.0,3010.0,3053.0,3096.0,3139.0,3182.0,3225.0,3268.0,3311.0,3354.0,3397.0,3440.0,3483.0,3526.0,3569.0,3612.0,3655.0,3698.0,3741.0,3784.0,3827.0,3870.0,3913.0,3956.0,3999.0,4042.0,4085.0,4128.0,4171.0,4214.0,4257.0,4300.0,4343.0,4386.0,4429.0
44.0,44.0,88.0,132.0,176.0,220.0,264.0,308.0,352.0,396.0,440.0,484.0,528.0,572.0,616.0,660.0,704.0,748.0,792.0,836.0,880.0,924.0,968.0,1012.0,1056.0,1100.0,1144.0,1188.0,1232.0,1276.0,1320.0,1364.0,1408.0,1452.0,1496.0,1540.0,1584.0,1628.0,1672.0,1716.0,1760.0,1804.0,1848.0,1892.0,1936.0,1980.0,2024.0,2068.0,2112.0,2156.0,2200.0,2244.0,2288.0,2332.0,2376.0,2420.0,2464.0,2508.0,2552.0,2596.0,2640.0,2684.0,2728.0,2772.0,2816.0,2860.0,2904.0,2948.0,2992.0,3036.0,3080.0,3124.0,3168.0,3212.0,3256.0,3300.0,3344.0,3388.0,3432.0,3476.0,3520.0,3564.0,3608.0,3652.0,3696.0,3740.0,3784.0,3828.0,3872.0,3916.0,3960.0,4004.0,4048.0,4092.0,4136.0,4180.0,4224.0,4268.0,4312.0,4356.0,4400.0,4444.0,4488.0,4532.0
45.0,45.0,90.0,135.0,180.0,225.0,270.0,315.0,360.0,405.0,450.0,495.0,540.0,585.0,630.0,675.0,720.0,765.0,810.0,855.0,900.0,945.0,990.0,1035.0,1080.0,1125.0,1170.0,1215.0,1260.0,1305.0,1350.0,1395.0,1440.0,1485.0,1530.0,1575.0,1620.0,1665.0,1710.0,1755.0,1800.0,1845.0,1890.0,1935.0,1980.0,2025.0,2070.0,2115.0,2160.0,2205.0,2250.0,2295.0,2340.0,2385.0,2430.0,2475.0,2520.0,2565.0,2610.0,2655.0,2700.0,2745.0,2790.0,2835.0,2880.0,2925.0,2970.0,3015.0,3060.0,3105.0,3150.0,3195.0,3240.0,3285.0,3330.0,3375.0,3420.0,3465.0,3510.0,3555.0,3600.0,3645.0,3690.0,3735.0,3780.0,3825.0,3870.0,3915.0,3960.0,4005.0,4050.0,4095.0,4140.0,4185.0,4230.0,4275.0,4320.0,4365.0,4410.0,4455.0,4500.0,4545.0,4590.0,4635.0
46.0,46.0,92.0,138.0,184.0,230.0,276.0,322.0,368.0,414.0,460.0,506.0,552.0,598.0,644.0,690.0,736.0,782.0,828.0,874.0,920.0,966.0,1012.0,1058.0,1104.0,1150.0,1196.0,1242.0,1288.0,1334.0,1380.0,1426.0,1472.0,1518.0,1564.0,1610.0,1656.0,1702.0,1748.0,1794.0,1840.0,1886.0,1932.0,1978.0,2024.0,2070.0,2116.0,2162.0,2208.0,2254.0,2300.0,2346.0,2392.0,2438.0,2484.0,2530.0,2576.0,2622.0,2668.0,2714.0,2760.0,2806.0,2852.0,2898.0,2944.0,2990.0,3036.0,3082.0,3128.0,3174.0,3220.0,3266.0,3312.0,3358.0,3404.0,3450.0,3496.0,3542.0,3588.0,3634.0,3680.0,3726.0,3772.0,3818.0,3864.0,3910.0,3956.0,4002.0,4048.0,4094.0,4140.0,4186.0,4232.0,4278.0,4324.0,4370.0,4416.0,4462.0,4508.0,4554.0,4600.0,4646.0,4692.0,4738.0
47.0,47.0,94.0,141.0,188.0,235.0,282.0,329.0,376.0,423.0,470.0,517.0,564.0,611.0,658.0,705.0,752.0,799.0,846.0,893.0,940.0,987.0,1034.0,1081.0,1128.0,1175.0,1222.0,1269.0,1316.0,1363.0,1410.0,1457.0,1504.0,1551.0,1598.0,1645.0,1692.0,1739.0,1786.0,1833.0,1880.0,1927.0,1974.0,2021.0,2068.0,2115.0,2162.0,2209.0,2256.0,2303.0,2350.0,2397.0,2444.0,2491.0,2538.0,2585.0,2632.0,2679.0,2726.0,2773.0,2820.0,2867.0,2914.0,2961.0,3008.0,3055.0,3102.0,3149.0,3196.0,3243.0,3290.0,3337.0,3384.0,3431.0,3478.0,3525.0,3572.0,3619.0,3666.0,3713.0,3760.0,3807.0,3854.0,3901.0,3948.0,3995.0,4042.0,4089.0,4136.0,4183.0,4230.0,4277.0,4324.0,4371.0,4418.0,4465.0,4512.0,4559.0,4606.0,4653.0,4700.0,4747.0,4794.0,4841.0
48.0,48.0,96.0,144.0,192.0,240.0,288.0,336.0,384.0,432.0,480.0,528.0,576.0,624.0,672.0,720.0,768.0,816.0,864.0,912.0,960.0,1008.0,1056.0,1104.0,1152.0,1200.0,1248.0,1296.0,1344.0,1392.0,1440.0,1488.0,1536.0,1584.0,1632.0,1680.0,1728.0,1776.0,1824.0,1872.0,1920.0,1968.0,2016.0,2064.0,2112.0,2160.0,2208.0,2256.0,2304.0,2352.0,2400.0,2448.0,2496.0,2544.0,2592.0,2640.0,2688.0,2736.0,2784.0,2832.0,2880.0,2928.0,2976.0,3024.0,3072.0,3120.0,3168.0,3216.0,3264.0,3312.0,3360.0,3408.0,3456.0,3504.0,3552.0,3600.0,3648.0,3696.0,3744.0,3792.0,3840.0,3888.0,3936.0,3984.0,4032.0,4080.0,4128.0,4176.0,4224.0,4272.0,4320.0,4368.0,4416.0,4464.0,4512.0,4560.0,4608.0,4656.0,4704.0,4752.0,4800.0,4848.0,4896.0,4944.0
49.0,49.0,98.0,147.0,196.0,245.0,294.0,343.0,392.0,441.0,490.0,539.0,588.0,637.0,686.0,735.0,784.0,833.0,882.0,931.0,980.0,1029.0,1078.0,1127.0,1176.0,1225.0,1274.0,1323.0,1372.0,1421.0,1470.0,1519.0,1568.0,1617.0,1666.0,1715.0,1764.0,1813.0,1862.0,1911.0,1960.0,2009.0,2058.0,2107.0,2156.0,2205.0,2254.0,2303.0,2352.0,2401.0,2450.0,2499.0,2548.0,2597.0,2646.0,2695.0,2744.0,2793.0,2842.0,2891.0,2940.0,2989.0,3038.0,3087.0,3136.0,3185.0,3234.0,3283.0,3332.0,3381.0,3430.0,3479.0,3528.0,3577.0,3626.0,3675.0,3724.0,3773.0,3822.0,3871.0,3920.0,3969.0,4018.0,4067.0,4116.0,4165.0,4214.0,4263.0,4312.0,4361.0,4410.0,4459.0,4508.0,4557.0,4606.0,4655.0,4704.0,4753.0,4802.0,4851.0,4900.0,4949.0,4998.0,5047.0
50.0,50.0,100.0,150.0,200.0,250.0,300.0,350.0,400.0,450.0,500.0,550.0,600.0,650.0,700.0,750.0,800.0,850.0,900.0,950.0,1000.0,1050.0,1100.0,1150.0,1200.0,1250.0,1300.0,1350.0,1400.0,1450.0,1500.0,1550.0,1600.0,1650.0,1700.0,1750.0,1800.0,1850.0,1900.0,1950.0,2000.0,2050.0,2100.0,2150.0,2200.0,2250.0,2300.0,2350.0,2400.0,2450.0,2500.0,2550.0,2600.0,2650.0,2700.0,2750.0,2800.0,2850.0,2900.0,2950.0,3000.0,3050.0,3100.0,3150.0,3200.0,3250.0,3300.0,3350.0,3400.0,3450.0,3500.0,3550.0,3600.0,3650.0,3700.0,3750.0,3800.0,3850.0,3900.0,3950.0,4000.0,4050.0,4100.0,4150.0,4200.0,4250.0,4300.0,4350.0,4400.0,4450.0,4500.0,4550.0,4600.0,4650.0,4700.0,4750.0,4800.0,4850.0,4900.0,4950.0,5000.0,5050.0,5100.0,5150.0
51.0,51.0,102.0,153.0,204.0,255.0,306.0,357.0,408.0,459.0,510.0,561.0,612.0,663.0,714.0,765.0,816.0,867.0,918.0,969.0,1020.0,1071.0,1122.0,1173.0,1224.0,1275.0,1326.0,1377.0,1428.0,1479.0,1530.0,1581.0,1632.0,1683.0,1734.0,1785.0,1836.0,1887.0,1938.0,1989.0,2040.0,2091.0,2142.0,2193.0,2244.0,2295.0,2346.0,2397.0,2448.0,2499.0,2550.0,2601.0,2652.0,2703.0,2754.0,2805.0,2856.0,2907.0,2958.0,3009.0,3060.0,3111.0,3162.0,3213.0,3264.0,3315.0,3366.0,3417.0,3468.0,3519.0,3570.0,3621.0,3672.0,3723.0,3774.0,3825.0,3876.0,3927.0,3978.0,4029.0,4080.0,4131.0,4182.0,4233.0,4284.0,4335.0,4386.0,4437.0,4488.0,4539.0,4590.0,4641.0,4692.0,4743.0,4794.0,4845.0,4896.0,4947.0,4998.0,5049.0,5100.0,5151.0,5202.0,5253.0
52.0,52.0,104.0,156.0,208.0,260.0,312.0,364.0,416.0,468.0,520.0,572.0,624.0,676.0,728.0,780.0,832.0,884.0,936.0,988.0,1040.0,1092.0,1144.0,1196.0,1248.0,1300.0,1352.0,1404.0,1456.0,1508.0,1560.0,1612.0,1664.0,1716.0,1768.0,1820.0,1872.0,1924.0,1976.0,2028.0,2080.0,2132.0,2184.0,2236.0,2288.0,2340.0,2392.0,2444.0,2496.0,2548.0,2600.0,2652.0,2704.0,2756.0,2808.0,2860.0,2912.0,2964.0,3016.0,3068.0,3120.0,3172.0,3224.0,3276.0,3328.0,3380.0,3432.0,3484.0,3536.0,3588.0,3640.0,3692.0,3744.0,3796.0,3848.0,3900.0,3952.0,4004.0,4056.0,4108.0,4160.0,4212.0,4264.0,4316.0,4368.0,4420.0,4472.0,4524.0,4576.0,4628.0,4680.0,4732.0,4784.0,4836.0,4888.0,4940.0,4992.0,5044.0,5096.0,5148.0,5200.0,5252.0,5304.0,5356.0
53.0,53.0,106.0,159.0,212.0,265.0,318.0,371.0,424.0,477.0,530.0,583.0,636.0,689.0,742.0,795.0,848.0,901.0,954.0,1007.0,1060.0,1113.0,1166.0,1219.0,1272.0,1325.0,1378.0,1431.0,1484.0,1537.0,1590.0,1643.0,1696.0,1749.0,1802.0,1855.0,1908.0,1961.0,2014.0,2067.0,2120.0,2173.0,2226.0,2279.0,2332.0,2385.0,2438.0,2491.0,2544.0,2597.0,2650.0,2703.0,2756.0,2809.0,2862.0,2915.0,2968.0,3021.0,3074.0,3127.0,3180.0,3233.0,3286.0,3339.0,3392.0,3445.0,3498.0,3551.0,3604.0,3657.0,3710.0,3763.0,3816.0,3869.0,3922.0,3975.0,4028.0,4081.0,4134.0,4187.0,4240.0,4293.0,4346.0,4399.0,4452.0,4505.0,4558.0,4611.0,4664.0,4717.0,4770.0,4823.0,4876.0,4929.0,4982.0,5035.0,5088.0,5141.0,5194.0,5247.0,5300.0,5353.0,5406.0,5459.0
54.0,54.0,108.0,162.0,216.0,270.0,324.0,378.0,432.0,486.0,540.0,594.0,648.0,702.0,756.0,810.0,864.0,918.0,972.0,1026.0,1080.0,1134.0,1188.0,1242.0,1296.0,1350.0,1404.0,1458.0,1512.0,1566.0,1620.0,1674.0,1728.0,1782.0,1836.0,1890.0,1944.0,1998.0,2052.0,2106.0,2160.0,2214.0,2268.0,2322.0,2376.0,2430.0,2484.0,2538.0,2592.0,2646.0,2700.0,2754.0,2808.0,2862.0,2916.0,2970.0,3024.0,3078.0,3132.0,3186.0,3240.0,3294.0,3348.0,3402.0,3456.0,3510.0,3564.0,3618.0,3672.0,3726.0,3780.0,3834.0,3888.0,3942.0,3996.0,4050.0,4104.0,4158.0,4212.0,4266.0,4320.0,4374.0,4428.0,4482.0,4536.0,4590.0,4644.0,4698.0,4752.0,4806.0,4860.0,4914.0,4968.0,5022.0,5076.0,5130.0,5184.0,5238.0,5292.0,5346.0,5400.0,5454.0,5508.0,5562.0
55.0,55.0,110.0,165.0,220.0,275.0,330.0,385.0,440.0,495.0,550.0,605.0,660.0,715.0,770.0,825.0,880.0,935.0,990.0,1045.0,1100.0,1155.0,1210.0,1265.0,1320.0,1375.0,1430.0,1485.0,1540.0,1595.0,1650.0,1705.0,1760.0,1815.0,1870.0,1925.0,1980.0,2035.0,2090.0,2145.0,2200.0,2255.0,2310.0,2365.0,2420.0,2475.0,2530.0,2585.0,2640.0,2695.0,2750.0,2805.0,2860.0,2915.0,2970.0,3025.0,3080.0,3135.0,3190.0,3245.0,3300.0,3355.0,3410.0,3465.0,3520.0,3575.0,3630.0,3685.0,3740.0,3795.0,3850.0,3905.0,3960.0,4015.0,4070.0,4125.0,4180.0,4235.0,4290.0,4345.0,4400.0,4455.0,4510.0,4565.0,4620.0,4675.0,4730.0,4785.0,4840.0,4895.0,4950.0,5005.0,5060.0,5115.0,5170.0,5225.0,5280.0,5335.0,5390.0,5445.0,5500.0,5555.0,5610.0,5665.0
56.0,56.0,112.0,168.0,224.0,280.0,336.0,392.0,448.0,504.0,560.0,616.0,672.0,728.0,784.0,840.0,896.0,952.0,1008.0,1064.0,1120.0,1176.0,1232.0,1288.0,1344.0,1400.0,1456.0,1512.0,1568.0,1624.0,1680.0,1736.0,1792.0,1848.0,1904.0,1960.0,2016.0,2072.0,2128.0,2184.0,2240.0,2296.0,2352.0,2408.0,2464.0,2520.0,2576.0,2632.0,2688.0,2744.0,2800.0,2856.0,2912.0,2968.0,3024.0,3080.0,3136.0,3192.0,3248.0,3304.0,3360.0,3416.0,3472.0,3528.0,3584.0,3640.0,3696.0,3752.0,3808.0,3864.0,3920.0,3976.0,4032.0,4088.0,4144.0,4200.0,4256.0,4312.0,4368.0,4424.0,4480.0,4536.0,4592.0,4648.0,4704.0,4760.0,4816.0,4872.0,4928.0,4984.0,5040.0,5096.0,5152.0,5208.0,5264.0,5320.0,5376.0,5432.0,5488.0,5544.0,5600.0,5656.0,5712.0,5768.0
57.0,57.0,114.0,171.0,228.0,285.0,342.0,399.0,456.0,513.0,570.0,627.0,684.0,741.0,798.0,855.0,912.0,969.0,1026.0,1083.0,1140.0,1197.0,1254.0,1311.0,1368.0,1425.0,1482.0,1539.0,1596.0,1653.0,1710.0,1767.0,1824.0,1881.0,1938.0,1995.0,2052.0,2109.0,2166.0,2223.0,2280.0,2337.0,2394.0,2451.0,2508.0,2565.0,2622.0,2679.0,2736.0,2793.0,2850.0,2907.0,2964.0,3021.0,3078.0,3135.0,3192.0,3249.0,3306.0,3363.0,3420.0,3477.0,3534.0,3591.0,3648.0,3705.0,3762.0,3819.0,3876.0,3933.0,3990.0,4047.0,4104.0,4161.0,4218.0,4275.0,4332.0,4389.0,4446.0,4503.0,4560.0,4617.0,4674.0,4731.0,4788.0,4845.0,4902.0,4959.0,5016.0,5073.0,5130.0,5187.0,5244.0,5301.0,5358.0,5415.0,5472.0,5529.0,5586.0,5643.0,5700.0,5757.0,5814.0,5871.0
58.0,58.0,116.0,174.0,232.0,290.0,348.0,406.0,464.0,522.0,580.0,638.0,696.0,754.0,812.0,870.0,928.0,986.0,1044.0,1102.0,1160.0,1218.0,1276.0,1334.0,1392.0,1450.0,1508.0,1566.0,1624.0,1682.0,1740.0,1798.0,1856.0,1914.0,1972.0,2030.0,2088.0,2146.0,2204.0,2262.0,2320.0,2378.0,2436.0,2494.0,2552.0,2610.0,2668.0,2726.0,2784.0,2842.0,2900.0,2958.0,3016.0,3074.0,3132.0,3190.0,3248.0,3306.0,3364.0,3422.0,3480.0,3538.0,3596.0,3654.0,3712.0,3770.0,3828.0,3886.0,3944.0,4002.0,4060.0,4118.0,4176.0,4234.0,4292.0,4350.0,4408.0,4466.0,4524.0,4582.0,4640.0,4698.0,4756.0,4814.0,4872.0,4930.0,4988.0,5046.0,5104.0,5162.0,5220.0,5278.0,5336.0,5394.0,5452.0,5510.0,5568.0,5626.0,5684.0,5742.0,5800.0,5858.0,5916.0,5974.0
59.0,59.0,118.0,177.0,236.0,295.0,354.0,413.0,472.0,531.0,590.0,649.0,708.0,767.0,826.0,885.0,944.0,1003.0,1062.0,1121.0,1180.0,1239.0,1298.0,1357.0,1416.0,1475.0,1534.0,1593.0,1652.0,1711.0,1770.0,1829.0,1888.0,1947.0,2006.0,2065.0,2124.0,2183.0,2242.0,2301.0,2360.0,2419.0,2478.0,2537.0,2596.0,2655.0,2714.0,2773.0,2832.0,2891.0,2950.0,3009.0,3068.0,3127.0,3186.0,3245.0,3304.0,3363.0,3422.0,3481.0,3540.0,3599.0,3658.0,3717.0,3776.0,3835.0,3894.0,3953.0,4012.0,4071.0,4130.0,4189.0,4248.0,4307.0,4366.0,4425.0,4484.0,4543.0,4602.0,4661.0,4720.0,4779.0,4838.0,4897.0,4956.0,5015.0,5074.0,5133.0,5192.0,5251.0,5310.0,5369.0,5428.0,5487.0,5546.0,5605.0,5664.0,5723.0,5782.0,5841.0,5900.0,5959.0,6018.0,6077.0
60.0,60.0,120.0,180.0,240.0,300.0,360.0,420.0,480.0,540.0,600.0,660.0,720.0,780.0,840.0,900.0,960.0,1020.0,1080.0,1140.0,1200.0,1260.0,1320.0,1380.0,1440.0,1500.0,1560.0,1620.0,1680.0,1740.0,1800.0,1860.0,1920.0,1980.0,2040.0,2100.0,2160.0,2220.0,2280.0,2340.0,2400.0,2460.0,2520.0,2580.0,2640.0,2700.0,2760.0,2820.0,2880.0,2940.0,3000.0,3060.0,3120.0,3180.0,3240.0,3300.0,3360.0,3420.0,3480.0,3540.0,3600.0,3660.0,3720.0,3780.0,3840.0,3900.0,3960.0,4020.0,4080.0,4140.0,4200.0,4260.0,4320.0,4380.0,4440.0,4500.0,4560.0,4620.0,4680.0,4740.0,4800.0,4860.0,4920.0,4980.0,5040.0,5100.0,5160.0,5220.0,5280.0,5340.0,5400.0,5460.0,5520.0,5580.0,5640.0,5700.0,5760.0,5820.0,5880.0,5940.0,6000.0,6060.0,6120.0,6180.0
61.0,61.0,122.0,183.0,244.0,305.0,366.0,427.0,488.0,549.0,610.0,671.0,732.0,793.0,854.0,915.0,976.0,1037.0,1098.0,1159.0,1220.0,1281.0,1342.0,1403.0,1464.0,1525.0,1586.0,1647.0,1708.0,1769.0,1830.0,1891.0,1952.0,2013.0,2074.0,2135.0,2196.0,2257.0,2318.0,2379.0,2440.0,2501.0,2562.0,2623.0,2684.0,2745.0,2806.0,2867.0,2928.0,2989.0,3050.0,3111.0,3172.0,3233.0,3294.0,3355.0,3416.0,3477.0,3538.0,3599.0,3660.0,3721.0,3782.0,3843.0,3904.0,3965.0,4026.0,4087.0,4148.0,4209.0,4270.0,4331.0,4392.0,4453.0,4514.0,4575.0,4636.0,4697.0,4758.0,4819.0,4880.0,4941.0,5002.0,5063.0,5124.0,5185.0,5246.0,5307.0,5368.0,5429.0,5490.0,5551.0,5612.0,5673.0,5734.0,5795.0,5856.0,5917.0,5978.0,6039.0,6100.0,6161.0,6222.0,6283.0
62.0,62.0,124.0,186.0,248.0,310.0,372.0,434.0,496.0,558.0,620.0,682.0,744.0,806.0,868.0,930.0,992.0,1054.0,1116.0,1178.0,1240.0,1302.0,1364.0,1426.0,1488.0,1550.0,1612.0,1674.0,1736.0,1798.0,1860.0,1922.0,1984.0,2046.0,2108.0,2170.0,2232.0,2294.0,2356.0,2418.0,2480.0,2542.0,2604.0,2666.0,2728.0,2790.0,2852.0,2914.0,2976.0,3038.0,3100.0,3162.0,3224.0,3286.0,3348.0,3410.0,3472.0,3534.0,3596.0,3658.0,3720.0,3782.0,3844.0,3906.0,3968.0,4030.0,4092.0,4154.0,4216.0,4278.0,4340.0,4402.0,4464.0,4526.0,4588.0,4650.0,4712.0,4774.0,4836.0,4898.0,4960.0,5022.0,5084.0,5146.0,5208.0,5270.0,5332.0,5394.0,5456.0,5518.0,5580.0,5642.0,5704.0,5766.0,5828.0,5890.0,5952.0,6014.0,6076.0,6138.0,6200.0,6262.0,6324.0,6386.0
63.0,63.0,126.0,189.0,252.0,315.0,378.0,441.0,504.0,567.0,630.0,693.0,756.0,819.0,882.0,945.0,1008.0,1071.0,1134.0,1197.0,1260.0,1323.0,1386.0,1449.0,1512.0,1575.0,1638.0,1701.0,1764.0,1827.0,1890.0,1953.0,2016.0,2079.0,2142.0,2205.0,2268.0,2331.0,2394.0,2457.0,2520.0,2583.0,2646.0,2709.0,2772.0,2835.0,2898.0,2961.0,3024.0,3087.0,3150.0,3213.0,3276.0,3339.0,3402.0,3465.0,3528.0,3591.0,3654.0,3717.0,3780.0,3843.0,3906.0,3969.0,4032.0,4095.0,4158.0,4221.0,4284.0,4347.0,4410.0,4473.0,4536.0,4599.0,4662.0,4725.0,4788.0,4851.0,4914.0,4977.0,5040.0,5103.0,5166.0,5229.0,5292.0,5355.0,5418.0,5481.0,5544.0,5607.0,5670.0,5733.0,5796.0,5859.0,5922.0,5985.0,6048.0,6111.0,6174.0,6237.0,6300.0,6363.0,6426.0,6489.0
64.0,64.0,128.0,192.0,256.0,320.0,384.0,448.0,512.0,576.0,640.0,704.0,768.0,832.0,896.0,960.0,1024.0,1088.0,1152.0,1216.0,1280.0,1344.0,1408.0,1472.0,1536.0,1600.0,1664.0,1728.0,1792.0,1856.0,1920.0,1984.0,2048.0,2112.0,2176.0,2240.0,2304.0,2368.0,2432.0,2496.0,2560.0,2624.0,2688.0,2752.0,2816.0,2880.0,2944.0,3008.0,3072.0,3136.0,3200.0,3264.0,3328.0,3392.0,3456.0,3520.0,3584.0,3648.0,3712.0,3776.0,3840.0,3904.0,3968.0,4032.0,4096.0,4160.0,4224.0,4288.0,4352.0,4416.0,4480.0,4544.0,4608.0,4672.0,4736.0,4800.0,4864.0,4928.0,4992.0,5056.0,5120.0,5184.0,5248.0,5312.0,5376.0,5440.0,5504.0,5568.0,5632.0,5696.0,5760.0,5824.0,5888.0,5952.0,6016.0,6080.0,6144.0,6208.0,6272.0,6336.0,6400.0,6464.0,6528.0,6592.0
65.0,65.0,130.0,195.0,260.0,325.0,390.0,455.0,520.0,585.0,650.0,715.0,780.0,845.0,910.0,975.0,1040.0,1105.0,1170.0,1235.0,1300.0,1365.0,1430.0,1495.0,1560.0,1625.0,1690.0,1755.0,1820.0,1885.0,1950.0,2015.0,2080.0,2145.0,2210.0,2275.0,2340.0,2405.0,2470.0,2535.0,2600.0,2665.0,2730.0,2795.0,2860.0,2925.0,2990.0,3055.0,3120.0,3185.0,3250.0,3315.0,3380.0,3445.0,3510.0,3575.0,3640.0,3705.0,3770.0,3835.0,3900.0,3965.0,4030.0,4095.0,4160.0,4225.0,4290.0,4355.0,4420.0,4485.0,4550.0,4615.0,4680.0,4745.0,4810.0,4875.0,4940.0,5005.0,5070.0,5135.0,5200.0,5265.0,5330.0,5395.0,5460.0,5525.0,5590.0,5655.0,5720.0,5785.0,5850.0,5915.0,5980.0,6045.0,6110.0,6175.0,6240.0,6305.0,6370.0,6435.0,6500.0,6565.0,6630.0,6695.0
66.0,66.0,132.0,198.0,264.0,330.0,396.0,462.0,528.0,594.0,660.0,726.0,792.0,858.0,924.0,990.0,1056.0,1122.0,1188.0,1254.0,1320.0,1386.0,1452.0,1518.0,1584.0,1650.0,1716.0,1782.0,1848.0,1914.0,1980.0,2046.0,2112.0,2178.0,2244.0,2310.0,2376.0,2442.0,2508.0,2574.0,2640.0,2706.0,2772.0,2838.0,2904.0,2970.0,3036.0,3102.0,3168.0,3234.0,3300.0,3366.0,3432.0,3498.0,3564.0,3630.0,3696.0,3762.0,3828.0,3894.0,3960.0,4026.0,4092.0,4158.0,4224.0,4290.0,4356.0,4422.0,4488.0,4554.0,4620.0,4686.0,4752.0,4818.0,4884.0,4950.0,5016.0,5082.0,5148.0,5214.0,5280.0,5346.0,5412.0,5478.0,5544.0,5610.0,5676.0,5742.0,5808.0,5874.0,5940.0,6006.0,6072.0,6138.0,6204.0,6270.0,6336.0,6402.0,6468.0,6534.0,6600.0,6666.0,6732.0,6798.0
67.0,67.0,134.0,201.0,268.0,335.0,402.0,469.0,536.0,603.0,670.0,737.0,804.0,871.0,938.0,1005.0,1072.0,1139.0,1206.0,1273.0,1340.0,1407.0,1474.0,1541.0,1608.0,1675.0,1742.0,1809.0,1876.0,1943.0,2010.0,2077.0,2144.0,2211.0,2278.0,2345.0,2412.0,2479.0,2546.0,2613.0,2680.0,2747.0,2814.0,2881.0,2948.0,3015.0,3082.0,3149.0,3216.0,3283.0,3350.0,3417.0,3484.0,3551.0,3618.0,3685.0,3752.0,3819.0,3886.0,3953.0,4020.0,4087.0,4154.0,4221.0,4288.0,4355.0,4422.0,4489.0,4556.0,4623.0,4690.0,4757.0,4824.0,4891.0,4958.0,5025.0,5092.0,5159.0,5226.0,5293.0,5360.0,5427.0,5494.0,5561.0,5628.0,5695.0,5762.0,5829.0,5896.0,5963.0,6030.0,6097.0,6164.0,6231.0,6298.0,6365.0,6432.0,6499.0,6566.0,6633.0,6700.0,6767.0,6834.0,6901.0
68.0,68.0,136.0,204.0,272.0,340.0,408.0,476.0,544.0,612.0,680.0,748.0,816.0,884.0,952.0,1020.0,1088.0,1156.0,1224.0,1292.0,1360.0,1428.0,1496.0,1564.0,1632.0,1700.0,1768.0,1836.0,1904.0,1972.0,2040.0,2108.0,2176.0,2244.0,2312.0,2380.0,2448.0,2516.0,2584.0,2652.0,2720.0,2788.0,2856.0,2924.0,2992.0,3060.0,3128.0,3196.0,3264.0,3332.0,3400.0,3468.0,3536.0,3604.0,3672.0,3740.0,3808.0,3876.0,3944.0,4012.0,4080.0,4148.0,4216.0,4284.0,4352.0,4420.0,4488.0,4556.0,4624.0,4692.0,4760.0,4828.0,4896.0,4964.0,5032.0,5100.0,5168.0,5236.0,5304.0,5372.0,5440.0,5508.0,5576.0,5644.0,5712.0,5780.0,5848.0,5916.0,5984.0,6052.0,6120.0,6188.0,6256.0,6324.0,6392.0,6460.0,6528.0,6596.0,6664.0,6732.0,6800.0,6868.0,6936.0,7004.0
69.0,69.0,138.0,207.0,276.0,345.0,414.0,483.0,552.0,621.0,690.0,759.0,828.0,897.0,966.0,1035.0,1104.0,1173.0,1242.0,1311.0,1380.0,1449.0,1518.0,1587.0,1656.0,1725.0,1794.0,1863.0,1932.0,2001.0,2070.0,2139.0,2208.0,2277.0,2346.0,2415.0,2484.0,2553.0,2622.0,2691.0,2760.0,2829.0,2898.0,2967.0,3036.0,3105.0,3174.0,3243.0,3312.0,3381.0,3450.0,3519.0,3588.0,3657.0,3726.0,3795.0,3864.0,3933.0,4002.0,4071.0,4140.0,4209.0,4278.0,4347.0,4416.0,4485.0,4554.0,4623.0,4692.0,4761.0,4830.0,4899.0,4968.0,5037.0,5106.0,5175.0,5244.0,5313.0,5382.0,5451.0,5520.0,5589.0,5658.0,5727.0,5796.0,5865.0,5934.0,6003.0,6072.0,6141.0,6210.0,6279.0,6348.0,6417.0,6486.0,6555.0,6624.0,6693.0,6762.0,6831.0,6900.0,6969.0,7038.0,7107.0
70.0,70.0,140.0,210.0,280.0,350.0,420.0,490.0,560.0,630.0,700.0,770.0,840.0,910.0,980.0,1050.0,1120.0,1190.0,1260.0,1330.0,1400.0,1470.0,1540.0,1610.0,1680.0,1750.0,1820.0,1890.0,1960.0,2030.0,2100.0,2170.0,2240.0,2310.0,2380.0,2450.0,2520.0,2590.0,2660.0,2730.0,2800.0,2870.0,2940.0,3010.0,3080.0,3150.0,3220.0,3290.0,3360.0,3430.0,3500.0,3570.0,3640.0,3710.0,3780.0,3850.0,3920.0,3990.0,4060.0,4130.0,4200.0,4270.0,4340.0,4410.0,4480.0,4550.0,4620.0,4690.0,4760.0,4830.0,4900.0,4970.0,5040.0,5110.0,5180.0,5250.0,5320.0,5390.0,5460.0,5530.0,5600.0,5670.0,5740.0,5810.0,5880.0,5950.0,6020.0,6090.0,6160.0,6230.0,6300.0,6370.0,6440.0,6510.0,6580.0,6650.0,6720.0,6790.0,6860.0,6930.0,7000.0,7070.0,7140.0,7210.0
71.0,71.0,142.0,213.0,284.0,355.0,426.0,497.0,568.0,639.0,710.0,781.0,852.0,923.0,994.0,1065.0,1136.0,1207.0,1278.0,1349.0,1420.0,1491.0,1562.0,1633.0,1704.0,1775.0,1846.0,1917.0,1988.0,2059.0,2130.0,2201.0,2272.0,2343.0,2414.0,2485.0,2556.0,2627.0,2698.0,2769.0,2840.0,2911.0,2982.0,3053.0,3124.0,3195.0,3266.0,3337.0,3408.0,3479.0,3550.0,3621.0,3692.0,3763.0,3834.0,3905.0,3976.0,4047.0,4118.0,4189.0,4260.0,4331.0,4402.0,4473.0,4544.0,4615.0,4686.0,4757.0,4828.0,4899.0,4970.0,5041.0,5112.0,5183.0,5254.0,5325.0,5396.0,5467.0,5538.0,5609.0,5680.0,5751.0,5822.0,5893.0,5964.0,6035.0,6106.0,6177.0,6248.0,6319.0,6390.0,6461.0,6532.0,6603.0,6674.0,6745.0,6816.0,6887.0,6958.0,7029.0,7100.0,7171.0,7242.0,7313.0
72.0,72.0,144.0,216.0,288.0,360.0,432.0,504.0,576.0,648.0,720.0,792.0,864.0,936.0,1008.0,1080.0,1152.0,1224.0,1296.0,1368.0,1440.0,1512.0,1584.0,1656.0,1728.0,1800.0,1872.0,1944.0,2016.0,2088.0,2160.0,2232.0,2304.0,2376.0,2448.0,2520.0,2592.0,2664.0,2736.0,2808.0,2880.0,2952.0,3024.0,3096.0,3168.0,3240.0,3312.0,3384.0,3456.0,3528.0,3600.0,3672.0,3744.0,3816.0,3888.0,3960.0,4032.0,4104.0,4176.0,4248.0,4320.0,4392.0,4464.0,4536.0,4608.0,4680.0,4752.0,4824.0,4896.0,4968.0,5040.0,5112.0,5184.0,5256.0,5328.0,5400.0,5472.0,5544.0,5616.0,5688.0,5760.0,5832.0,5904.0,5976.0,6048.0,6120.0,6192.0,6264.0,6336.0,6408.0,6480.0,6552.0,6624.0,6696.0,6768.0,6840.0,6912.0,6984.0,7056.0,7128.0,7200.0,7272.0,7344.0,7416.0
73.0,73.0,146.0,219.0,292.0,365.0,438.0,511.0,584.0,657.0,730.0,803.0,876.0,949.0,1022.0,1095.0,1168.0,1241.0,1314.0,1387.0,1460.0,1533.0,1606.0,1679.0,1752.0,1825.0,1898.0,1971.0,2044.0,2117.0,2190.0,2263.0,2336.0,2409.0,2482.0,2555.0,2628.0,2701.0,2774.0,2847.0,2920.0,2993.0,3066.0,3139.0,3212.0,3285.0,3358.0,3431.0,3504.0,3577.0,3650.0,3723.0,3796.0,3869.0,3942.0,4015.0,4088.0,4161.0,4234.0,4307.0,4380.0,4453.0,4526.0,4599.0,4672.0,4745.0,4818.0,4891.0,4964.0,5037.0,5110.0,5183.0,5256.0,5329.0,5402.0,5475.0,5548.0,5621.0,5694.0,5767.0,5840.0,5913.0,5986.0,6059.0,6132.0,6205.0,6278.0,6351.0,6424.0,6497.0,6570.0,6643.0,6716.0,6789.0,6862.0,6935.0,7008.0,7081.0,7154.0,7227.0,7300.0,7373.0,7446.0,7519.0
74.0,74.0,148.0,222.0,296.0,370.0,444.0,518.0,592.0,666.0,740.0,814.0,888.0,962.0,1036.0,1110.0,1184.0,1258.0,1332.0,1406.0,1480.0,1554.0,1628.0,1702.0,1776.0,1850.0,1924.0,1998.0,2072.0,2146.0,2220.0,2294.0,2368.0,2442.0,2516.0,2590.0,2664.0,2738.0,2812.0,2886.0,2960.0,3034.0,3108.0,3182.0,3256.0,3330.0,3404.0,3478.0,3552.0,3626.0,3700.0,3774.0,3848.0,3922.0,3996.0,4070.0,4144.0,4218.0,4292.0,4366.0,4440.0,4514.0,4588.0,4662.0,4736.0,4810.0,4884.0,4958.0,5032.0,5106.0,5180.0,5254.0,5328.0,5402.0,5476.0,5550.0,5624.0,5698.0,5772.0,5846.0,5920.0,5994.0,6068.0,6142.0,6216.0,6290.0,6364.0,6438.0,6512.0,6586.0,6660.0,6734.0,6808.0,6882.0,6956.0,7030.0,7104.0,7178.0,7252.0,7326.0,7400.0,7474.0,7548.0,7622.0
75.0,75.0,150.0,225.0,300.0,375.0,450.0,525.0,600.0,675.0,750.0,825.0,900.0,975.0,1050.0,1125.0,1200.0,1275.0,1350.0,1425.0,1500.0,1575.0,1650.0,1725.0,1800.0,1875.0,1950.0,2025.0,2100.0,2175.0,2250.0,2325.0,2400.0,2475.0,2550.0,2625.0,2700.0,2775.0,2850.0,2925.0,3000.0,3075.0,3150.0,3225.0,3300.0,3375.0,3450.0,3525.0,3600.0,3675.0,3750.0,3825.0,3900.0,3975.0,4050.0,4125.0,4200.0,4275.0,4350.0,4425.0,4500.0,4575.0,4650.0,4725.0,4800.0,4875.0,4950.0,5025.0,5100.0,5175.0,5250.0,5325.0,5400.0,5475.0,5550.0,5625.0,5700.0,5775.0,5850.0,5925.0,6000.0,6075.0,6150.0,6225.0,6300.0,6375.0,6450.0,6525.0,6600.0,6675.0,6750.0,6825.0,6900.0,6975.0,7050.0,7125.0,7200.0,7275.0,7350.0,7425.0,7500.0,7575.0,7650.0,7725.0
76.0,76.0,152.0,228.0,304.0,380.0,456.0,532.0,608.0,684.0,760.0,836.0,912.0,988.0,1064.0,1140.0,1216.0,1292.0,1368.0,1444.0,1520.0,1596.0,1672.0,1748.0,1824.0,1900.0,1976.0,2052.0,2128.0,2204.0,2280.0,2356.0,2432.0,2508.0,2584.0,2660.0,2736.0,2812.0,2888.0,2964.0,3040.0,3116.0,3192.0,3268.0,3344.0,3420.0,3496.0,3572.0,3648.0,3724.0,3800.0,3876.0,3952.0,4028.0,4104.0,4180.0,4256.0,4332.0,4408.0,4484.0,4560.0,4636.0,4712.0,4788.0,4864.0,4940.0,5016.0,5092.0,5168.0,5244.0,5320.0,5396.0,5472.0,5548.0,5624.0,5700.0,5776.0,5852.0,5928.0,6004.0,6080.0,6156.0,6232.0,6308.0,6384.0,6460.0,6536.0,6612.0,6688.0,6764.0,6840.0,6916.0,6992.0,7068.0,7144.0,7220.0,7296.0,7372.0,7448.0,7524.0,7600.0,7676.0,7752.0,7828.0
77.0,77.0,154.0,231.0,308.0,385.0,462.0,539.0,616.0,693.0,770.0,847.0,924.0,1001.0,1078.0,1155.0,1232.0,1309.0,1386.0,1463.0,1540.0,1617.0,1694.0,1771.0,1848.0,1925.0,2002.0,2079.0,2156.0,2233.0,2310.0,2387.0,2464.0,2541.0,2618.0,2695.0,2772.0,2849.0,2926.0,3003.0,3080.0,3157.0,3234.0,3311.0,3388.0,3465.0,3542.0,3619.0,3696.0,3773.0,3850.0,3927.0,4004.0,4081.0,4158.0,4235.0,4312.0,4389.0,4466.0,4543.0,4620.0,4697.0,4774.0,4851.0,4928.0,5005.0,5082.0,5159.0,5236.0,5313.0,5390.0,5467.0,5544.0,5621.0,5698.0,5775.0,5852.0,5929.0,6006.0,6083.0,6160.0,6237.0,6314.0,6391.0,6468.0,6545.0,6622.0,6699.0,6776.0,6853.0,6930.0,7007.0,7084.0,7161.0,7238.0,7315.0,7392.0,7469.0,7546.0,7623.0,7700.0,7777.0,7854.0,7931.0
78.0,78.0,156.0,234.0,312.0,390.0,468.0,546.0,624.0,702.0,780.0,858.0,936.0,1014.0,1092.0,1170.0,1248.0,1326.0,1404.0,1482.0,1560.0,1638.0,1716.0,1794.0,1872.0,1950.0,2028.0,2106.0,2184.0,2262.0,2340.0,2418.0,2496.0,2574.0,2652.0,2730.0,2808.0,2886.0,2964.0,3042.0,3120.0,3198.0,3276.0,3354.0,3432.0,3510.0,3588.0,3666.0,3744.0,3822.0,3900.0,3978.0,4056.0,4134.0,4212.0,4290.0,4368.0,4446.0,4524.0,4602.0,4680.0,4758.0,4836.0,4914.0,4992.0,5070.0,5148.0,5226.0,5304.0,5382.0,5460.0,5538.0,5616.0,5694.0,5772.0,5850.0,5928.0,6006.0,6084.0,6162.0,6240.0,6318.0,6396.0,6474.0,6552.0,6630.0,6708.0,6786.0,6864.0,6942.0,7020.0,7098.0,7176.0,7254.0,7332.0,7410.0,7488.0,7566.0,7644.0,7722.0,7800.0,7878.0,7956.0,8034.0
79.0,79.0,158.0,237.0,316.0,395.0,474.0,553.0,632.0,711.0,790.0,869.0,948.0,1027.0,1106.0,1185.0,1264.0,1343.0,1422.0,1501.0,1580.0,1659.0,1738.0,1817.0,1896.0,1975.0,2054.0,2133.0,2212.0,2291.0,2370.0,2449.0,2528.0,2607.0,2686.0,2765.0,2844.0,2923.0,3002.0,3081.0,3160.0,3239.0,3318.0,3397.0,3476.0,3555.0,3634.0,3713.0,3792.0,3871.0,3950.0,4029.0,4108.0,4187.0,4266.0,4345.0,4424.0,4503.0,4582.0,4661.0,4740.0,4819.0,4898.0,4977.0,5056.0,5135.0,5214.0,5293.0,5372.0,5451.0,5530.0,5609.0,5688.0,5767.0,5846.0,5925.0,6004.0,6083.0,6162.0,6241.0,6320.0,6399.0,6478.0,6557.0,6636.0,6715.0,6794.0,6873.0,6952.0,7031.0,7110.0,7189.0,7268.0,7347.0,7426.0,7505.0,7584.0,7663.0,7742.0,7821.0,7900.0,7979.0,8058.0,8137.0
80.0,80.0,160.0,240.0,320.0,400.0,480.0,560.0,640.0,720.0,800.0,880.0,960.0,1040.0,1120.0,1200.0,1280.0,1360.0,1440.0,1520.0,1600.0,1680.0,1760.0,1840.0,1920.0,2000.0,2080.0,2160.0,2240.0,2320.0,2400.0,2480.0,2560.0,2640.0,2720.0,2800.0,2880.0,2960.0,3040.0,3120.0,3200.0,3280.0,3360.0,3440.0,3520.0,3600.0,3680.0,3760.0,3840.0,3920.0,4000.0,4080.0,4160.0,4240.0,4320.0,4400.0,4480.0,4560.0,4640.0,4720.0,4800.0,4880.0,4960.0,5040.0,5120.0,5200.0,5280.0,5360.0,5440.0,5520.0,5600.0,5680.0,5760.0,5840.0,5920.0,6000.0,6080.0,6160.0,6240.0,6320.0,6400.0,6480.0,6560.0,6640.0,6720.0,6800.0,6880.0,6960.0,7040.0,7120.0,7200.0,7280.0,7360.0,7440.0,7520.0,7600.0,7680.0,7760.0,7840.0,7920.0,8000.0,8080.0,8160.0,8240.0
81.0,81.0,162.0,243.0,324.0,405.0,486.0,567.0,648.0,729.0,810.0,891.0,972.0,1053.0,1134.0,1215.0,1296.0,1377.0,1458.0,1539.0,1620.0,1701.0,1782.0,1863.0,1944.0,2025.0,2106.0,2187.0,2268.0,2349.0,2430.0,2511.0,2592.0,2673.0,2754.0,2835.0,2916.0,2997.0,3078.0,3159.0,3240.0,3321.0,3402.0,3483.0,3564.0,3645.0,3726.0,3807.0,3888.0,3969.0,4050.0,4131.0,4212.0,4293.0,4374.0,4455.0,4536.0,4617.0,4698.0,4779.0,4860.0,4941.0,5022.0,5103.0,5184.0,5265.0,5346.0,5427.0,5508.0,5589.0,5670.0,5751.0,5832.0,5913.0,5994.0,6075.0,6156.0,6237.0,6318.0,6399.0,6480.0,6561.0,6642.0,6723.0,6804.0,6885.0,6966.0,7047.0,7128.0,7209.0,7290.0,7371.0,7452.0,7533.0,7614.0,7695.0,7776.0,7857.0,7938.0,8019.0,8100.0,8181.0,8262.0,8343.0
82.0,82.0,164.0,246.0,328.0,410.0,492.0,574.0,656.0,738.0,820.0,902.0,984.0,1066.0,1148.0,1230.0,1312.0,1394.0,1476.0,1558.0,1640.0,1722.0,1804.0,1886.0,1968.0,2050.0,2132.0,2214.0,2296.0,2378.0,2460.0,2542.0,2624.0,2706.0,2788.0,2870.0,2952.0,3034.0,3116.0,3198.0,3280.0,3362.0,3444.0,3526.0,3608.0,3690.0,3772.0,3854.0,3936.0,4018.0,4100.0,4182.0,4264.0,4346.0,4428.0,4510.0,4592.0,4674.0,4756.0,4838.0,4920.0,5002.0,5084.0,5166.0,5248.0,5330.0,5412.0,5494.0,5576.0,5658.0,5740.0,5822.0,5904.0,5986.0,6068.0,6150.0,6232.0,6314.0,6396.0,6478.0,6560.0,6642.0,6724.0,6806.0,6888.0,6970.0,7052.0,7134.0,7216.0,7298.0,7380.0,7462.0,7544.0,7626.0,7708.0,7790.0,7872.0,7954.0,8036.0,8118.0,8200.0,8282.0,8364.0,8446.0
83.0,83.0,166.0,249.0,332.0,415.0,498.0,581.0,664.0,747.0,830.0,913.0,996.0,1079.0,1162.0,1245.0,1328.0,1411.0,1494.0,1577.0,1660.0,1743.0,1826.0,1909.0,1992.0,2075.0,2158.0,2241.0,2324.0,2407.0,2490.0,2573.0,2656.0,2739.0,2822.0,2905.0,2988.0,3071.0,3154.0,3237.0,3320.0,3403.0,3486.0,3569.0,3652.0,3735.0,3818.0,3901.0,3984.0,4067.0,4150.0,4233.0,4316.0,4399.0,4482.0,4565.0,4648.0,4731.0,4814.0,4897.0,4980.0,5063.0,5146.0,5229.0,5312.0,5395.0,5478.0,5561.0,5644.0,5727.0,5810.0,5893.0,5976.0,6059.0,6142.0,6225.0,6308.0,6391.0,6474.0,6557.0,6640.0,6723.0,6806.0,6889.0,6972.0,7055.0,7138.0,7221.0,7304.0,7387.0,7470.0,7553.0,7636.0,7719.0,7802.0,7885.0,7968.0,8051.0,8134.0,8217.0,8300.0,8383.0,8466.0,8549.0
84.0,84.0,168.0,252.0,336.0,420.0,504.0,588.0,672.0,756.0,840.0,924.0,1008.0,1092.0,1176.0,1260.0,1344.0,1428.0,1512.0,1596.0,1680.0,1764.0,1848.0,1932.0,2016.0,2100.0,2184.0,2268.0,2352.0,2436.0,2520.0,2604.0,2688.0,2772.0,2856.0,2940.0,3024.0,3108.0,3192.0,3276.0,3360.0,3444.0,3528.0,3612.0,3696.0,3780.0,3864.0,3948.0,4032.0,4116.0,4200.0,4284.0,4368.0,4452.0,4536.0,4620.0,4704.0,4788.0,4872.0,4956.0,5040.0,5124.0,5208.0,5292.0,5376.0,5460.0,5544.0,5628.0,5712.0,5796.0,5880.0,5964.0,6048.0,6132.0,6216.0,6300.0,6384.0,6468.0,6552.0,6636.0,6720.0,6804.0,6888.0,6972.0,7056.0,7140.0,7224.0,7308.0,7392.0,7476.0,7560.0,7644.0,7728.0,7812.0,7896.0,7980.0,8064.0,8148.0,8232.0,8316.0,8400.0,8484.0,8568.0,8652.0
85.0,85.0,170.0,255.0,340.0,425.0,510.0,595.0,680.0,765.0,850.0,935.0,1020.0,1105.0,1190.0,1275.0,1360.0,1445.0,1530.0,1615.0,1700.0,1785.0,1870.0,1955.0,2040.0,2125.0,2210.0,2295.0,2380.0,2465.0,2550.0,2635.0,2720.0,2805.0,2890.0,2975.0,3060.0,3145.0,3230.0,3315.0,3400.0,3485.0,3570.0,3655.0,3740.0,3825.0,3910.0,3995.0,4080.0,4165.0,4250.0,4335.0,4420.0,4505.0,4590.0,4675.0,4760.0,4845.0,4930.0,5015.0,5100.0,5185.0,5270.0,5355.0,5440.0,5525.0,5610.0,5695.0,5780.0,5865.0,5950.0,6035.0,6120.0,6205.0,6290.0,6375.0,6460.0,6545.0,6630.0,6715.0,6800.0,6885.0,6970.0,7055.0,7140.0,7225.0,7310.0,7395.0,7480.0,7565.0,7650.0,7735.0,7820.0,7905.0,7990.0,8075.0,8160.0,8245.0,8330.0,8415.0,8500.0,8585.0,8670.0,8755.0
86.0,86.0,172.0,258.0,344.0,430.0,516.0,602.0,688.0,774.0,860.0,946.0,1032.0,1118.0,1204.0,1290.0,1376.0,1462.0,1548.0,1634.0,1720.0,1806.0,1892.0,1978.0,2064.0,2150.0,2236.0,2322.0,2408.0,2494.0,2580.0,2666.0,2752.0,2838.0,2924.0,3010.0,3096.0,3182.0,3268.0,3354.0,3440.0,3526.0,3612.0,3698.0,3784.0,3870.0,3956.0,4042.0,4128.0,4214.0,4300.0,4386.0,4472.0,4558.0,4644.0,4730.0,4816.0,4902.0,4988.0,5074.0,5160.0,5246.0,5332.0,5418.0,5504.0,5590.0,5676.0,5762.0,5848.0,5934.0,6020.0,6106.0,6192.0,6278.0,6364.0,6450.0,6536.0,6622.0,6708.0,6794.0,6880.0,6966.0,7052.0,7138.0,7224.0,7310.0,7396.0,7482.0,7568.0,7654.0,7740.0,7826.0,7912.0,7998.0,8084.0,8170.0,8256.0,8342.0,8428.0,8514.0,8600.0,8686.0,8772.0,8858.0
87.0,87.0,174.0,261.0,348.0,435.0,522.0,609.0,696.0,783.0,870.0,957.0,1044.0,1131.0,1218.0,1305.0,1392.0,1479.0,1566.0,1653.0,1740.0,1827.0,1914.0,2001.0,2088.0,2175.0,2262.0,2349.0,2436.0,2523.0,2610.0,2697.0,2784.0,2871.0,2958.0,3045.0,3132.0,3219.0,3306.0,3393.0,3480.0,3567.0,3654.0,3741.0,3828.0,3915.0,4002.0,4089.0,4176.0,4263.0,4350.0,4437.0,4524.0,4611.0,4698.0,4785.0,4872.0,4959.0,5046.0,5133.0,5220.0,5307.0,5394.0,5481.0,5568.0,5655.0,5742.0,5829.0,5916.0,6003.0,6090.0,6177.0,6264.0,6351.0,6438.0,6525.0,6612.0,6699.0,6786.0,6873.0,6960.0,7047.0,7134.0,7221.0,7308.0,7395.0,7482.0,7569.0,7656.0,7743.0,7830.0,7917.0,8004.0,8091.0,8178.0,8265.0,8352.0,8439.0,8526.0,8613.0,8700.0,8787.0,8874.0,8961.0
88.0,88.0,176.0,264.0,352.0,440.0,528.0,616.0,704.0,792.0,880.0,968.0,1056.0,1144.0,1232.0,1320.0,1408.0,1496.0,1584.0,1672.0,1760.0,1848.0,1936.0,2024.0,2112.0,2200.0,2288.0,2376.0,2464.0,2552.0,2640.0,2728.0,2816.0,2904.0,2992.0,3080.0,3168.0,3256.0,3344.0,3432.0,3520.0,3608.0,3696.0,3784.0,3872.0,3960.0,4048.0,4136.0,4224.0,4312.0,4400.0,4488.0,4576.0,4664.0,4752.0,4840.0,4928.0,5016.0,5104.0,5192.0,5280.0,5368.0,5456.0,5544.0,5632.0,5720.0,5808.0,5896.0,5984.0,6072.0,6160.0,6248.0,6336.0,6424.0,6512.0,6600.0,6688.0,6776.0,6864.0,6952.0,7040.0,7128.0,7216.0,7304.0,7392.0,7480.0,7568.0,7656.0,7744.0,7832.0,7920.0,8008.0,8096.0,8184.0,8272.0,8360.0,8448.0,8536.0,8624.0,8712.0,8800.0,8888.0,8976.0,9064.0
89.0,89.0,178.0,267.0,356.0,445.0,534.0,623.0,712.0,801.0,890.0,979.0,1068.0,1157.0,1246.0,1335.0,1424.0,1513.0,1602.0,1691.0,1780.0,1869.0,1958.0,2047.0,2136.0,2225.0,2314.0,2403.0,2492.0,2581.0,2670.0,2759.0,2848.0,2937.0,3026.0,3115.0,3204.0,3293.0,3382.0,3471.0,3560.0,3649.0,3738.0,3827.0,3916.0,4005.0,4094.0,4183.0,4272.0,4361.0,4450.0,4539.0,4628.0,4717.0,4806.0,4895.0,4984.0,5073.0,5162.0,5251.0,5340.0,5429.0,5518.0,5607.0,5696.0,5785.0,5874.0,5963.0,6052.0,6141.0,6230.0,6319.0,6408.0,6497.0,6586.0,6675.0,6764.0,6853.0,6942.0,7031.0,7120.0,7209.0,7298.0,7387.0,7476.0,7565.0,7654.0,7743.0,7832.0,7921.0,8010.0,8099.0,8188.0,8277.0,8366.0,8455.0,8544.0,8633.0,8722.0,8811.0,8900.0,8989.0,9078.0,9167.0
90.0,90.0,180.0,270.0,360.0,450.0,540.0,630.0,720.0,810.0,900.0,990.0,1080.0,1170.0,1260.0,1350.0,1440.0,1530.0,1620.0,1710.0,1800.0,1890.0,1980.0,2070.0,2160.0,2250.0,2340.0,2430.0,2520.0,2610.0,2700.0,2790.0,2880.0,2970.0,3060.0,3150.0,3240.0,3330.0,3420.0,3510.0,3600.0,3690.0,3780.0,3870.0,3960.0,4050.0,4140.0,4230.0,4320.0,4410.0,4500.0,4590.0,4680.0,4770.0,4860.0,4950.0,5040.0,5130.0,5220.0,5310.0,5400.0,5490.0,5580.0,5670.0,5760.0,5850.0,5940.0,6030.0,6120.0,6210.0,6300.0,6390.0,6480.0,6570.0,6660.0,6750.0,6840.0,6930.0,7020.0,7110.0,7200.0,7290.0,7380.0,7470.0,7560.0,7650.0,7740.0,7830.0,7920.0,8010.0,8100.0,8190.0,8280.0,8370.0,8460.0,8550.0,8640.0,8730.0,8820.0,8910.0,9000.0,9090.0,9180.0,9270.0
91.0,91.0,182.0,273.0,364.0,455.0,546.0,637.0,728.0,819.0,910.0,1001.0,1092.0,1183.0,1274.0,1365.0,1456.0,1547.0,1638.0,1729.0,1820.0,1911.0,2002.0,2093.0,2184.0,2275.0,2366.0,2457.0,2548.0,2639.0,2730.0,2821.0,2912.0,3003.0,3094.0,3185.0,3276.0,3367.0,3458.0,3549.0,3640.0,3731.0,3822.0,3913.0,4004.0,4095.0,4186.0,4277.0,4368.0,4459.0,4550.0,4641.0,4732.0,4823.0,4914.0,5005.0,5096.0,5187.0,5278.0,5369.0,5460.0,5551.0,5642.0,5733.0,5824.0,5915.0,6006.0,6097.0,6188.0,6279.0,6370.0,6461.0,6552.0,6643.0,6734.0,6825.0,6916.0,7007.0,7098.0,7189.0,7280.0,7371.0,7462.0,7553.0,7644.0,7735.0,7826.0,7917.0,8008.0,8099.0,8190.0,8281.0,8372.0,8463.0,8554.0,8645.0,8736.0,8827.0,8918.0,9009.0,9100.0,9191.0,9282.0,9373.0
92.0,92.0,184.0,276.0,368.0,460.0,552.0,644.0,736.0,828.0,920.0,1012.0,1104.0,1196.0,1288.0,1380.0,1472.0,1564.0,1656.0,1748.0,1840.0,1932.0,2024.0,2116.0,2208.0,2300.0,2392.0,2484.0,2576.0,2668.0,2760.0,2852.0,2944.0,3036.0,3128.0,3220.0,3312.0,3404.0,3496.0,3588.0,3680.0,3772.0,3864.0,3956.0,4048.0,4140.0,4232.0,4324.0,4416.0,4508.0,4600.0,4692.0,4784.0,4876.0,4968.0,5060.0,5152.0,5244.0,5336.0,5428.0,5520.0,5612.0,5704.0,5796.0,5888.0,5980.0,6072.0,6164.0,6256.0,6348.0,6440.0,6532.0,6624.0,6716.0,6808.0,6900.0,6992.0,7084.0,7176.0,7268.0,7360.0,7452.0,7544.0,7636.0,7728.0,7820.0,7912.0,8004.0,8096.0,8188.0,8280.0,8372.0,8464.0,8556.0,8648.0,8740.0,8832.0,8924.0,9016.0,9108.0,9200.0,9292.0,9384.0,9476.0
93.0,93.0,186.0,279.0,372.0,465.0,558.0,651.0,744.0,837.0,930.0,1023.0,1116.0,1209.0,1302.0,1395.0,1488.0,1581.0,1674.0,1767.0,1860.0,1953.0,2046.0,2139.0,2232.0,2325.0,2418.0,2511.0,2604.0,2697.0,2790.0,2883.0,2976.0,3069.0,3162.0,3255.0,3348.0,3441.0,3534.0,3627.0,3720.0,3813.0,3906.0,3999.0,4092.0,4185.0,4278.0,4371.0,4464.0,4557.0,4650.0,4743.0,4836.0,4929.0,5022.0,5115.0,5208.0,5301.0,5394.0,5487.0,5580.0,5673.0,5766.0,5859.0,5952.0,6045.0,6138.0,6231.0,6324.0,6417.0,6510.0,6603.0,6696.0,6789.0,6882.0,6975.0,7068.0,7161.0,7254.0,7347.0,7440.0,7533.0,7626.0,7719.0,7812.0,7905.0,7998.0,8091.0,8184.0,8277.0,8370.0,8463.0,8556.0,8649.0,8742.0,8835.0,8928.0,9021.0,9114.0,9207.0,9300.0,9393.0,9486.0,9579.0
94.0,94.0,188.0,282.0,376.0,470.0,564.0,658.0,752.0,846.0,940.0,1034.0,1128.0,1222.0,1316.0,1410.0,1504.0,1598.0,1692.0,1786.0,1880.0,1974.0,2068.0,2162.0,2256.0,2350.0,2444.0,2538.0,2632.0,2726.0,2820.0,2914.0,3008.0,3102.0,3196.0,3290.0,3384.0,3478.0,3572.0,3666.0,3760.0,3854.0,3948.0,4042.0,4136.0,4230.0,4324.0,4418.0,4512.0,4606.0,4700.0,4794.0,4888.0,4982.0,5076.0,5170.0,5264.0,5358.0,5452.0,5546.0,5640.0,5734.0,5828.0,5922.0,6016.0,6110.0,6204.0,6298.0,6392.0,6486.0,6580.0,6674.0,6768.0,6862.0,6956.0,7050.0,7144.0,7238.0,7332.0,7426.0,7520.0,7614.0,7708.0,7802.0,7896.0,7990.0,8084.0,8178.0,8272.0,8366.0,8460.0,8554.0,8648.0,8742.0,8836.0,8930.0,9024.0,9118.0,9212.0,9306.0,9400.0,9494.0,9588.0,9682.0
95.0,95.0,190.0,285.0,380.0,475.0,570.0,665.0,760.0,855.0,950.0,1045.0,1140.0,1235.0,1330.0,1425.0,1520.0,1615.0,1710.0,1805.0,1900.0,1995.0,2090.0,2185.0,2280.0,2375.0,2470.0,2565.0,2660.0,2755.0,2850.0,2945.0,3040.0,3135.0,3230.0,3325.0,3420.0,3515.0,3610.0,3705.0,3800.0,3895.0,3990.0,4085.0,4180.0,4275.0,4370.0,4465.0,4560.0,4655.0,4750.0,4845.0,4940.0,5035.0,5130.0,5225.0,5320.0,5415.0,5510.0,5605.0,5700.0,5795.0,5890.0,5985.0,6080.0,6175.0,6270.0,6365.0,6460.0,6555.0,6650.0,6745.0,6840.0,6935.0,7030.0,7125.0,7220.0,7315.0,7410.0,7505.0,7600.0,7695.0,7790.0,7885.0,7980.0,8075.0,8170.0,8265.0,8360.0,8455.0,8550.0,8645.0,8740.0,8835.0,8930.0,9025.0,9120.0,9215.0,9310.0,9405.0,9500.0,9595.0,9690.0,9785.0
96.0,96.0,192.0,288.0,384.0,480.0,576.0,672.0,768.0,864.0,960.0,1056.0,1152.0,1248.0,1344.0,1440.0,1536.0,1632.0,1728.0,1824.0,1920.0,2016.0,2112.0,2208.0,2304.0,2400.0,2496.0,2592.0,2688.0,2784.0,2880.0,2976.0,3072.0,3168.0,3264.0,3360.0,3456.0,3552.0,3648.0,3744.0,3840.0,3936.0,4032.0,4128.0,4224.0,4320.0,4416.0,4512.0,4608.0,4704.0,4800.0,4896.0,4992.0,5088.0,5184.0,5280.0,5376.0,5472.0,5568.0,5664.0,5760.0,5856.0,5952.0,6048.0,6144.0,6240.0,6336.0,6432.0,6528.0,6624.0,6720.0,6816.0,6912.0,7008.0,7104.0,7200.0,7296.0,7392.0,7488.0,7584.0,7680.0,7776.0,7872.0,7968.0,8064.0,8160.0,8256.0,8352.0,8448.0,8544.0,8640.0,8736.0,8832.0,8928.0,9024.0,9120.0,9216.0,9312.0,9408.0,9504.0,9600.0,9696.0,9792.0,9888.0
97.0,97.0,194.0,291.0,388.0,485.0,582.0,679.0,776.0,873.0,970.0,1067.0,1164.0,1261.0,1358.0,1455.0,1552.0,1649.0,1746.0,1843.0,1940.0,2037.0,2134.0,2231.0,2328.0,2425.0,2522.0,2619.0,2716.0,2813.0,2910.0,3007.0,3104.0,3201.0,3298.0,3395.0,3492.0,3589.0,3686.0,3783.0,3880.0,3977.0,4074.0,4171.0,4268.0,4365.0,4462.0,4559.0,4656.0,4753.0,4850.0,4947.0,5044.0,5141.0,5238.0,5335.0,5432.0,5529.0,5626.0,5723.0,5820.0,5917.0,6014.0,6111.0,6208.0,6305.0,6402.0,6499.0,6596.0,6693.0,6790.0,6887.0,6984.0,7081.0,7178.0,7275.0,7372.0,7469.0,7566.0,7663.0,7760.0,7857.0,7954.0,8051.0,8148.0,8245.0,8342.0,8439.0,8536.0,8633.0,8730.0,8827.0,8924.0,9021.0,9118.0,9215.0,9312.0,9409.0,9506.0,9603.0,9700.0,9797.0,9894.0,9991.0
98.0,98.0,196.0,294.0,392.0,490.0,588.0,686.0,784.0,882.0,980.0,1078.0,1176.0,1274.0,1372.0,1470.0,1568.0,1666.0,1764.0,1862.0,1960.0,2058.0,2156.0,2254.0,2352.0,2450.0,2548.0,2646.0,2744.0,2842.0,2940.0,3038.0,3136.0,3234.0,3332.0,3430.0,3528.0,3626.0,3724.0,3822.0,3920.0,4018.0,4116.0,4214.0,4312.0,4410.0,4508.0,4606.0,4704.0,4802.0,4900.0,4998.0,5096.0,5194.0,5292.0,5390.0,5488.0,5586.0,5684.0,5782.0,5880.0,5978.0,6076.0,6174.0,6272.0,6370.0,6468.0,6566.0,6664.0,6762.0,6860.0,6958.0,7056.0,7154.0,7252.0,7350.0,7448.0,7546.0,7644.0,7742.0,7840.0,7938.0,8036.0,8134.0,8232.0,8330.0,8428.0,8526.0,8624.0,8722.0,8820.0,8918.0,9016.0,9114.0,9212.0,9310.0,9408.0,9506.0,9604.0,9702.0,9800.0,9898.0,9996.0,10094.0
99.0,99.0,198.0,297.0,396.0,495.0,594.0,693.0,792.0,891.0,990.0,1089.0,1188.0,1287.0,1386.0,1485.0,1584.0,1683.0,1782.0,1881.0,1980.0,2079.0,2178.0,2277.0,2376.0,2475.0,2574.0,2673.0,2772.0,2871.0,2970.0,3069.0,3168.0,3267.0,3366.0,3465.0,3564.0,3663.0,3762.0,3861.0,3960.0,4059.0,4158.0,4257.0,4356.0,4455.0,4554.0,4653.0,4752.0,4851.0,4950.0,5049.0,5148.0,5247.0,5346.0,5445.0,5544.0,5643.0,5742.0,5841.0,5940.0,6039.0,6138.0,6237.0,6336.0,6435.0,6534.0,6633.0,6732.0,6831.0,6930.0,7029.0,7128.0,7227.0,7326.0,7425.0,7524.0,7623.0,7722.0,7821.0,7920.0,8019.0,8118.0,8217.0,8316.0,8415.0,8514.0,8613.0,8712.0,8811.0,8910.0,9009.0,9108.0,9207.0,9306.0,9405.0,9504.0,9603.0,9702.0,9801.0,9900.0,9999.0,10098.0,10197.0
100.0,100.0,200.0,300.0,400.0,500.0,600.0,700.0,800.0,900.0,1000.0,1100.0,1200.0,1300.0,1400.0,1500.0,1600.0,1700.0,1800.0,1900.0,2000.0,2100.0,2200.0,2300.0,2400.0,2500.0,2600.0,2700.0,2800.0,2900.0,3000.0,3100.0,3200.0,3300.0,3400.0,3500.0,3600.0,3700.0,3800.0,3900.0,4000.0,4100.0,4200.0,4300.0,4400.0,4500.0,4600.0,4700.0,4800.0,4900.0,5000.0,5100.0,5200.0,5300.0,5400.0,5500.0,5600.0,5700.0,5800.0,5900.0,6000.0,6100.0,6200.0,6300.0,6400.0,6500.0,6600.0,6700.0,6800.0,6900.0,7000.0,7100.0,7200.0,7300.0,7400.0,7500.0,7600.0,7700.0,7800.0,7900.0,8000.0,8100.0,8200.0,8300.0,8400.0,8500.0,8600.0,8700.0,8800.0,8900.0,9000.0,9100.0,9200.0,9300.0,9400.0,9500.0,9600.0,9700.0,9800.0,9900.0,10000.0,10100.0,10200.0,10300.0
101.0,101.0,202.0,303.0,404.0,505.0,606.0,707.0,808.0,909.0,1010.0,1111.0,1212.0,1313.0,1414.0,1515.0,1616.0,1717.0,1818.0,1919.0,2020.0,2121.0,2222.0,2323.0,2424.0,2525.0,2626.0,2727.0,2828.0,2929.0,3030.0,3131.0,3232.0,3333.0,3434.0,3535.0,3636.0,3737.0,3838.0,3939.0,4040.0,4141.0,4242.0,4343.0,4444.0,4545.0,4646.0,4747.0,4848.0,4949.0,5050.0,5151.0,5252.0,5353.0,5454.0,5555.0,5656.0,5757.0,5858.0,5959.0,6060.0,6161.0,6262.0,6363.0,6464.0,6565.0,6666.0,6767.0,6868.0,6969.0,7070.0,7171.0,7272.0,7373.0,7474.0,7575.0,7676.0,7777.0,7878.0,7979.0,8080.0,8181.0,8282.0,8383.0,8484.0,8585.0,8686.0,8787.0,8888.0,8989.0,9090.0,9191.0,9292.0,9393.0,9494.0,9595.0,9696.0,9797.0,9898.0,9999.0,10100.0,10201.0,10302.0,10403.0
102.0,102.0,204.0,306.0,408.0,510.0,612.0,714.0,816.0,918.0,1020.0,1122.0,1224.0,1326.0,1428.0,1530.0,1632.0,1734.0,1836.0,1938.0,2040.0,2142.0,2244.0,2346.0,2448.0,2550.0,2652.0,2754.0,2856.0,2958.0,3060.0,3162.0,3264.0,3366.0,3468.0,3570.0,3672.0,3774.0,3876.0,3978.0,4080.0,4182.0,4284.0,4386.0,4488.0,4590.0,4692.0,4794.0,4896.0,4998.0,5100.0,5202.0,5304.0,5406.0,5508.0,5610.0,5712.0,5814.0,5916.0,6018.0,6120.0,6222.0,6324.0,6426.0,6528.0,6630.0,6732.0,6834.0,6936.0,7038.0,7140.0,7242.0,7344.0,7446.0,7548.0,7650.0,7752.0,7854.0,7956.0,8058.0,8160.0,8262.0,8364.0,8466.0,8568.0,8670.0,8772.0,8874.0,8976.0,9078.0,9180.0,9282.0,9384.0,9486.0,9588.0,9690.0,9792.0,9894.0,9996.0,10098.0,10200.0,10302.0,10404.0,10506.0
