k,s,t,p,q,bound,status,source,note
4,1,1,15,16,max,proven-exhaustive,tools/refsolve.py,"independent solver, exhaustive both directions"
4,1,1,16,15,max,proven-exhaustive,tools/refsolve.py,"independent solver, exhaustive both directions"
4,2,1,11,16,max,proven-exhaustive,tools/refsolve.py,"independent solver, exhaustive both directions"
4,2,1,12,15,max,proven-exhaustive,tools/refsolve.py,"independent solver, exhaustive both directions"
4,2,1,13,14,max,proven-exhaustive,tools/refsolve.py,"independent solver, exhaustive both directions"
4,2,1,14,13,max,proven-exhaustive,tools/refsolve.py,"independent solver, exhaustive both directions"
4,2,1,15,12,max,proven-exhaustive,tools/refsolve.py,"independent solver, exhaustive both directions"
4,2,2,8,15,max,proven-exhaustive,tools/refsolve.py,"independent solver, exhaustive both directions"
4,2,2,9,14,max,proven-exhaustive,tools/refsolve.py,"independent solver, exhaustive both directions"
4,2,2,10,13,max,proven-exhaustive,tools/refsolve.py,"independent solver, exhaustive both directions"
4,2,2,11,13,max,proven-exhaustive,tools/refsolve.py,"independent solver, exhaustive both directions"
4,2,2,12,12,max,proven-exhaustive,tools/refsolve.py,"independent solver, exhaustive both directions"
4,2,2,13,11,max,proven-exhaustive,tools/refsolve.py,"independent solver, exhaustive both directions"
4,2,2,14,9,max,proven-exhaustive,tools/refsolve.py,"independent solver, exhaustive both directions"
4,2,2,15,8,max,proven-exhaustive,tools/refsolve.py,"independent solver, exhaustive both directions"
4,3,1,9,16,max,proven-exhaustive,tools/refsolve.py,"independent solver, exhaustive both directions"
4,3,1,10,15,max,proven-exhaustive,tools/refsolve.py,"independent solver, exhaustive both directions"
4,3,1,11,14,max,proven-exhaustive,tools/refsolve.py,"independent solver, exhaustive both directions"
4,3,1,12,13,max,proven-exhaustive,tools/refsolve.py,"independent solver, exhaustive both directions"
4,3,2,5,15,max,proven-exhaustive,tools/refsolve.py,"independent solver, exhaustive both directions"
4,3,2,6,14,max,proven-exhaustive,tools/refsolve.py,"independent solver, exhaustive both directions"
4,3,2,7,14,max,proven-exhaustive,tools/refsolve.py,"independent solver, exhaustive both directions"
4,3,2,8,13,max,proven-exhaustive,tools/refsolve.py,"independent solver, exhaustive both directions"
4,3,2,9,12,max,proven-exhaustive,tools/refsolve.py,"independent solver, exhaustive both directions"
4,3,2,10,12,max,proven-exhaustive,tools/refsolve.py,"independent solver, exhaustive both directions"
4,3,2,11,11,max,proven-exhaustive,tools/refsolve.py,"independent solver, exhaustive both directions"
4,3,2,12,10,max,proven-exhaustive,tools/refsolve.py,"independent solver, exhaustive both directions"
4,3,3,7,12,max,proven-exhaustive,tools/refsolve.py,"independent solver, exhaustive both directions"
4,3,3,8,10,max,proven-exhaustive,tools/refsolve.py,"independent solver, exhaustive both directions"
4,3,3,9,10,max,proven-exhaustive,tools/refsolve.py,"independent solver, exhaustive both directions"
4,3,3,10,9,max,proven-exhaustive,tools/refsolve.py,"independent solver, exhaustive both directions"
4,3,3,11,7,max,proven-exhaustive,tools/refsolve.py,"independent solver, exhaustive both directions"
4,3,3,12,7,max,proven-exhaustive,tools/refsolve.py,"independent solver, exhaustive both directions"
4,4,1,7,16,max,proven-exhaustive,tools/refsolve.py,"independent solver, exhaustive both directions"
4,4,1,8,15,max,proven-exhaustive,tools/refsolve.py,"independent solver, exhaustive both directions"
4,4,1,9,14,max,proven-exhaustive,tools/refsolve.py,"independent solver, exhaustive both directions"
4,4,1,10,12,max,proven-exhaustive,tools/refsolve.py,"independent solver, exhaustive both directions"
4,4,2,5,15,max,proven-exhaustive,tools/refsolve.py,"independent solver, exhaustive both directions"
4,4,2,6,14,max,proven-exhaustive,tools/refsolve.py,"independent solver, exhaustive both directions"
4,4,2,7,13,max,proven-exhaustive,tools/refsolve.py,"independent solver, exhaustive both directions"
4,4,2,8,12,max,proven-exhaustive,tools/refsolve.py,"independent solver, exhaustive both directions"
4,4,2,9,10,max,proven-exhaustive,tools/refsolve.py,"independent solver, exhaustive both directions"
4,4,2,10,9,max,proven-exhaustive,tools/refsolve.py,"independent solver, exhaustive both directions"
4,4,3,5,12,max,proven-exhaustive,tools/refsolve.py,"independent solver, exhaustive both directions"
4,4,3,6,11,max,proven-exhaustive,tools/refsolve.py,"independent solver, exhaustive both directions"
4,4,3,7,10,max,proven-exhaustive,tools/refsolve.py,"independent solver, exhaustive both directions"
4,4,3,8,8,max,proven-exhaustive,tools/refsolve.py,"independent solver, exhaustive both directions"
4,4,3,9,7,max,proven-exhaustive,tools/refsolve.py,"independent solver, exhaustive both directions"
4,4,3,10,6,max,proven-exhaustive,tools/refsolve.py,"independent solver, exhaustive both directions"
4,4,4,4,10,max,proven-exhaustive,tools/refsolve.py,"independent solver, exhaustive both directions"
4,4,4,5,9,max,proven-exhaustive,tools/refsolve.py,"independent solver, exhaustive both directions"
4,4,4,6,9,max,proven-exhaustive,tools/refsolve.py,"independent solver, exhaustive both directions"
4,4,4,7,8,max,proven-exhaustive,tools/refsolve.py,"independent solver, exhaustive both directions"
4,4,4,8,7,max,proven-exhaustive,tools/refsolve.py,"independent solver, exhaustive both directions"
4,4,4,9,6,max,proven-exhaustive,tools/refsolve.py,"independent solver, exhaustive both directions"
4,4,4,10,4,max,proven-exhaustive,tools/refsolve.py,"independent solver, exhaustive both directions"
4,5,1,6,16,max,proven-exhaustive,tools/refsolve.py,"independent solver, exhaustive both directions"
4,5,1,7,15,max,proven-exhaustive,tools/refsolve.py,"independent solver, exhaustive both directions"
4,5,1,8,13,max,proven-exhaustive,tools/refsolve.py,"independent solver, exhaustive both directions"
4,5,1,9,10,max,proven-exhaustive,tools/refsolve.py,"independent solver, exhaustive both directions"
4,5,2,4,15,max,proven-exhaustive,tools/refsolve.py,"independent solver, exhaustive both directions"
4,5,2,5,14,max,proven-exhaustive,tools/refsolve.py,"independent solver, exhaustive both directions"
4,5,2,6,13,max,proven-exhaustive,tools/refsolve.py,"independent solver, exhaustive both directions"
4,5,2,7,11,max,proven-exhaustive,tools/refsolve.py,"independent solver, exhaustive both directions"
4,5,2,8,9,max,proven-exhaustive,tools/refsolve.py,"independent solver, exhaustive both directions"
4,5,2,9,7,max,proven-exhaustive,tools/refsolve.py,"independent solver, exhaustive both directions"
4,5,3,4,12,max,proven-exhaustive,tools/refsolve.py,"independent solver, exhaustive both directions"
4,5,3,5,11,max,proven-exhaustive,tools/refsolve.py,"independent solver, exhaustive both directions"
4,5,3,6,10,max,proven-exhaustive,tools/refsolve.py,"independent solver, exhaustive both directions"
4,5,3,7,8,max,proven-exhaustive,tools/refsolve.py,"independent solver, exhaustive both directions"
4,5,3,8,7,max,proven-exhaustive,tools/refsolve.py,"independent solver, exhaustive both directions"
4,5,3,9,5,max,proven-exhaustive,tools/refsolve.py,"independent solver, exhaustive both directions"
4,6,1,5,16,max,proven-exhaustive,tools/refsolve.py,"independent solver, exhaustive both directions"
4,6,1,6,15,max,proven-exhaustive,tools/refsolve.py,"independent solver, exhaustive both directions"
4,6,1,7,12,max,proven-exhaustive,tools/refsolve.py,"independent solver, exhaustive both directions"
4,6,2,2,15,max,proven-exhaustive,tools/refsolve.py,"independent solver, exhaustive both directions"
4,6,2,3,14,max,proven-exhaustive,tools/refsolve.py,"independent solver, exhaustive both directions"
4,6,2,4,14,max,proven-exhaustive,tools/refsolve.py,"independent solver, exhaustive both directions"
4,6,2,5,13,max,proven-exhaustive,tools/refsolve.py,"independent solver, exhaustive both directions"
4,6,2,6,11,max,proven-exhaustive,tools/refsolve.py,"independent solver, exhaustive both directions"
4,6,2,7,9,max,proven-exhaustive,tools/refsolve.py,"independent solver, exhaustive both directions"
5,1,1,31,32,max,solver-frontier,radio_2part.c,
5,1,1,32,31,max,solver-frontier,radio_2part.c,
5,2,1,26,32,max,solver-frontier,radio_2part.c,
5,2,1,27,31,max,solver-frontier,radio_2part.c,
5,2,1,28,30,max,solver-frontier,radio_2part.c,
5,2,1,29,29,max,solver-frontier,radio_2part.c,
5,2,1,30,28,max,solver-frontier,radio_2part.c,
5,2,1,31,27,max,solver-frontier,radio_2part.c,
5,2,2,22,31,max,solver-frontier,radio_2part.c,
5,2,2,23,30,max,solver-frontier,radio_2part.c,
5,2,2,24,29,max,solver-frontier,radio_2part.c,
5,2,2,25,29,max,solver-frontier,radio_2part.c,
5,2,2,26,28,max,solver-frontier,radio_2part.c,
5,2,2,27,27,max,solver-frontier,radio_2part.c,
5,2,2,28,26,max,solver-frontier,radio_2part.c,
5,2,2,29,25,max,solver-frontier,radio_2part.c,
5,2,2,30,23,max,solver-frontier,radio_2part.c,
5,2,2,31,22,max,solver-frontier,radio_2part.c,
5,3,1,23,32,max,solver-frontier,radio_2part.c,
5,3,1,24,31,max,solver-frontier,radio_2part.c,
5,3,1,25,30,max,solver-frontier,radio_2part.c,
5,3,1,26,29,max,solver-frontier,radio_2part.c,
5,3,1,27,28,max,solver-frontier,radio_2part.c,
5,3,2,16,31,max,solver-frontier,radio_2part.c,
5,3,2,17,30,max,solver-frontier,radio_2part.c,
5,3,2,18,29,max,solver-frontier,radio_2part.c,
5,3,2,19,29,max,solver-frontier,radio_2part.c,
5,3,2,20,28,max,solver-frontier,radio_2part.c,
5,3,2,21,28,max,solver-frontier,radio_2part.c,
5,3,2,22,27,max,solver-frontier,radio_2part.c,
5,3,2,23,27,max,solver-frontier,radio_2part.c,
5,3,2,24,26,max,solver-frontier,radio_2part.c,
5,3,2,25,25,max,solver-frontier,radio_2part.c,
5,3,2,26,24,max,solver-frontier,radio_2part.c,
5,3,2,27,23,max,solver-frontier,radio_2part.c,
5,3,3,18,27,max,solver-frontier,radio_2part.c,
5,3,3,19,26,max,solver-frontier,radio_2part.c,
5,3,3,20,25,max,solver-frontier,radio_2part.c,
5,3,3,21,24,max,solver-frontier,radio_2part.c,
5,3,3,22,23,max,solver-frontier,radio_2part.c,
5,3,3,23,22,max,solver-frontier,radio_2part.c,
5,3,3,24,21,max,solver-frontier,radio_2part.c,
5,3,3,25,20,max,solver-frontier,radio_2part.c,
5,3,3,26,19,max,solver-frontier,radio_2part.c,
5,3,3,27,18,max,solver-frontier,radio_2part.c,
5,4,1,20,32,max,solver-frontier,radio_2part.c,
5,4,1,21,30,max,solver-frontier,radio_2part.c,
5,4,1,22,29,max,solver-frontier,radio_2part.c,
5,4,1,23,28,max,solver-frontier,radio_2part.c,
5,4,1,24,26,max,solver-frontier,radio_2part.c,
5,4,2,15,31,max,solver-frontier,radio_2part.c,
5,4,2,16,30,max,solver-frontier,radio_2part.c,
5,4,2,17,29,max,solver-frontier,radio_2part.c,
5,4,2,18,29,max,solver-frontier,radio_2part.c,
5,4,2,19,28,max,solver-frontier,radio_2part.c,
5,4,2,20,26,max,solver-frontier,radio_2part.c,
5,4,2,21,25,max,solver-frontier,radio_2part.c,
5,4,2,22,24,max,solver-frontier,radio_2part.c,
5,4,2,23,23,max,solver-frontier,radio_2part.c,
5,4,2,24,21,max,solver-frontier,radio_2part.c,
5,4,3,15,27,max,solver-frontier,radio_2part.c,
5,4,3,16,26,max,solver-frontier,radio_2part.c,
5,4,3,17,25,max,solver-frontier,radio_2part.c,
5,4,3,18,24,max,solver-frontier,radio_2part.c,
5,4,3,19,23,max,solver-frontier,radio_2part.c,
5,4,3,20,21,max,solver-frontier,radio_2part.c,
5,4,3,21,19,max,solver-frontier,radio_2part.c,
5,4,3,22,18,max,solver-frontier,radio_2part.c,
5,4,3,23,17,max,solver-frontier,radio_2part.c,
5,4,3,24,16,max,solver-frontier,radio_2part.c,
5,4,4,13,24,max,solver-frontier,radio_2part.c,
5,4,4,14,23,max,solver-frontier,radio_2part.c,
5,4,4,15,22,max,solver-frontier,radio_2part.c,
5,4,4,16,21,max,solver-frontier,radio_2part.c,
5,4,4,17,21,max,solver-frontier,radio_2part.c,
5,4,4,18,20,max,solver-frontier,radio_2part.c,
5,4,4,19,19,max,solver-frontier,radio_2part.c,
5,4,4,20,18,max,solver-frontier,radio_2part.c,
5,4,4,21,17,max,solver-frontier,radio_2part.c,
5,4,4,22,15,max,solver-frontier,radio_2part.c,
5,4,4,23,14,max,solver-frontier,radio_2part.c,
5,4,4,24,13,max,solver-frontier,radio_2part.c,
5,5,1,17,32,max,solver-frontier,radio_2part.c,
5,5,1,18,31,max,solver-frontier,radio_2part.c,
5,5,1,19,29,max,solver-frontier,radio_2part.c,
5,5,1,20,27,max,solver-frontier,radio_2part.c,
5,5,1,21,25,max,solver-frontier,radio_2part.c,
5,5,1,22,23,max,solver-frontier,radio_2part.c,
5,5,2,12,31,max,solver-frontier,radio_2part.c,
5,5,2,13,30,max,solver-frontier,radio_2part.c,
5,5,2,14,30,max,solver-frontier,radio_2part.c,
5,5,2,15,29,max,solver-frontier,radio_2part.c,
5,5,2,16,28,max,solver-frontier,radio_2part.c,
5,5,2,17,27,max,solver-frontier,radio_2part.c,
5,5,2,18,26,max,solver-frontier,radio_2part.c,
5,5,2,19,24,max,solver-frontier,radio_2part.c,
5,5,2,20,23,max,solver-frontier,radio_2part.c,
5,5,2,21,20,max,solver-frontier,radio_2part.c,
5,5,2,22,17,max,solver-frontier,radio_2part.c,
5,5,3,13,27,max,solver-frontier,radio_2part.c,
5,5,3,14,26,max,solver-frontier,radio_2part.c,
5,5,3,15,25,max,solver-frontier,radio_2part.c,
5,5,3,16,23,max,solver-frontier,radio_2part.c,
5,5,3,17,21,max,solver-frontier,radio_2part.c,
5,5,3,18,20,max,solver-frontier,radio_2part.c,
5,5,3,19,19,max,solver-frontier,radio_2part.c,
5,5,3,20,18,max,solver-frontier,radio_2part.c,
5,5,3,21,17,max,solver-frontier,radio_2part.c,
5,5,3,22,14,max,solver-frontier,radio_2part.c,
5,5,4,10,24,max,solver-frontier,radio_2part.c,
5,5,4,11,23,max,solver-frontier,radio_2part.c,
5,5,4,12,23,max,solver-frontier,radio_2part.c,
5,5,4,13,22,max,solver-frontier,radio_2part.c,
5,5,4,14,21,max,solver-frontier,radio_2part.c,
5,5,4,15,20,max,solver-frontier,radio_2part.c,
5,5,4,16,19,max,solver-frontier,radio_2part.c,
5,5,4,17,18,max,solver-frontier,radio_2part.c,
5,5,4,18,17,max,solver-frontier,radio_2part.c,
5,5,4,19,15,max,solver-frontier,radio_2part.c,
5,5,4,20,14,max,solver-frontier,radio_2part.c,
5,5,4,21,13,max,solver-frontier,radio_2part.c,
5,5,4,22,11,max,solver-frontier,radio_2part.c,
5,5,5,8,22,max,solver-frontier,radio_2part.c,
5,5,5,9,21,max,solver-frontier,radio_2part.c,
5,5,5,10,21,max,solver-frontier,radio_2part.c,
5,5,5,11,21,max,solver-frontier,radio_2part.c,
5,5,5,12,20,max,solver-frontier,radio_2part.c,
5,5,5,13,19,max,solver-frontier,radio_2part.c,
5,5,5,14,18,max,solver-frontier,radio_2part.c,
5,5,5,15,17,max,solver-frontier,radio_2part.c,
5,5,5,16,16,max,solver-frontier,radio_2part.c,
5,5,5,17,15,max,solver-frontier,radio_2part.c,
5,5,5,18,14,max,solver-frontier,radio_2part.c,
5,5,5,19,13,max,solver-frontier,radio_2part.c,
5,5,5,20,12,max,solver-frontier,radio_2part.c,
5,5,5,21,11,max,solver-frontier,radio_2part.c,
5,5,5,22,8,max,solver-frontier,radio_2part.c,
5,6,1,15,32,max,solver-frontier,radio_2part.c,
5,6,1,16,31,max,solver-frontier,radio_2part.c,
5,6,1,17,30,max,solver-frontier,radio_2part.c,
5,6,1,18,27,max,solver-frontier,radio_2part.c,
5,6,1,19,25,max,solver-frontier,radio_2part.c,
5,6,2,10,31,max,solver-frontier,radio_2part.c,
5,6,2,11,30,max,solver-frontier,radio_2part.c,
5,6,2,12,30,max,solver-frontier,radio_2part.c,
5,6,2,13,30,max,solver-frontier,radio_2part.c,
5,6,2,14,28,max,solver-frontier,radio_2part.c,
5,6,2,15,27,max,solver-frontier,radio_2part.c,
5,6,2,16,26,max,solver-frontier,radio_2part.c,
5,6,2,17,24,max,solver-frontier,radio_2part.c,
5,6,2,18,23,max,solver-frontier,radio_2part.c,
5,6,2,19,19,max,solver-frontier,radio_2part.c,
5,6,3,11,27,max,solver-frontier,radio_2part.c,
5,6,3,12,26,max,solver-frontier,radio_2part.c,
5,6,3,13,25,max,solver-frontier,radio_2part.c,
5,6,3,14,23,max,solver-frontier,radio_2part.c,
5,6,3,15,22,max,solver-frontier,radio_2part.c,
5,6,3,16,20,max,solver-frontier,radio_2part.c,
5,6,3,17,19,max,solver-frontier,radio_2part.c,
5,6,3,18,17,max,solver-frontier,radio_2part.c,
5,6,3,19,15,max,solver-frontier,radio_2part.c,
5,6,4,9,24,max,solver-frontier,radio_2part.c,
5,6,4,10,23,max,solver-frontier,radio_2part.c,
5,6,4,11,22,max,solver-frontier,radio_2part.c,
5,6,4,12,22,max,solver-frontier,radio_2part.c,
5,6,4,13,21,max,solver-frontier,radio_2part.c,
5,6,4,14,19,max,solver-frontier,radio_2part.c,
5,6,4,15,18,max,solver-frontier,radio_2part.c,
5,6,4,16,17,max,solver-frontier,radio_2part.c,
5,6,4,17,15,max,solver-frontier,radio_2part.c,
5,6,4,18,14,max,solver-frontier,radio_2part.c,
5,6,4,19,12,max,solver-frontier,radio_2part.c,
5,7,1,14,32,max,solver-frontier,radio_2part.c,
5,7,1,15,30,max,solver-frontier,radio_2part.c,
5,7,1,16,28,max,solver-frontier,radio_2part.c,
5,7,1,17,24,max,solver-frontier,radio_2part.c,
5,7,2,9,31,max,solver-frontier,radio_2part.c,
5,7,2,10,30,max,solver-frontier,radio_2part.c,
5,7,2,11,29,max,solver-frontier,radio_2part.c,
5,7,2,12,29,max,solver-frontier,radio_2part.c,
5,7,2,13,28,max,solver-frontier,radio_2part.c,
5,7,2,14,26,max,solver-frontier,radio_2part.c,
5,7,2,15,25,max,solver-frontier,radio_2part.c,
5,7,2,16,22,max,solver-frontier,radio_2part.c,
5,7,2,17,20,max,solver-frontier,radio_2part.c,
5,7,3,10,27,max,solver-frontier,radio_2part.c,
5,7,3,11,25,max,solver-frontier,radio_2part.c,
5,7,3,12,24,max,solver-frontier,radio_2part.c,
5,7,3,13,22,max,solver-frontier,radio_2part.c,
5,7,3,14,20,max,solver-frontier,radio_2part.c,
5,7,3,15,19,max,solver-frontier,radio_2part.c,
5,7,3,16,17,max,solver-frontier,radio_2part.c,
5,7,3,17,15,max,solver-frontier,radio_2part.c,
5,8,1,12,32,max,solver-frontier,radio_2part.c,
5,8,1,13,30,max,solver-frontier,radio_2part.c,
5,8,1,14,28,max,solver-frontier,radio_2part.c,
5,8,1,15,25,max,solver-frontier,radio_2part.c,
5,8,2,8,31,max,solver-frontier,radio_2part.c,
5,8,2,9,30,max,solver-frontier,radio_2part.c,
5,8,2,10,29,max,solver-frontier,radio_2part.c,
5,8,2,11,28,max,solver-frontier,radio_2part.c,
5,8,2,12,27,max,solver-frontier,radio_2part.c,
5,8,2,13,25,max,solver-frontier,radio_2part.c,
5,8,2,14,23,max,solver-frontier,radio_2part.c,
5,8,2,15,20,max,solver-frontier,radio_2part.c,
5,9,1,10,32,max,solver-frontier,radio_2part.c,
5,9,1,11,31,max,solver-frontier,radio_2part.c,
5,9,1,12,29,max,solver-frontier,radio_2part.c,
5,9,1,13,26,max,solver-frontier,radio_2part.c,
5,9,1,14,23,max,solver-frontier,radio_2part.c,
6,1,1,63,64,max,solver-frontier,radio_2part.c,
6,1,1,64,63,max,solver-frontier,radio_2part.c,
6,2,1,57,64,max,solver-frontier,radio_2part.c,
6,2,1,58,63,max,solver-frontier,radio_2part.c,
6,2,1,59,62,max,solver-frontier,radio_2part.c,
6,2,1,60,61,max,solver-frontier,radio_2part.c,
6,2,1,61,60,max,solver-frontier,radio_2part.c,
6,2,1,62,59,max,solver-frontier,radio_2part.c,
6,2,1,63,58,max,solver-frontier,radio_2part.c,
6,2,2,52,63,max,solver-frontier,radio_2part.c,
6,2,2,53,62,max,solver-frontier,radio_2part.c,
6,2,2,54,61,max,solver-frontier,radio_2part.c,
6,2,2,55,61,max,solver-frontier,radio_2part.c,
6,2,2,56,60,max,solver-frontier,radio_2part.c,
6,2,2,57,59,max,solver-frontier,radio_2part.c,
6,2,2,58,58,max,solver-frontier,radio_2part.c,
6,2,2,59,57,max,solver-frontier,radio_2part.c,
6,2,2,60,56,max,solver-frontier,radio_2part.c,
6,2,2,61,55,max,solver-frontier,radio_2part.c,
6,2,2,62,53,max,solver-frontier,radio_2part.c,
6,2,2,63,52,max,solver-frontier,radio_2part.c,
6,3,1,53,64,max,solver-frontier,radio_2part.c,
6,3,1,54,63,max,solver-frontier,radio_2part.c,
6,3,1,55,62,max,solver-frontier,radio_2part.c,
6,3,1,56,61,max,solver-frontier,radio_2part.c,
6,3,1,57,60,max,solver-frontier,radio_2part.c,
6,3,1,58,59,max,solver-frontier,radio_2part.c,
6,3,2,42,63,max,solver-frontier,radio_2part.c,
6,3,2,43,62,max,solver-frontier,radio_2part.c,
6,3,2,44,61,max,solver-frontier,radio_2part.c,
6,3,2,45,61,max,solver-frontier,radio_2part.c,
6,3,2,46,60,max,solver-frontier,radio_2part.c,
6,3,2,47,60,max,solver-frontier,radio_2part.c,
6,3,2,48,59,max,solver-frontier,radio_2part.c,
6,3,2,49,59,max,solver-frontier,radio_2part.c,
6,3,2,50,58,max,solver-frontier,radio_2part.c,
6,3,2,51,58,max,solver-frontier,radio_2part.c,
6,3,2,52,57,max,solver-frontier,radio_2part.c,
6,3,2,53,56,max,solver-frontier,radio_2part.c,
6,3,2,54,55,max,solver-frontier,radio_2part.c,
6,3,2,55,54,max,solver-frontier,radio_2part.c,
6,3,2,56,53,max,solver-frontier,radio_2part.c,
6,3,2,57,52,max,solver-frontier,radio_2part.c,
6,3,2,58,51,max,solver-frontier,radio_2part.c,
6,3,3,43,58,max,solver-frontier,radio_2part.c,
6,3,3,44,57,max,solver-frontier,radio_2part.c,
6,3,3,45,56,max,solver-frontier,radio_2part.c,
6,3,3,46,56,max,solver-frontier,radio_2part.c,
6,3,3,47,55,max,solver-frontier,radio_2part.c,
6,3,3,48,54,max,solver-frontier,radio_2part.c,
6,3,3,49,52,max,solver-frontier,radio_2part.c,
6,3,3,50,51,max,solver-frontier,radio_2part.c,
6,3,3,51,50,max,solver-frontier,radio_2part.c,
6,3,3,52,49,max,solver-frontier,radio_2part.c,
6,3,3,53,48,max,solver-frontier,radio_2part.c,
6,3,3,54,48,max,solver-frontier,radio_2part.c,
6,3,3,55,47,max,solver-frontier,radio_2part.c,
6,3,3,56,46,max,solver-frontier,radio_2part.c,
6,3,3,57,44,max,solver-frontier,radio_2part.c,
6,3,3,58,43,max,solver-frontier,radio_2part.c,
6,4,1,47,64,max,solver-frontier,radio_2part.c,
6,4,1,48,63,max,solver-frontier,radio_2part.c,
6,4,1,49,62,max,solver-frontier,radio_2part.c,
6,4,1,50,60,max,solver-frontier,radio_2part.c,
6,4,1,51,59,max,solver-frontier,radio_2part.c,
6,4,1,52,58,max,solver-frontier,radio_2part.c,
6,4,1,53,57,max,solver-frontier,radio_2part.c,
6,4,1,54,55,max,solver-frontier,radio_2part.c,
6,4,2,40,62,max,solver-frontier,radio_2part.c,
6,4,2,41,61,max,solver-frontier,radio_2part.c,
6,4,2,42,61,max,solver-frontier,radio_2part.c,
6,4,2,43,60,max,solver-frontier,radio_2part.c,
6,4,2,44,60,max,solver-frontier,radio_2part.c,
6,4,2,45,59,max,solver-frontier,radio_2part.c,
6,4,2,46,58,max,solver-frontier,radio_2part.c,
6,4,2,47,57,max,solver-frontier,radio_2part.c,
6,4,2,48,56,max,solver-frontier,radio_2part.c,
6,4,2,49,55,max,solver-frontier,radio_2part.c,
6,4,2,50,54,max,solver-frontier,radio_2part.c,
6,4,2,51,53,max,solver-frontier,radio_2part.c,
6,4,2,52,51,max,solver-frontier,radio_2part.c,
6,4,2,53,48,max,solver-frontier,radio_2part.c,
6,4,2,54,47,max,solver-frontier,radio_2part.c,
6,4,3,37,58,max,solver-frontier,radio_2part.c,
6,4,3,38,57,max,solver-frontier,radio_2part.c,
6,4,3,39,57,max,solver-frontier,radio_2part.c,
6,4,3,40,56,max,solver-frontier,radio_2part.c,
6,4,3,41,55,max,solver-frontier,radio_2part.c,
6,4,3,42,55,max,solver-frontier,radio_2part.c,
6,4,3,43,54,max,solver-frontier,radio_2part.c,
6,4,3,44,53,max,solver-frontier,radio_2part.c,
6,4,3,45,51,max,solver-frontier,radio_2part.c,
6,4,3,46,49,max,solver-frontier,radio_2part.c,
6,4,3,47,48,max,solver-frontier,radio_2part.c,
6,4,3,48,47,max,solver-frontier,radio_2part.c,
6,4,3,49,46,max,solver-frontier,radio_2part.c,
6,4,3,50,45,max,solver-frontier,radio_2part.c,
6,4,3,51,44,max,solver-frontier,radio_2part.c,
6,4,3,52,43,max,solver-frontier,radio_2part.c,
6,4,3,53,41,max,solver-frontier,radio_2part.c,
6,4,3,54,38,max,solver-frontier,radio_2part.c,
6,4,4,35,53,max,solver-frontier,radio_2part.c,
6,4,4,36,52,max,solver-frontier,radio_2part.c,
6,4,4,37,52,max,solver-frontier,radio_2part.c,
6,4,4,38,51,max,solver-frontier,radio_2part.c,
6,4,4,39,50,max,solver-frontier,radio_2part.c,
6,4,4,40,49,max,solver-frontier,radio_2part.c,
6,4,4,41,49,max,solver-frontier,radio_2part.c,
6,4,4,42,48,max,solver-frontier,radio_2part.c,
6,4,4,43,48,max,solver-frontier,radio_2part.c,
6,4,4,44,47,max,solver-frontier,radio_2part.c,
6,4,4,45,46,max,solver-frontier,radio_2part.c,
6,4,4,46,45,max,solver-frontier,radio_2part.c,
6,4,4,47,44,max,solver-frontier,radio_2part.c,
6,4,4,48,43,max,solver-frontier,radio_2part.c,
6,4,4,49,41,max,solver-frontier,radio_2part.c,
6,4,4,50,39,max,solver-frontier,radio_2part.c,
6,4,4,51,38,max,solver-frontier,radio_2part.c,
6,4,4,52,37,max,solver-frontier,radio_2part.c,
6,4,4,53,35,max,solver-frontier,radio_2part.c,
6,4,4,54,32,max,solver-frontier,radio_2part.c,
6,5,1,44,64,max,solver-frontier,radio_2part.c,
6,5,1,45,62,max,solver-frontier,radio_2part.c,
6,5,1,46,60,max,solver-frontier,radio_2part.c,
6,5,2,38,62,max,solver-frontier,radio_2part.c,
6,5,2,39,61,max,solver-frontier,radio_2part.c,
6,5,2,40,60,max,solver-frontier,radio_2part.c,
6,5,2,41,59,max,solver-frontier,radio_2part.c,
6,5,2,42,58,max,solver-frontier,radio_2part.c,
6,5,2,43,57,max,solver-frontier,radio_2part.c,
6,5,2,44,55,max,solver-frontier,radio_2part.c,
6,5,2,45,54,max,solver-frontier,radio_2part.c,
6,5,2,46,52,max,solver-frontier,radio_2part.c,
