title	scholar_bibliographic_line	seen_on
[BOOK][B] Combinatorial group testing and its applications	DZ Du, FK Hwang - 1999 - books.google.com	Aigner 1986 p1; Aigner 1988 p1; Gargano 1992 p1
Group testing: an information theory perspective	M Aldridge, O Johnson, J Scarlett - Foundations and Trends® in …, 2019 - emerald.com	Aigner 1986 p1; Aigner 1986 p2
[BOOK][B] Pooling designs and nonadaptive group testing: important tools for DNA sequencing	FK Hwang, D Du - 2006 - books.google.com	Aigner 1986 p1
Optimal reconstruction of graphs under the additive model	V Grebinski, G Kucherov - Algorithmica, 2000 - Springer	Aigner 1986 p1; Aigner 1986 p2; Aigner 1988 p2; Aigner 1988 p12; Gargano 1992 p1; Gargano 1992 p2
Realizability and uniqueness in graphs	M Aigner, E Triesch - Discrete Mathematics, 1994 - Elsevier	Aigner 1986 p1; Aigner 1988 p2
[PDF][PDF] Optimal Algorithms for the Coin Weighing Problem with a Spring Scale.	NH Bshouty - COLT, 2009 - learningtheory.org	Aigner 1986 p1; Aigner 1988 p2
A Fast Binary Splitting Approach for Non-Adaptive Learning of Erdős–Rényi Graphs	H Ta, J Scarlett - IEEE Transactions on Information Theory, 2026 - ieeexplore.ieee.org	Aigner 1986 p1
Optimal nested test plan for combinatorial quantitative group testing	C Wang, Q Zhao, CN Chuah - IEEE Transactions on Signal …, 2017 - ieeexplore.ieee.org	Aigner 1986 p1; Gargano 1992 p1
On Parity Check (0, 1)-Matrix over ℤp	NH Bshouty, H Mazzawi - Proceedings of the Twenty-Second Annual ACM …, 2011 - SIAM	Aigner 1986 p1; Aigner 1988 p5
Group testing with general correlation using hypergraphs	H Nikpey, S Sarkar, SS Bidokhti - IEEE Transactions on …, 2026 - ieeexplore.ieee.org	Aigner 1986 p1; Gargano 1992 p1
An improved algorithm for quantitative group testing	L Gargano, V Montouri, G Setaro, U Vaccaro - Discrete applied …, 1992 - Elsevier	Aigner 1986 p2; Aigner 1988 p7
The optimal procedures for quantitative group testing	FH Hao - Discrete Applied Mathematics, 1990 - Elsevier	Aigner 1986 p2
A tight upper bound for group testing in graphs	P Damaschke - Discrete applied mathematics, 1994 - Elsevier	Aigner 1986 p2
A simple and efficient strategy for the coin weighing problem with a spring scale	E Karimi, F Kazemi, A Heidarzadeh… - … on Information Theory …, 2018 - ieeexplore.ieee.org	Aigner 1986 p2; Aigner 1988 p9
Learning erdos-renyi random graphs via edge detecting queries	Z Li, M Fresacher, J Scarlett - Advances in Neural …, 2019 - proceedings.neurips.cc	Aigner 1986 p2
Determining defectives in a linear order	M Aigner, M Schughart - Journal of statistical planning and inference, 1985 - Elsevier	Aigner 1986 p2
Searching for an edge in a graph	M Aigner, E Triesch - Journal of graph theory, 1988 - Wiley Online Library	Aigner 1986 p2
A search problem on graphs which generalizes some group testing problems with two defectives	T Andreae - Discrete Mathematics, 1991 - Elsevier	Aigner 1986 p2
[HTML][HTML] An adaptive algorithm for group testing for complexes	J Chodoriwsky, L Moura - Theoretical Computer Science, 2015 - Elsevier	Aigner 1986 p3
[HTML][HTML] A competitive algorithm to find all defective edges in a graph	FK Hwang - Discrete applied mathematics, 2005 - Elsevier	Aigner 1986 p3
Edge search in graphs and hypergraphs of bounded rank	I Althöfer, E Triesch - Discrete mathematics, 1993 - Elsevier	Aigner 1986 p3; Aigner 1988 p13
A ternary search problem on graphs	T Andreae - Discrete applied mathematics, 1989 - Elsevier	Aigner 1986 p3
Optimal adaptive search: reliable and unreliable models	A Negro, G Parlati, P Ritrovato - Proc. 5th Italian Conf. on …, 1995 - World Scientific	Aigner 1986 p3
Applications of Graph Theory in Information Theory	MH NikpeySalekde - 2025 - search.proquest.com	Aigner 1986 p3; Gargano 1992 p2
An order-optimal adaptive test plan for noisy group testing under unknown noise models	S Salgia, Q Zhao - ICASSP 2021-2021 IEEE International …, 2021 - ieeexplore.ieee.org	Aigner 1986 p3; Gargano 1992 p2
On capacities of the two-user union channel with complete feedback	Z Jiang, N Polyanskii, I Vorobyev - IEEE Transactions on …, 2018 - ieeexplore.ieee.org	Aigner 1986 p3; Gargano 1992 p2
Non-adaptive group testing on graphs	H Kameli - Discrete Mathematics & Theoretical Computer …, 2018 - dmtcs.episciences.org	Aigner 1986 p3
On Parity Check (0,1)-Matrix over	NH Bshouty, H Mazzawi - SIAM Journal on Discrete Mathematics, 2015 - SIAM	Aigner 1986 p3; Aigner 1988 p18
Group testing in graphs	JS Juan, GJ Chang - Journal of combinatorial optimization, 2007 - Springer	Aigner 1986 p4
Group testing in bipartite graphs	ST Juan, GJ Chang - Taiwanese Journal of Mathematics, 2002 - projecteuclid.org	Aigner 1986 p4
Search problems: one, two or many rounds	CA Christen - Discrete Mathematics, 1994 - Elsevier	Aigner 1986 p4; Gargano 1992 p2
An optimal group testing algorithm on k disjoint sets	JF Weng, FK Hwang - Operations research letters, 1993 - Elsevier	Aigner 1986 p4
[PDF][PDF] A near-optimal algorithm for adaptive searching of two counterfeit coins	Z Jiang, N Polyanskii, I Vorobyev - nikitapolyanskii.com	Aigner 1986 p4; Gargano 1992 p2
A combinatorial problem: failure load analysis of rigid frames	A Miyamura, Y Kohama, T Takada - Advances in Engineering Software, 1996 - Elsevier	Aigner 1986 p4
[BOOK][B] Algorithmic and Coding-Theoretic Methods for Group Testing and Private Information Retrieval	E Karimi - 2022 - search.proquest.com	Aigner 1986 p4
A binary search problem on graphs	R Franzkeit - Discrete applied mathematics, 1992 - Elsevier	Aigner 1986 p4
On the binary adder channel with complete feedback, with an application to quantitative group testing	SH Florin, MH Ho, Z Jiang - IEEE Transactions on Information …, 2021 - ieeexplore.ieee.org	Aigner 1986 p4; Gargano 1992 p3
[PDF][PDF] Group testing for two defectives and the zero-error channel capacity	S Florin, M Ho, R Thomas - 2021 - math.mit.edu	Aigner 1986 p4; Gargano 1992 p3
[BOOK][B] Sequential Design of Experiments for Anomaly Detection	C Wang - 2018 - search.proquest.com	Aigner 1986 p5; Gargano 1992 p3
[HTML][HTML] A ternary search problem on two disjoint sets	S Li, X Wu, E Triesch - Discrete Applied Mathematics, 2018 - Elsevier	Aigner 1986 p5
[PDF][PDF] Searching for many defective edges in hypergraphs	J Emonts - 2013 - publications.rwth-aachen.de	Aigner 1986 p5
On Parity Check (0, 1)-Matrix over Z^ sub p^	NH Bshouty, H Mazzawi - … of the ACM-SIAM Symposium on …, 2011 - search.proquest.com	Aigner 1986 p5
Optimal Adaptive Search	A Negro, P Ritrovato - … , Villa Rufolo, Ravello, Italy, November 9 …, 1996 - books.google.com	Aigner 1986 p5
[CITATION][C] Department of Applied Mathematics, National Chiao-Tung University, Hsin-Chu, Taiwan, Republic of China Received 23 July 2003; received in revised …	FK Hwang - Discrete Applied Mathematics, 2005	Aigner 1986 p5
[PDF][PDF] A BINARY SEARCH PR () ELEM (ON GRAPHS	R Tošić, D Mašulović - emis.dsd.sztaki.hu	Aigner 1986 p5
Edge search in hypergraphs	I Althöfer, M Löwe - Discrete Mathematics, 1996 - Elsevier	Aigner 1986 p5
Optimal Reconstruction of Graphs Under the	A Model - Algorithms-ESA'97: 5th Annual European Symposium …, 1997 - books.google.com	Aigner 1986 p5; Gargano 1992 p3
[HTML][HTML] Optimal quantitative group testing on cycles and paths	FK Hwang, JS Lee - Discrete applied mathematics, 2001 - Elsevier	Aigner 1986 p5
[CITATION][C] Adaptive search for 2 defective coins	I Vorobyev	Aigner 1986 p6
[CITATION][C] Quantitative Group Testing for Heavy Hitter Detection	C Wang, Q Zhao, CN Chuah - arXiv preprint arXiv:1407.2283, 2014	Aigner 1986 p6; Gargano 1992 p3
[CITATION][C] A BINARY SEARCH PROBLEM ON GRAPHS	R ko Tosic, D Masulovic	Aigner 1986 p6
[CITATION][C] Ratko Tošić, ¹ Dragan Mašulović	S Mat - Review of Research: Mathematical series, 1994 - Fakultet	Aigner 1986 p6
Landauer principle and thermodynamics of computation	P Chattopadhyay, A Misra, T Pandit… - Reports on Progress in …, 2025 - iopscience.iop.org	Aigner 1988 p1
[BOOK][B] The algorithm design manual	SS Skiena, SS Skiena - 1998 - Springer	Aigner 1988 p1
Code and parse trees for lossless source encoding	J Abrahams - … and Complexity of SEQUENCES 1997 (Cat. No …, 1997 - ieeexplore.ieee.org	Aigner 1988 p1
Zero-error information theory	J Korner, A Orlitsky - IEEE Transactions on Information Theory, 1998 - ieeexplore.ieee.org	Aigner 1988 p1
Am empirical analysis of optimization techniques for terminological representation systems: Or: Making KRIS get a move on	F Baader, B Hollunder, B Nebel, HJ Profitlich… - Applied …, 1994 - Springer	Aigner 1988 p1
Learning pattern classification-a survey	SR Kulkarni, G Lugosi… - IEEE Transactions on …, 1998 - ieeexplore.ieee.org	Aigner 1988 p1
Graph-constrained group testing	M Cheraghchi, A Karbasi, S Mohajer… - IEEE Transactions on …, 2012 - ieeexplore.ieee.org	Aigner 1988 p1
Optimal two-stage algorithms for group testing problems	A De Bonis, L Gasieniec, U Vaccaro - SIAM Journal on Computing, 2005 - SIAM	Aigner 1988 p1
Learning spanning forests optimally in weighted undirected graphs with cut queries	H Liao, D Chakrabarty - International Conference on …, 2024 - proceedings.mlr.press	Aigner 1988 p1
[BOOK][B] Fault-tolerant search algorithms: reliable computation with unreliable information	F Cicalese - 2013 - Springer	Aigner 1988 p2
[BOOK][B] A course in topological combinatorics	M De Longueville - 2013 - books.google.com	Aigner 1988 p2
Reconstructing a Hamiltonian cycle by querying the graph: Application to DNA physical mapping	V Grebinski, G Kucherov - Discrete Applied Mathematics, 1998 - Elsevier	Aigner 1988 p2
Embedding arbitrary graphs of maximum degree two	M Aigner, S Brandt - Journal of the London Mathematical …, 1993 - academic.oup.com	Aigner 1988 p2
Supermodularity and subadditivity properties of the entropy on the majorization lattice	F Cicalese, U Vaccaro - IEEE Transactions on Information …, 2002 - ieeexplore.ieee.org	Aigner 1988 p2
Combinatorial search on graphs motivated by bioinformatics applications: A brief survey	M Bouvel, V Grebinski, G Kucherov - International Workshop on Graph …, 2005 - Springer	Aigner 1988 p2
Optimal query complexity bounds for finding graphs	SS Choi, JH Kim - Proceedings of the fortieth annual ACM symposium on …, 2008 - dl.acm.org	Aigner 1988 p2
[PDF][PDF] Problems on algorithms	I Parberry - ACM Sigact News, 1995 - dl.acm.org	Aigner 1988 p3
Single quantum querying of a database	BM Terhal, JA Smolin - Physical Review A, 1998 - APS	Aigner 1988 p3
Clustering with non-adaptive subset queries	H Black, E Lee, A Mazumdar… - Advances in Neural …, 2024 - proceedings.neurips.cc	Aigner 1988 p3
[HTML][HTML] Reconstruction and verification of chordal graphs with a distance oracle	G Rong, W Li, Y Yang, J Wang - Theoretical Computer Science, 2021 - Elsevier	Aigner 1988 p3
Coin-weighing problems	RK Guy, RJ Nowakowski - The American mathematical monthly, 1995 - Taylor & Francis	Aigner 1988 p3
Bounds and algorithms for alphabetic codes and binary search trees	R Bruno, R De Prisco, A De Santis… - IEEE Transactions on …, 2024 - ieeexplore.ieee.org	Aigner 1988 p3
Learning partitions using rank queries	D Chakrabarty, H Liao - arXiv preprint arXiv:2409.13092, 2024 - arxiv.org	Aigner 1988 p3
[HTML][HTML] Nonadaptive algorithms for threshold group testing	HB Chen, HL Fu - Discrete Applied Mathematics, 2009 - Elsevier	Aigner 1988 p3
[BOOK][B] Communication theory	CM Goldie, RGE Pinch - 1991 - books.google.com	Aigner 1988 p3
Asymptotic efficiency of two-stage disjunctive testing	T Berger, VI Levenshtein - IEEE Transactions on Information …, 2002 - ieeexplore.ieee.org	Aigner 1988 p3
[HTML][HTML] Identification of a monotone boolean function with k “reasons” as a combinatorial search problem	D Gerbner, A Imolay, GOH Katona, DT Nagy… - Discrete Applied …, 2026 - Elsevier	Aigner 1988 p4
Optimal binary search trees	SV Nagaraj - Theoretical Computer Science, 1997 - Elsevier	Aigner 1988 p4
Generalized framework for selectors with applications in optimal group testing	A De Bonis, L Gąsieniec, U Vaccaro - International Colloquium on …, 2003 - Springer	Aigner 1988 p4
On the tree search problem with non-uniform costs	F Cicalese, B Keszegh, B Lidický, D Pálvölgyi… - Theoretical Computer …, 2016 - Elsevier	Aigner 1988 p4
Searching with lies	M Aigner - journal of combinatorial theory, Series A, 1996 - Elsevier	Aigner 1988 p4
Learning partitions with optimal query and round complexities	H Black, A Mazumdar, B Saha - arXiv preprint arXiv:2505.05009, 2025 - arxiv.org	Aigner 1988 p4
Old and new results on alphabetic codes	R Bruno, R De Prisco, U Vaccaro - … Related Fields: Festschrift in Memory of …, 2025 - Springer	Aigner 1988 p4
An empirical analysis of terminological representation systems	J Heinsohn, D Kudenko, B Nebel, HJ Profitlich - Artificial Intelligence, 1994 - Elsevier	Aigner 1988 p4
Enclosing k points in the smallest axis parallel rectangle	M Segal, K Kedem - Information Processing Letters, 1998 - Elsevier	Aigner 1988 p4
Optimally reconstructing weighted graphs using queries	H Mazzawi - Proceedings of the Twenty-First Annual ACM-SIAM …, 2010 - SIAM	Aigner 1988 p4
[HTML][HTML] Exact learning from an honest teacher that answers membership queries	NH Bshouty - Theoretical Computer Science, 2018 - Elsevier	Aigner 1988 p5
Solution of Ulam's searching game with three lies or an optimal adaptive strategy for binary three-error-correcting codes	C Deppe - Discrete Mathematics, 2000 - Elsevier	Aigner 1988 p5
[BOOK][B] Mathematical modeling and optimization: an essay for the design of computer-based modeling tools	T Hürlimann - 2013 - books.google.com	Aigner 1988 p5
On competitive group testing	DZ Du, H Park - SIAM Journal on Computing, 1994 - SIAM	Aigner 1988 p5
Coding with feedback and searching with lies	C Deppe - Entropy, Search, Complexity, 2007 - Springer	Aigner 1988 p5
Optimal Binary Variable-Length Codes with a Bounded Number of 1's Per Codeword: Design, Analysis, and Applications	R Bruno, R De Prisco, U Vaccaro - 2025 IEEE International …, 2025 - ieeexplore.ieee.org	Aigner 1988 p5
[HTML][HTML] Variants of the majority problem	M Aigner - Discrete Applied Mathematics, 2004 - Elsevier	Aigner 1988 p5
Improved algorithms for group testing with inhibitors	A De Bonis, U Vaccaro - Information Processing Letters, 1998 - Elsevier	Aigner 1988 p5
[BOOK][B] Gems of theoretical computer science	U Schöning, RJ Pruim - 2012 - books.google.com	Aigner 1988 p5
Modifications of competitive group testing	DZ Du, GL Xue, SZ Sun, SW Cheng - SIAM Journal on Computing, 1994 - SIAM	Aigner 1988 p6
Efficient computation of rank probabilities in posets	K De Loof - 2009 - biblio.ugent.be	Aigner 1988 p6
Optimal query bounds for reconstructing a Hamiltonian cycle in complete graphs	V Grebinski, G Kucherov - … of the Fifth Israeli Symposium on …, 1997 - ieeexplore.ieee.org	Aigner 1988 p6
Partial fraction decomposition in C (z) and simultaneous Newton iteration for factorization in C [z]	P Kirrinnis - journal of complexity, 1998 - Elsevier	Aigner 1988 p6
Disjoint spread systems and fault location	CJ Colbourn, B Fan, D Horsley - SIAM Journal on Discrete Mathematics, 2016 - SIAM	Aigner 1988 p6
Reconstructing weighted graphs with minimal query complexity	NH Bshouty, H Mazzawi - International Conference on Algorithmic …, 2009 - Springer	Aigner 1988 p6
Improved results for competitive group testing	J Schlaghoff, E Triesch - Combinatorics, Probability and Computing, 2005 - cambridge.org	Aigner 1988 p6
Learning a hidden graph	H Chang, HL Fu, CH Shih - Optimization Letters, 2014 - Springer	Aigner 1988 p6
Learning a Hidden Graph Using O(log n) Queries Per Edge	D Angluin, J Chen - International Conference on Computational Learning …, 2004 - Springer	Aigner 1988 p6
A group testing problem for hypergraphs of bounded rank	E Triesch - Discrete Applied Mathematics, 1996 - Elsevier	Aigner 1988 p6
On binary search trees	R De Prisco, A De Santis - Information Processing Letters, 1993 - Elsevier	Aigner 1988 p7
Active clustering for labeling training data	Q Lutz, E De Panafieu, M Stein… - Advances in Neural …, 2021 - proceedings.neurips.cc	Aigner 1988 p7
Nonadaptive and Trivial Two-Stage Group Testing with Error-Correcting de-Disjunct Inclusion Matrices	AG D'yachkov, AJ Macula, PA Vilenkin - Entropy, search, complexity, 2007 - Springer	Aigner 1988 p7
Searching for a subset of counterfeit coins: Randomization vs determinism and adaptiveness vs non‐adaptiveness	G De Marco, DR Kowalski - Random Structures & Algorithms, 2013 - Wiley Online Library	Aigner 1988 p7
Two new perspectives on multi-stage group testing	P Damaschke, AS Muhammad, E Triesch - Algorithmica, 2013 - Springer	Aigner 1988 p7
Toward a deterministic polynomial time algorithm with optimal additive query complexity	NH Bshouty, H Mazzawi - Theoretical Computer Science, 2012 - Elsevier	Aigner 1988 p7; Aigner 1988 p14
Exact learning from membership queries: Some techniques, results and new directions	NH Bshouty - International Conference on Algorithmic Learning …, 2013 - Springer	Aigner 1988 p7
Least adaptive optimal search with unreliable tests	F Cicalese, D Mundici, U Vaccaro - Theoretical Computer Science, 2002 - Elsevier	Aigner 1988 p7; Aigner 1988 p10
Economical graph discovery	N Alon, Y Emek, M Feldman… - Operations …, 2014 - pubsonline.informs.org	Aigner 1988 p7
[HTML][HTML] A bridge between the minimal doubly resolving set problem in (folded) hypercubes and the coin weighing problem	C Lu, Q Ye - Discrete Applied Mathematics, 2022 - Elsevier	Aigner 1988 p8
[PDF][PDF] Quantum algorithms and quantum entanglement	B Terhal - 1999 - eprints.illc.uva.nl	Aigner 1988 p8
Protocol completion incentive problems in cryptographic Vickrey auctions	PG Bradford, S Park, MH Rothkopf, H Park - Electronic Commerce …, 2008 - Springer	Aigner 1988 p8
Finding One Excellent Element in Case of One Lie: A. Gupta et al.	A Gupta, GOH Katona - Journal of Statistical Theory and Practice, 2026 - Springer	Aigner 1988 p8
[HTML][HTML] A group testing problem for graphs with several defective edges	P Johann - Discrete applied mathematics, 2002 - Elsevier	Aigner 1988 p8
Searching for counterfeit coins	M Aigner, A Li - Graphs and Combinatorics, 1997 - Springer	Aigner 1988 p8
Reconstruction of hidden graphs and threshold group testing	H Chang, HB Chen, HL Fu, CH Shi - Journal of combinatorial optimization, 2011 - Springer	Aigner 1988 p8
Rota-Metropolis cubic logic and Ulam-Rényi games	F Cicalese, D Mundici, U Vaccaro - … and computer science: a tribute to …, 2001 - Springer	Aigner 1988 p8
On the power of additive combinatorial search model	V Grebinski - International Computing and Combinatorics …, 1998 - Springer	Aigner 1988 p8
On the coin weighing problem with the presence of noise	NH Bshouty - International Workshop on Approximation Algorithms …, 2012 - Springer	Aigner 1988 p8
On the structure of graphs with a unique k‐factor	P Johann - Journal of Graph Theory, 2000 - Wiley Online Library	Aigner 1988 p9
[HTML][HTML] Rounds in a combinatorial search problem	D Gerbner, M Vizer - Discrete Applied Mathematics, 2020 - Elsevier	Aigner 1988 p9
The plurality problem with three colors and more	M Aigner, G De Marco, M Montangero - Theoretical Computer Science, 2005 - Elsevier	Aigner 1988 p9
Finding the maximum and minimum	M Aigner - Discrete Applied Mathematics, 1997 - Elsevier	Aigner 1988 p9
New lower bounds on the cost of binary search trees	R De Prisco, A De Santis - Theoretical computer science, 1996 - Elsevier	Aigner 1988 p9
Optimal detection of a counterfeit coin with multi-arms balances	A De Bonis, L Gargano, U Vaccaro - Discrete applied mathematics, 1995 - Elsevier	Aigner 1988 p9; Gargano 1992 p1
Towards power-sensitive communication on a multiple-access channel	G De Marco, DR Kowalski - 2010 IEEE 30th International …, 2010 - ieeexplore.ieee.org	Aigner 1988 p9
Group testing with unreliable tests	A De Bonis, L Gargano, U Vaccaro - Information sciences, 1997 - Elsevier	Aigner 1988 p9; Gargano 1992 p1
A predetermined algorithm for detecting a counterfeit coin with a multi-arms balance	A De Bonis - Discrete applied mathematics, 1998 - Elsevier	Aigner 1988 p9; Gargano 1992 p1
[HTML][HTML] On searching strategies, parallel questions, and delayed answers	F Cicalese, L Gargano, U Vaccaro - Discrete applied mathematics, 2004 - Elsevier	Aigner 1988 p10
Complexity of learning matchings and half graphs via edge queries	NS Mande, S Sanyal, V Zamaraev - arXiv preprint arXiv:2507.03151, 2025 - arxiv.org	Aigner 1988 p10
Group testing	F Cicalese - … Tolerant Search Algorithms: Reliable Computation with …, 2013 - Springer	Aigner 1988 p10
A novel fast fractal image compression based on reinforcement learning	B Varghese, S Krishnakumar - International Journal of …, 2019 - inderscienceonline.com	Aigner 1988 p10
On polychotomous search problems	K Hinderer, M Stieglitz - European journal of operational research, 1994 - Elsevier	Aigner 1988 p10
A Unified Vista and Juxtaposed Study on k-ary Search Algorithms	A Dutta, S Ray, PK Kumar… - 2024 2nd …, 2024 - ieeexplore.ieee.org	Aigner 1988 p10
Computing majority with triple queries	G De Marco, E Kranakis, G Wiener - Theoretical Computer Science, 2012 - Elsevier	Aigner 1988 p10
Binary search with delayed and missing answers	F Cicalese, U Vaccaro - Information processing letters, 2003 - Elsevier	Aigner 1988 p10
Effective search problems	M Kummer, F Stephan - Mathematical Logic Quarterly, 1994 - Wiley Online Library	Aigner 1988 p10
[BOOK][B] Sequential and parallel processing in depth search machines	A Kapralski - 1994 - books.google.com	Aigner 1988 p11
Optimal query complexity for reconstructing hypergraphs	NH Bshouty, H Mazzawi - arXiv preprint arXiv:1001.0405, 2010 - arxiv.org	Aigner 1988 p11
Statistical two-round search for one excellent element	JS Kim - arXiv preprint arXiv:2605.15612, 2026 - arxiv.org	Aigner 1988 p11
[HTML][HTML] Counting linear extension majority cycles in partially ordered sets on up to 13 elements	K De Loof, B De Baets, H De Meyer - Computers & mathematics with …, 2010 - Elsevier	Aigner 1988 p11
Coping with delays and time-outs in binary search procedures	F Cicalese, U Vaccaro - International Symposium on Algorithms and …, 2000 - Springer	Aigner 1988 p11
On the recognition complexity of some graph properties	E Triesch - Combinatorica, 1996 - Springer	Aigner 1988 p11
Polynomial-time quantum algorithms for finding the linear structures of Boolean function	WQ Wu, HG Zhang, HZ Wang, SW Mao - Quantum Information Processing, 2015 - Springer	Aigner 1988 p11
Searching dynamically bundled goods with pairwise relations	YC Chang, CS Li, JR Smith - Proceedings of the 4th ACM conference on …, 2003 - dl.acm.org	Aigner 1988 p11
Optimal and myopic search in a binary random vector	A Dor, E Greenshtein, E Korach - Journal of applied probability, 1998 - cambridge.org	Aigner 1988 p11
The complexity of adaptive error-correcting codes	D Mundici - International Workshop on Computer Science Logic, 1990 - Springer	Aigner 1988 p11
Coins with arbitrary weights	N Alon, DN Kozlov - Journal of Algorithms, 1997 - Elsevier	Aigner 1988 p12
[HTML][HTML] Optimal detection of two counterfeit coins with two-arms balance	L Wen-An, N Zan-Kan - Discrete applied mathematics, 2004 - Elsevier	Aigner 1988 p12
Realizing Graphs with Cut Constraints	LO Silva, VG Chagas, SP de Paula… - arXiv preprint arXiv …, 2025 - arxiv.org	Aigner 1988 p12; Aigner 1988 p14
Finding at least one excellent element in two rounds	GOH Katona - Journal of Statistical Planning and Inference, 2011 - Elsevier	Aigner 1988 p12
Fault-tolerance and Rota-Metropolis cubic logic	D Mundici - Paraconsistency, 2002 - taylorfrancis.com	Aigner 1988 p12
Linear extension majority cycles for small (n⩽ 9) partial orders	WV Gehrlein, PC Fishburn - Computers & Mathematics with Applications, 1990 - Elsevier	Aigner 1988 p12
[BOOK][B] Branch and bound methods for sequentially choosing some among several competing projects	K Gursoy - 1997 - search.proquest.com	Aigner 1988 p12
Two colors and more	M Aigner - Entropy, Search, Complexity, 2007 - Springer	Aigner 1988 p12
Search when the lie depends on the target	GOH Katona, K Tichler - … Theory, Combinatorics, and Search Theory: In …, 2013 - Springer	Aigner 1988 p12
Searching for majority with k-tuple queries	G De Marco, E Kranakis - Discrete Mathematics, Algorithms and …, 2015 - World Scientific	Aigner 1988 p13
A combinatorial model of two-sided search	H Aydinian, F Cicalese, C Deppe… - International Journal of …, 2018 - World Scientific	Aigner 1988 p13
Rounds in combinatorial search	G Wiener - Algorithmica, 2013 - Springer	Aigner 1988 p13; Aigner 1988 p18
[HTML][HTML] A competitive algorithm in searching for many edges in a hypergraph	T Chen, FK Hwang - Discrete applied mathematics, 2007 - Elsevier	Aigner 1988 p13
Some results on elusive graph properties	E Triesch - SIAM Journal on Computing, 1994 - SIAM	Aigner 1988 p13
Problem models for rule based planning	A Lindsay - 2015 - stax.strath.ac.uk	Aigner 1988 p13
Minimax trees in linear time with applications	P Gawrychowski, T Gagie - International Workshop on Combinatorial …, 2009 - Springer	Aigner 1988 p13
[PDF][PDF] Minimal interaction search: Multi-way search with item categories	S Bhamidipati, B Kveton… - Proceedings of AAAI …, 2013 - cdn.aaai.org	Aigner 1988 p13
Searching for acyclic orientations of graphs	M Aigner, E Triesch, Z Tuza - Discrete mathematics, 1995 - Elsevier	Aigner 1988 p13
From Search to Coding (and Back): Two Sides of the Same Coin	R Bruno - 2026 - tesidottorato.depositolegale.it	Aigner 1988 p14
An application of design space for assembly process reasoning to utilize current assembly plant resources for new product family members	Z Siddique, L Wilmes - Journal of Intelligent Manufacturing, 2007 - Springer	Aigner 1988 p14
Optimal Hypergraph Connectivity with CUT Queries	H Liao - 2025 - search.proquest.com	Aigner 1988 p14
The plurality problem with three colors	M Aigner, G De Marco, M Montangero - Annual Symposium on Theoretical …, 2004 - Springer	Aigner 1988 p14
Systematic acquisition of generic 3D building model knowledge	R Englert - Semantic Modeling for the Acquisition of Topographic …, 1997 - books.google.com	Aigner 1988 p14
[HTML][HTML] Searching for a counterfeit coin with two unreliable weighings	WA Liu, QM Zhang, ZK Nie - Discrete applied mathematics, 2005 - Elsevier	Aigner 1988 p14; Gargano 1992 p2
[HTML][HTML] On optimal randomized group testing with one defective item and a constrained number of positive responses	Y Cheng, Y Yang, DZ Du - Discrete Optimization, 2021 - Elsevier	Aigner 1988 p14
[HTML][HTML] Searching for two counterfeit coins with two-arms balance	WA Liu, WG Zhang, ZK Nie - Discrete applied mathematics, 2005 - Elsevier	Aigner 1988 p14; Gargano 1992 p2
Efficient relational joins with arithmetic constraints on multiple attributes	C Liu, L Yang, I Foster - 9th International Database Engineering …, 2005 - ieeexplore.ieee.org	Aigner 1988 p15
[PDF][PDF] Unsolved problems	EBYR GUY - Amer. Math. Monthly, 1981 - renyi.hu	Aigner 1988 p15
Finding an unknown acyclic orientation of a given graph	O Pikhurko - Combinatorics, Probability and Computing, 2010 - cambridge.org	Aigner 1988 p15
Group-testing on hypergraphs with variable-cost tests: A power systems case study	LA Clarfeld, MJ Eppstein - arXiv preprint arXiv:1909.04513, 2019 - arxiv.org	Aigner 1988 p15
Cooperation in combinatorial search: D. Gerbner et al.	D Gerbner, B Keszegh, K Nagy, B Patkós, G Wiener - Optimization Letters, 2025 - Springer	Aigner 1988 p15
[PDF][PDF] Optimal strategies for a model of combinatorial two-sided search	H Aydinian, F Cicalese, C Deppe… - Proccedings of the …, 2013 - moi.math.bas.bg	Aigner 1988 p15
[CITATION][C] Reconstructing a Hamiltonian circuit by querying the graph: Application to DNA physical mapping	V Grebinski, G Kucherov - INRIA-Lorraine and CRIN/CNRS, Campus …, 1996 - Citeseer	Aigner 1988 p15
Enhanced search method for ontology classification	JM Kim, SH Kwon, YT Park - 2008 IEEE International Workshop …, 2008 - ieeexplore.ieee.org	Aigner 1988 p15
On the complexity of partial order properties	S Felsner, R Kant, CP Rangan, D Wagner - Order, 2000 - Springer	Aigner 1988 p15
Linear extension majority cycles on partial orders	WV Gehrlein, PC Fishburn - Annals of Operations Research, 1990 - Springer	Aigner 1988 p15
Geometric applications of posets	M Segal, K Kedem - Computational Geometry, 1998 - Elsevier	Aigner 1988 p16; Aigner 1988 p17
The rivest–vuillemin conjecture on monotone boolean functions is true for ten variables	SX Gao, W Wu, DZ Du, XD Hu - journal of complexity, 1999 - Elsevier	Aigner 1988 p16
[BOOK][B] Dynamic length-restricted coding	T Gagie - 2003 - utoronto.scholaris.ca	Aigner 1988 p16
Binary trees with choosable edge lengths	J Maßberg, D Rautenbach - Information processing letters, 2009 - Elsevier	Aigner 1988 p16
Upper and lower bounds for competitive group testing	R Scheidweiler, E Triesch - Discrete Applied Mathematics, 2023 - Elsevier	Aigner 1988 p16
[PDF][PDF] Covering point sets and accompanying problems	M Segal - 1999 - researchgate.net	Aigner 1988 p16
[PDF][PDF] Computer-based mathematical modeling	T Hürlimann - Habilitation Script, accepted by the Faculty of Economic …, 1997 - matmod.ch	Aigner 1988 p16
[HTML][HTML] A revised algorithm for searching for all defective edges in a graph	T Chen - Discrete applied mathematics, 2011 - Elsevier	Aigner 1988 p16
k +  Decision Trees:	J Aspnes, E Blais, M Demirbas, R O'Donnell… - … on Algorithms and …, 2010 - Springer	Aigner 1988 p16
[PDF][PDF] Frequency estimates for linear extension majority cycles on partial orders	WV Gehrlein - RAIRO-Operations Research-Recherche …, 1991 - numdam.org	Aigner 1988 p16
A note on the Hu–Hwang–Wang conjecture for group testing	MG Leu - The ANZIAM Journal, 2008 - cambridge.org	Aigner 1988 p17
[PDF][PDF] Searching for an unknown edge in the graph and its tight complexity bounds	A Cheraghi - Indian Journal of Science and Technology, 2016 - academia.edu	Aigner 1988 p17
Improving reconstruction of man-made objects from sensor images by machine learning	R Englert, AB Cremers - … Photogrammetric Techniques with …, 1997 - spiedigitallibrary.org	Aigner 1988 p17
Quantum state detection via elimination	JM Ettinger, P Hoyer - arXiv preprint quant-ph/9905099, 1999 - arxiv.org	Aigner 1988 p17
On a combinatorial search problem.	EV Debrev - Discrete Mathematics & Applications, 2002 - search.ebscohost.com	Aigner 1988 p17
Facility location and clock tree synthesis	JU Maßberg - 2010 - bonndoc.ulb.uni-bonn.de	Aigner 1988 p17
On a search problem in graph theory	E Triesch - Optimization: Proceedings of the Fifth French-German …, 2006 - Springer	Aigner 1988 p17
Cycle-free cuts of mutual rank probability relations	K De Loof, B De Baets, H De Meyer - Kybernetika, 2014 - dml.cz	Aigner 1988 p17
Learning a hidden uniform hypergraph	H Chang, HL Fu, CH Shih - Optimization Letters, 2018 - Springer	Aigner 1988 p17
Variations on a Theme of Ulam and Rényi: More Types of Questions and Lies	F Cicalese - … Tolerant Search Algorithms: Reliable Computation with …, 2013 - Springer	Aigner 1988 p18
[HTML][HTML] Searching for an edge in a graph with restricted test sets	T Gerzen - Discrete mathematics, 2009 - Elsevier	Aigner 1988 p18
[PDF][PDF] Advanced mathematics from an elementary standpoint	JC Mosquera - The Mathematics Educator, 1992 - ojs01.galib.uga.edu	Aigner 1988 p18
More efficient algorithms for searching for several edges in a hypergraph	T Chen - Indian Journal of Pure and Applied Mathematics, 2026 - Springer	Aigner 1988 p18
[HTML][HTML] Learning boolean halfspaces with small weights from membership queries	H Abasi, AZ Abdi, NH Bshouty - Theoretical Computer Science, 2016 - Elsevier	Aigner 1988 p18
Orders and graphs	U Faigle, R Schrader - Computational Graph Theory, 1990 - Springer	Aigner 1988 p18
[HTML][HTML] Minimum number of queries for an adaptive liar search game with small sets	K Meng, C Lin, Y Yang - Discrete Optimization, 2013 - Elsevier	Aigner 1988 p18
Learning Spanning Forests Optimally using CUT Queries in Weighted Undirected Graphs	H Liao, D Chakrabarty - arXiv preprint arXiv:2306.10182, 2023 - arxiv.org	Aigner 1988 p18
Improved adaptive group testing algorithms with applications to multiple access channels and dead sensor diagnosis	MT Goodrich, DS Hirschberg - Journal of Combinatorial Optimization, 2008 - Springer	Gargano 1992 p1
Signature codes for noisy multiple access adder channel	V Gritsenko, G Kabatiansky, V Lebedev… - Designs, Codes and …, 2017 - Springer	Gargano 1992 p1
Combinatorial group testing in presence of deletions	V Gandikota, N Polyanskii, H Yang - arXiv preprint arXiv:2310.09613, 2023 - arxiv.org	Gargano 1992 p1
On codes for multiple access adder channel with noise and feedback	V Gritsenko, G Kabatiansky, V Lebedev… - … Workshop on Coding …, 2015 - inria.hal.science	Gargano 1992 p2
Optimal search procedure on coin-weighing problem	WA Liu, QM Zhang, ZK Nie - Journal of statistical planning and inference, 2006 - Elsevier	Gargano 1992 p2
[CITATION][C] An overview of the Italian National Project on\\Algorithms, Computation Models, and Information Structures	G Ausiello, F d'Amore - Citeseer	Gargano 1992 p3
[HTML][HTML] optimal Detection of a Counterfeit Coin with Multi-arms Balances	L Gargano - Discrete Applied Mathematics, 1995 - academia.edu	Gargano 1992 p3
[CITATION][C] “糖果厂” 模型的最优化搜索方法	李炜， 毛经中 - 运筹与管理, 1999	Gargano 1992 p3
[CITATION][C] Combinatorial Search Problems in Computational Biology	A De Bonis - 1999	Gargano 1992 p3
[CITATION][C] Combinatorial Techniques in Search Theory and Data Security	A De Bonis - 2000	Gargano 1992 p3
